Sample_ID	Age_BP	Location	Haplogroup
NE30	9896	Nepal, Kathmandu	D4m
NE61	3421	Nepal, Kathmandu	D4b1a2a
NE35	8990	Nepal, Kathmandu	R11
I17622	3050	Southwest, Dukat	n/a (<2x)
I13833	325	Barç (Southeast, Korça Basin)	X2e1
I3931	7858	Aknashen	I1
I3930	7535	Masis Blur	K
I13559	750	South Andros, Sanctuary Blue Hole	B2e
I24542	4725	Mayahak Cab Pek	C1c
I19493	2750	Kapitan Andreevo (South)	K1a4a1
I19479	2025	Kazanlak, Yasenovo, Stara Zagora	n/a (<2x)
I13487	1329	Matanzas City, Canimar Abajo	D1
I16326	2625	NW Bohemia, Louny, Stradonice	H7
I8122	1150	El Soco	A2z
I14200	4328	England, Wiltshire, Amesbury Down	K1b1a
I2446	4215	England, Oxfordshire, Yarnton	K1b1a1
I19043	2200	England, Hampshire, Winnall Down	J1c1
I30333	5748	England, Gloucestershire, Cheltenham, Hazleton North	n/a (<2x cov)
I3587	4175	Bavaria, Alburg-Lerchenhaid, Spedition Häring, Stkr. Straubing	H1e1a
I13433	3200	Kastrouli (Desfina, Phokis, near Delphi)	U3b1
I13531	3200	Kastrouli (Desfina, Phokis, near Delphi)	U3b
I13580	3169	Kastrouli (Desfina, Phokis, near Delphi)	K2b
I7527	9900	Ganj Dareh	U7a
I6441	3300	Nemrik 9	HV1a'b'c
I6445	10700	Nemrik 9	J1d
I6441	3300	Nemrik 9	HV1a'b'c
I2189	3500	Megiddo, Jezreel Valley	U3b
I1072	12700	Raqefet Cave	N1b
I1072	12700	Raqefet Cave	n/a (<2x)
I1072	12700	Raqefet Cave	N1b
I1415	9827	'Ain Ghazal	T1a2
I1701	9600	'Ain Ghazal	K1a18
I1707	9569	'Ain Ghazal	R0a
I1709	10050	'Ain Ghazal	n/a (<2x)
I1710	9565	'Ain Ghazal	T1a2
I1704	9159	'Ain Ghazal	T
I1727	10050	'Ain Ghazal	T1a2
I1415	9827	'Ain Ghazal	T1a2
I1701	9600	'Ain Ghazal	K
I1709	10050	'Ain Ghazal	n/a (<2x)
I1679	8800	'Ain Ghazal	n/a (<2x)
I1699	8700	'Ain Ghazal	R0a2
I1708	8700	'Ain Ghazal	R0a2
I1679	8800	'Ain Ghazal	R
I4427	6009	Fingira	L0d1b2b
I4427	6009	Fingira	L0d1b2b
I13778	3234	Velika Gruda	H1+16311
I0231	4844	Samara Oblast, Volga River Valley, Southern Steppe, Ekaterinovka	U4a1
I1525	1695	Uelen Chukotka, Bering Strait	A2a
I0726	7950	Menteşe (Northwest Anatolia, Marmara, Yenişehir)	H
I1099	8300	Barcın (Northwest Anatolia, Marmara)	T2
I1100	8300	Barcın (Northwest Anatolia, Marmara)	K
I1102	8300	Barcın (Northwest Anatolia, Marmara)	K1a3a
I1103	8300	Barcın (Northwest Anatolia, Marmara)	K1b1b1
I0725	7950	Menteşe (Northwest Anatolia, Marmara, Yenişehir)	N1a1a
I14445	10700	Boncuklu Tarla (Southeast, Mardin, Dargeçit, Ilısu) 	n/a (<2x)
I8435	10700	Boncuklu Tarla (Southeast, Mardin, Dargeçit, Ilısu)	n/a (<2x)
I1926	5649	Verteba Cave	H5a
I5870	7363	Volniensky, Vilnianka	U4b1b1
I3719	6831	Kirovograd Oblast, Dereivka village	H1
I3716	7347	Volniensky, Vilnianka	U5b2
I5872	7374	Volniensky, Vilnianka	U5a2+16294
Darra.I.Kur	4466	Darra-i-Kur Cave	H2a
I14688	2450	Çinamak (Norteastern, Kukes District)	T2b
I14690	3000	Çinamak (Norteastern, Kukes District)	T1a4
I14692	2900	Çinamak (Norteastern, Kukes District)	H1a
I16251	2500	Çinamak (Norteastern, Kukes District)	H1u2
I16254	2450	Çinamak (Norteastern, Kukes District)	T2b23
I16256	2500	Çinamak (Norteastern, Kukes District) 	H+152
I17640	2450	Norteastern, Kukes District, Çinamak	n/a (<2x)
I17623	1050	Southwest, Dukat	n/a (<2x)
I14691	3500	Çinamak (Norteastern, Kukes District)	n/a (<2x)
I14689	4505	Çinamak (Norteastern, Kukes District)	H102
I15705	8096	Podgorie (Southeast, Korça Basin)	N1a1a1
I16253	2426	Çinamak (Norteastern, Kukes District)	H+152
I13835	246	Barç (Southeast, Korça Basin) 	U3b1
I13838	6200	Tren cave (Southeast , Devoll area)	HV4
I13840	6102	Tren Cave (Southeast , Devoll area) 	J1c
I8471	3745	Shkrel	H1h1
I13839	1014	Shtikë (Southeastern, Kolonja Plateau) 	U4c1
I14622	1121	Kënetë (Norteastern, Kukes District)	H11a
I14685	400	Bardhoc (Norteastern, Kukes District)	H7c1
I15706	320	Pazhok (Central)	H5'36
I14686	400	Bardhoc (Northeastern, Kukes District)	U5a1a2a
I14687	400	Bardhoc (Norteastern, Kukes District)	T1a1l
I15707	399	Bardhoc (Northeastern, Kukes District), 	J1c+16261
Altai	110450	Denisova Cave, Altai	Neanderthal
Altai	110450	Denisova Cave, Altai	Neanderthal
Aconcagua	500	Cerro Aconcagua, Mendoza Province	C1bi 
I7090	7162	Arroyo Seco II	C1c
I1748	7162	Arroyo Seco II	C1c
I7088	7428	Arroyo Seco II	A2
I0308	7428	Arroyo Seco II	A2+(64)
I0309	7652	Arroyo Seco II	D1
I2230	8574	Arroyo Seco II	C1b
I2232	8373	Arroyo Seco II	C1b
I7086	7758	Arroyo Seco II	D1g
I12941	160	Beagle Channel, Tierra del Fuego, Almanza	C1b
I12942	60	Beagle Channel, Tierra del Fuego, Acatushún	C1b
I12943	180	Beagle Channel, Tierra del Fuego, Almanza	C1b
Yaghan890	100	Beagle Channel, Tierra del Fuego	D4h3a 
Yaghan894	100	Beagle Channel, Tierra del Fuego	D4h3a 
Yaghan895	100	Beagle Channel, Tierra del Fuego	C1b 
I12355	1490	Beagle Channel, Tierra del Fuego, Río Pipo	C1b
I8351	1630	Pampas, Laguna Chica	D1g+16189
I8348	6875	Pampas, Laguna Chica	R
I8349	6715	Pampas, Laguna Chica	C1b
I8350	7700	Pampas, Laguna Chica	A2
I12376	2333	Southwest of Buenos Aires, Laguna Toro	A2+(64)
I12356	280	Tierra del Fuego, Mitre Peninusula, Caleta Falsa	D1
I12357	330	Tierra del Fuego, Mitre Peninusula, Caleta Falsa	D1g+16189
I12358	440	Tierra del Fuego, Mitre Peninusula, Caleta Falsa	C
I12359	590	Tierra del Fuego, Mitre Peninusula, Caleta Falsa	C1b
I12360	400	Tierra del Fuego, Mitre Peninusula, Caleta Falsa	D1g+16189
I12361	420	Tierra del Fuego, Mitre Peninusula, Río Policarpo	D1g+16189
MA572	100	Tierra del Fuego, Strait of Magellan	D4h3a 
MA575	100	Tierra del Fuego, Strait of Magellan	C1b 
MA577	100	Tierra del Fuego, Strait of Magellan	D1g5 
I12362	5820	Tierra del Fuego (North), La Arcillosa 2	C
I12354	450	Tierra del Fuego (North), Río Grande	D1g+16189
I12363	380	Tierra del Fuego (North), Puesto Pescador	D1g+16189
I12364	770	Tierra del Fuego (North), Margen Sur	D4h3a
I12366	100	Tierra del Fuego (North), Pozo Tierra del Fuego 1	D1g+16189
I12367	700	Tierra del Fuego (North), Margen Sur	C1c8
I12365	740	Tierra del Fuego (North), Margen Sur	C1c8
I16119	2286	Karmir Blur, necropolis of Teishebaini	U3b2c
I1407	5875	Areni 1	H
I1409	6047	Areni 1	U4a
I1631	6099	Areni 1	K1a8
I1632	6076	Areni 1	K
I1634	6156	Areni 1	H2a1
ARM002	5163	South Caucasus mountains, Kaps	K3
I1630	750	Agarak	U3b1
I1659	655	Agarak	R6b
I1660	750	Agarak	T
I1633	4465	Kalavan	H1u
I1635	4476	Kalavan	X2f
I1658	5162	Talin	U3a2a
ARM001	5417	South Caucasus mountains, Kaps	R1a1
ARM002	5163	South Caucasus mountains, Kaps	K3
I13599	4337	Karnut Archaeological Complex 	U1a1a
I14339	4409	Berkaber, Dzhoghaz Cemetery Meydanner	H
I14341	4400	Berkaber, Dzhoghaz Cemetery Meydanner	T2h
I14343	4325	Berkaber, Dzhoghaz Cemetery Meydanner	U3b1a1
I14346	4450	Shengavit cemetery	U1a1
I15132	4479	Berkaber, Dzhoghaz Cemetery Meydanner	U3b2
I16706	4723	Karnut Archaeological Complex 	H8a1
I16920	4400	Berkaber, Dzhoghaz Cemetery Meydanner	T2a1b2b
I14340	4340	Berkaber, Dzhoghaz Cemetery Meydanner	N1b1a
I17499	4950	Karnut Archaeological Complex 	T2h
I1657	5123	Talin cemetery	U3a2a
I14812	4700	Karnut Archaeological Complex 	U7b
I16116	3050	Bover Cemetery	H14a
I16117	2586	Bover Cemetery	U3c
I16191	2608	Pijut Archaeological Complex	U7a
I16193	2625	Pijut Archaeological Complex	T2
I16195	2625	Pijut Archaeological Complex	N1b1a
I17180	2566	Pijut Archaeological Complex	U4d3
I17181	2599	Pijut Archaeological Complex	T2b
I16553	2800	Bragdzor cemetery 	K1a4c
I16546	2800	Bragdzor cemetery 	K1a4c
I16194	2625	Pijut Archaeological Complex	K3
I16219	2590	Pijut Archaeological Complex	T2b
I16547	2800	Bragdzor cemetery 	n/a (<2x)
I19322	2600	Noratus	X2
I13947	2612	Lori Berd cemetery	T2e
I14054	2723	Bardzryal Archaeological Complex 	N1b1a
I14057	2599	Bardzryal Archaeological Complex 	HV1
I16536	2776	Bragdzor cemetery 	H2a
I16707	2823	Karnut Archaeological Complex 	R1a1a
I17184	2614	Keti	U1a1a1
I3938	3001	Karmir Blur, necropolis of Teishebaini	H28
I3944	2934	Karmir Blur, necropolis of Teishebaini	H7c5
I17308	2256	Keti	X2d1
I19327	2225	Noratus	K1a19
I1636	1956	Aghitu	W3a1
I1639	1872	Aghitu	T2h
I1637	1956	Aghitu	H13a1a2
I13948	3128	Lori Berd cemetery	U4a2c
I15732	3318	Nerkin Getashen	K1a1
I15733	3320	Nerkin Getashen	J1c
I15734	3325	Nerkin Getashen	T1a2
I15749	3150	Nerkin Getashen	U8b1a2b
I16217	3074	Karashamb Cemetery	K1a
I16220	3216	Karashamb Cemetery	U3b3
I16537	2977	Pidjut, Znganek monument	J2b1
I16554	3083	Tekhut Cemetery	K1a12a
I17182	2941	Keti	N1b1a
I18479	3150	Noratus	HV1a1a
I19329	3217	Noratus	T1a1
I19331	3125	Karashamb Cemetery	H13a2b
I19332	3125	Karashamb Cemetery	H2
I19333	3125	Karashamb Cemetery	T2c1a
I19334	3125	Karashamb Cemetery	I6
I19335	3285	Karashamb Cemetery	K1a23
I19336	3285	Karashamb Cemetery	K1a12a
I19337	3025	Karashamb Cemetery	W3a1a1
I19338	3066	Karashamb Cemetery	I1
I19339	3125	Karashamb Cemetery	U3b2a1
I19341	3285	Karashamb Cemetery	X2f
I19342	3125	Karashamb Cemetery	R1a1a
I19343	3025	Karashamb Cemetery	W6
I19344	3285	Karashamb Cemetery	H4
I19345	3125	Karashamb Cemetery	J1d6
I19346	3125	Karashamb Cemetery	K1a
I19347	3125	Karashamb Cemetery	J1b1b1
I19348	3285	Karashamb Cemetery	T1a
I19349	3025	Karashamb Cemetery	U2e1h
I19350	3125	Karashamb Cemetery	T2i1
I19351	3285	Karashamb Cemetery	I1c1a
I19352	3285	Karashamb Cemetery	U5b2a1a+16311
I19353	2986	Karashamb Cemetery	N1b1a2
I19354	3052	Karashamb Cemetery	HV
I20439	2911	Sarukhan	X2e2a2
I20440	3135	Sarukhan	W6b
I20441	2793	Sarukhan	U2+152
I20443	2896	Sarukhan	H2a
I14051	2690	Bardzryal Archaeological Complex 	T2c1a
I14052	2690	Bardzryal Archaeological Complex 	U5a1d
I14053	2690	Bardzryal Archaeological Complex 	H
I14055	2690	Bardzryal Archaeological Complex 	K1a12a
I14056	2690	Bardzryal Archaeological Complex 	H2a1
I14066	2875	Bagheri Tchala Archaeological Complex	H
I14588	2875	Bagheri Tchala Archaeological Complex	U5b2a1a1
I14601	2875	Bagheri Tchala Archaeological Complex	W5
I14602	2875	Bagheri Tchala Archaeological Complex	J1c2e
I14603	2877	Bagheri Tchala Archaeological Complex	H29
I14605	2875	Bagheri Tchala Archaeological Complex	K1a12a
I14606	2875	Bagheri Tchala Archaeological Complex	X4
I14618	2986	Bagheri Tchala Archaeological Complex	H8a1
I14620	2915	Bagheri Tchala Archaeological Complex	T1a1
I15729	3150	Nerkin Getashen	W3a1
I15748	3285	Nerkin Getashen	U5a2+16362
I15750	3285	Nerkin Getashen	W3b
I16196	3125	Lori Berd Cemetery	K1a4b
I18162	3125	Black Fortress	U8b1a1
I18163	3125	Black Fortress	J1b1b1
I18165	3125	Black Fortress	X2
I18166	3285	Lchashen cemetery	X2
I18167	3285	Lchashen cemetery	H13a1a2
I18168	3285	Lchashen cemetery	H2a
I18248	3125	Black Fortress	X2+225+@153
I18467	3285	Noratus	U8b1a2+16311
I18468	3050	Noratus	HV18
I18469	2865	Noratus	W6
I18470	3050	Noratus	N1a1a+152
I18472	3285	Noratus	K1a1b1e
I18478	2750	Noratus	J2b1e1
I18481	3050	Noratus	I1c1a
I18486	3285	Noratus	T2a3
I18487	3390	Noratus	R0a3
I19321	3050	Noratus	H15a1b
I19323	3390	Noratus	HV1a'b'c
I19324	2865	Noratus	HV1a1a
I19325	3285	Noratus	W4
I19326	3150	Noratus	C1
I19328	2809	Noratus	N1a1a+152
I14065	2875	Bagheri Tchala Archaeological Complex	I2
I16376	2690	Bover Cemetery	W+194
I14619	2875	Bagheri Tchala Archaeological Complex	I2
I14621	2875	Bagheri Tchala Archaeological Complex	H8a1
I18483	3150	Noratus	N1b1a3
I15730	3285	Nerkin Getashen	K1a12a
I18164	3125	Black Fortress	J2b1f
I18247	3125	Black Fortress	K1a4b
I15663	3125	Lori Berd Cemetery	n/a (<2x)
I16216	2875	Bagheri Tchala Archaeological Complex	H2
I14617	2915	Bagheri Tchala Archaeological Complex	H29
I15731	3285	Nerkin Getashen	X2
DA31	3200	Caucasus	HV0a
DA35	3259	Caucasus	J1b1a1+146
RISE396	3009	Kapan	H6b
RISE397	2908	Kapan	T1a2
RISE407	2935	Norabak	H8a
RISE408	3050	Norabak	I5c
RISE412	3018	Noratus	U4c1a
I18267	3285	Lchashen cemetery	H3+152
I18269	3285	Lchashen cemetery	H13a2c1
I18270	3285	Lchashen cemetery	H20
I18271	3285	Lchashen cemetery	W1+119
I18272	3285	Lchashen cemetery	N1b1a3
I18274	3150	Lchashen cemetery	H4a1a1a
I18275	3285	Lchashen cemetery	T2h
I18276	3285	Lchashen cemetery	N1b1a3
I18277	3285	Lchashen cemetery	H13a1a2
I18278	3285	Lchashen cemetery	T2h
I18279	3285	Lchashen cemetery	J1b1b1
I18280	3285	Lchashen cemetery	U2e2a1
I18273	3285	Lchashen cemetery	H+152
I18159	2565	Harjis cemetery	H5
I18160	2565	Harjis cemetery	H13a2b4
I18161	2565	Harjis cemetery	U3b3
I18236	2565	Harjis cemetery	T1
I18237	2565	Harjis cemetery	H2a
I18238	2565	Harjis cemetery	N1a1b1
I20436	3024	Sarukhan	N1b1a5
I20444	2622	Sarukhan	T2a1b2b
I20438	2023	Sarukhan	C5c+16234
I20437	2022	Sarukhan	T1a9
I20442	1669	Sarukhan	N1b1a
I14813	3945	Tavshut	HV1a1
I1656	3397	Katnaghbiur 1	T1a2
I17183	3270	Keti	K1a4c
I19340	3285	Karashamb Cemetery	U1a1a1a
I16120	3390	Dzori Gekh Archaeological complex	T2g1a
RISE413	3764	Nerquin Getashen	T2c1f
RISE416	3477	Nerquin Getashen	K1a17a
RISE423	3251	Nerquin Getashen	T2a
I10252	1850	Vardbakh, Yerevan 2 Cave	U7b
I13949	2594	Lori Berd cemetery	T1
I11853	2800	Karmir Blur, necropolis of Teishebaini	T2c1d+152
I11855	2806	Karmir Blur, necropolis of Teishebaini	I
I13031	2765	Karmir Blur, necropolis of Teishebaini	U1a1a1
I13032	2789	Karmir Blur, necropolis of Teishebaini	J1b
I16118	2595	Karmir Blur, necropolis of Teishebaini	K1a4f1
I3892	2749	Karmir Blur, necropolis of Teishebaini	K1
I3945	2595	Karmir Blur, necropolis of Teishebaini	H14a2c
I3890	2700	Karmir Blur, necropolis of Teishebaini	J1b
I13035	2554	Karmir Blur, necropolis of Teishebaini	H8b
I5068	7088	Kleinhadersdorf Flur Marchleiten	T2b23
I5069	6961	Kleinhadersdorf Flur Marchleiten	N1a1a1
I11699	2300	Lower Austria, St. Pölten, Pottenbrunn	H11a2
I11701	2300	Lower Austria, St. Pölten, Pottenbrunn	T2b
I11708	2300	Lower Austria, St. Pölten, Pottenbrunn	U7b
I2483	30850	Krems-Wachtberg	U5
I2484	30850	Krems-Wachtberg	U5
I2484	30850	Krems-Wachtberg	U5
I1577	30950	Krems-Wachtberg	U5
I6913	7366	Brunn Wolfholz	U5a1
I5208	7150	Asparn Schletz	K1b1+(16093)
I6912	7088	Brunn Wolfholz	J1
I5205	7150	Asparn Schletz	H
I5206	7150	Asparn Schletz	T2b
I5207	7150	Asparn Schletz	H67
TA6	0	..	B4b 
ALX002	5660	Jalilabad district, Uchtepe village, Alkhantepe	K1a12a1a
MTT001	7638	Zeyem Chaj , Mentesh Tepe 	U7
POT002	7378	Jalilabad district, Uchtepe village, Polutepe	H13a2b
I13320	850	Abaco	B2e
I14875	1073	Abaco, Bill Johnson's Cave, Lubber's Quarters	B2
I14922	1003	Abaco, Hopetown	B2e
I14923	603	Abaco, Moore's Island, Prophet's Cave	B2e
I13318	750	Crooked Island	C1b
I13319	750	Crooked Island	C1b
I13321	750	Eleuthera Island	C1b2
I13736	750	Eleuthera, Garden Cave	C1d1
I14878	795	North Eleuthera, Preacher's Cave	B2
I14920	938	Eleuthera, Garden Cave	C1b
I14921	679	Eleuthera, Garden Cave	C1b
PCV001	875	Eleuthera, Bahamian Island, Preacher's Cave	C1d
PCV003	883	Eleuthera, Bahamian Island, Preacher's Cave	B2
PCV004	875	Eleuthera, Bahamian Island, Preacher's Cave	C1d1
I14878	795	North Eleuthera, Preacher's Cave	B2
I14876	624	North Eleuthera, Blue Hole	B2
I13322	1017	Long Island	C1d1
I13737	752	Long Island, Clarence Town, Rolling Heads Site	B2e
I13738	611	Long Island, Clarence Town, Rolling Heads Site	C1b
I13739	614	Long Island, Clarence Town, Rolling Heads Site	B2e
I13558	599	South Andros, Sanctuary Blue Hole	C1b2
I14879	651	South Andros, Sanctuary Blue Hole	C1b
I14880	589	South Andros, Sanctuary Blue Hole	A2h
I14881	597	South Andros, Sanctuary Blue Hole	A2
I14882	635	South Andros, Sanctuary Blue Hole	A2
I14883	588	South Andros, Sanctuary Blue Hole	A2
I13560	663	South Andros, Stargate Blue 166	B2e
PC537	993	Eleuthera, Preacher's Cave	B2
B-04	2700	Comondu, Baja	C1b41a1
MX-01	2700	Iron Springs, Baja	B2a5
GoyetQ116-1	35208	Troisieme caverne of Goyet cave	M
GoyetQ376-19	27505	Troisieme caverne of Goyet cave	U2
GoyetQ53-1	28051	Troisieme caverne of Goyet cave	U2
GoyetQ56-16	26300	Troisieme caverne of Goyet cave	U2
GoyetQ-2	15077	Troisieme caverne of Goyet cave	U8a
GoyetQ-2	15077	Troisieme caverne of Goyet cave	U8a
I24541	11700	Mayahak Cab Pek	n/a (<2x)
I24540	5607	Mayahak Cab Pek	C
I7543	3860	Mayahak Cab Pek	C1c4
I8041	4079	Mayahak Cab Pek	A2+(64)+@16111
I19950	4673	Saki Tzul	D4h3a
I5455	4472	Mayahak Cab Pek	C5b
I6235	4523	Mayahak Cab Pek	A2+(64)+@16111
I6236	4482	Saki Tzul	C5b
I19167	4891	Mayahak Cab Pek	R
I19942	4943	Saki Tzul	C1c
I3442	4998	Mayahak Cab Pek	A2
I5454	5038	Mayahak Cab Pek	A2q
I7544	4757	Mayahak Cab Pek	C5b
I3442	4998	Mayahak Cab Pek	A2af1b
I19944	4868	Saki Tzul	n/a (<2x)
I13267	5483	Mayahak Cab Pek	C1c
I20428	7025	Mayahak Cab Pek	n/a (<2x)
I5456	7368	Saki Tzul	D1
I5457	7376	Saki Tzul	D1
I19170	8775	Mayahak Cab Pek	D4h3a5
I19169	8735	Mayahak Cab Pek	D4h3a5
I13268	9534	Mayahak Cab Pek	C1b
I3443	9301	Mayahak Cab Pek	D4h3a
PRBB-1	0	Bengali	M5a 
BIR-15	0	Birhor	R8a1a1a 
BIR-08	0	Birhor	M49d 
BIR-11	0	Birhor	M3;M3c_152 
BIR-12	0	Birhor	M49d 
BIR-13	0	Birhor	R7a1b1 
BIR-14	0	Birhor	M40a1a 
BIR-16	0	Birhor	R7a1b1 
BIR-18	0	Birhor	R8a1a1a 
BIR-22	0	Birhor	M49d
I0976	900	Tiwanaku, La Paz	B2
I0977	990	Tiwanaku, La Paz	C1c
I0978	865	Tiwanaku, La Paz	B2
I0979	1125	Tiwanaku, La Paz	B2
I19561	702	Klakar	H3af
NQO002	1055	Nqoma	n/a (<2x)
TAU001	1000	Taukome	L0d3b1
XAR001	1100	Xaro	L3e1a2
XAR002	1100	Xaro	L0k1a2 
Bot17	281	Rio Doce Valley	B4a1a1
Botocudo15	309	Rio Doce Valley	B4a1a1a
Enoque65	3516	Toca do Enoque Cave, Serra da Capivara, Piaui	A2e 
I9054	2183	Jabuticabeira Shell Midden II	n/a (<2x)
I9055	2073	Jabuticabeira Shell Midden II	n/a (<2x)
I9056	1339	Jabuticabeira Shell Midden II	n/a (<2x)
I9058	2524	Jabuticabeira Shell Midden II	C1c
I9057	2436	Jabuticabeira Shell Midden II	n/a (<2x)
Lapa05	9650	Lapa do Santo	A2
Lapa14	9510	Lapa do Santo	A2
Lapa15	9601	Lapa do Santo	A2
Lapa22	9650	Lapa do Santo	D4h3a
Lapa01	9862	Lapa do Santo	C1d1
Lapa24	9247	Lapa do Santo	B2
Lapa25	9573	Lapa do Santo	B2
LAR001	6560	Laranjal	A2
LAR002	6808	Laranjal	A2
MOS001	5809	Moraes	D4h3a
Sumidouro4	10107	Caverna do Sumidouro, Lagoa Santa, Brazil	D1
Sumidouro5	10372	Caverna do Sumidouro, Lagoa Santa, Brazil	D4h3a
Sumidouro6	10070	Caverna do Sumidouro, Lagoa Santa, Brazil	D1
Sumidouro7	10190	Caverna do Sumidouro, Lagoa Santa, Brazil	D1
Sumidouro8	9751	Caverna do Sumidouro, Lagoa Santa, Brazil	D4h3a
I0781	6404	Yunatsite	K1a+195
I0785	6353	Yunatsite	H7
I2423	6381	Smyadovo	H
I2424	6288	Smyadovo	U4a
I2425	6475	Sushina	T2c1d1
I2427	6326	Sushina	H1j
I2428	6400	Smyadovo (Northeast)	K1a+195
I2430	6448	Smyadovo	K1a+195
I2431	6624	Ivanovo	N1b1
I2509	6350	Veliko Tarnovo, Dzhulyunitsa	K1a2
I2519	6237	Veliko Tarnovo, Dzhulyunitsa	U5b2a1a+16311
I2526	7293	Samovodene	T2e
I2426	6302	Sushina	K1
I2181	6458	Smyadovo (Northeast)	HV
I2181	6458	Smyadovo (Northeast)	HV
I2426	6302	Sushina	K1
I19451	4450	Kazanlak, Tell Kran (Central, Yasenovo)	H87
I19452	4450	Kazanlak, Tell Kran (Central, Yasenovo)	K1c1
I19453	4450	Kazanlak, Tell Kran (Central, Yasenovo)	U5b2b1a
I19454	4450	Kazanlak, Tell Kran (Central, Yasenovo)	U8b1b
I19456	4450	Kazanlak, Tell Kran (Central, Yasenovo)	U2e1a1
I19459	4325	Tell Ezero (South Central)	T
I19460	4325	Tell Ezero (South Central)	U5a1+@16192
I19462	4450	Nova Zagora (South Central)	U7b
I2175	5097	Smyadovo	K1c1
I2180	4959	Smyadovo (Northeast)	T2b
I2520	5153	Veliko Tarnovo, Dzhulyunitsa	H
I2176	5146	Smyadovo (Northeast)	U1a1a
I12834	4950	Sabrano (Nova Zagora)	K1c2
I8429	4550	Merichleri, Kairyaka necropolis (Dimitrovgrad)	n/a (<2x)
I20182	4100	Kapitan Andreevo (South)	J1c+16261
I2510	4794	Veliko Tarnovo, Dzhulyunitsa	H4a1
I2165	4910	Merichleri, Kairyaka necropolis	T2
I19461	4325	Tell Ezero (South Central)	J2a1
I19458	4337	Tell Ezero (South Central)	W
I19457	4325	Tell Ezero (South Central)	T2d2
I2176	5146	Smyadovo (Northeast)	U1a1a
I18793	4096	Boyanovo	U5a1c
I18794	4200	Boyanovo	U5a2b
I18801	4775	Mogila, Mound 1 (Yambol Region)	H+152
I15844	2850	Stambolovo (Eastern Rhodopes)	H+16311
I19481	2550	Diamandovo (Kardzhali)	J1c
I19487	2750	Svilengrad ( Haskovo) 	H13b1+200
I19490	2750	Kapitan Andreevo (South)	H13a1a1
I19494	2750	Kapitan Andreevo (South)	H7c1
I19497	2750	Kapitan Andreevo (South)	U5a2b
I20180	2750	Kapitan Andreevo (South)	K1c1
I20181	2750	Kapitan Andreevo (South)	U8b1a1
I20183	2750	Kapitan Andreevo (South)	T2+16189
I20184	2750	Kapitan Andreevo (South)	H5
I20185	2750	Kapitan Andreevo (South)	H7c1
I20186	2750	Kapitan Andreevo (South)	U5a1a1
I15848	2850	Stambolovo (Eastern Rhodopes)	H1e1b1
I19495	2750	Kapitan Andreevo (South)	H55+153
I19488	2750	Svilengrad ( Haskovo) 	C4a1a+195
I5769	2592	Veliko Tarnovo, Dzhulyunitsa	H
I0679	7617	Krepost	H5
I18792	1550	Boyanovo	H14b
I19500	2200	Rozovo (Central, Stara Zagora, Kazanlak)	HV9
I19480	2325	Kazanlak, Yasenovo, Stara Zagora	n/a (<2x)
I1113	7550	Malak Preslavets	U5a1c
I1295	7550	Malak Preslavets	J1c2
I1296	7634	Malak Preslavets	U5a2d
I1297	7550	Malak Preslavets	H5b
I2215	7976	Malak Preslavets	T2b23
I1109	7550	Malak Preslavets	J2b1
I2216	7839	Malak Preslavets	J2b1
I3879	7550	Malak Preslavets	H
I2216	7839	Malak Preslavets	J2b1
I1108	7550	Malak Preslavets	T2e
I6354	7550	Malak Preslavets	H5
I0700	7550	Malak Preslavets	T2e
I1296	7634	Malak Preslavets	U5a2d
I2215	7976	Malak Preslavets	T2b23
I10548	825	Ryahovets ( Gorna Oryahovitsa, Veliko Tarnovo)	U5b1b
I17980	797	Ryahovets (Gorna Oryahovitsa, Veliko Tarnovo)	U2e2a1a
I2525	1014	Samovodene (Veliko Tarnovo)	U5a1b1c
I2163	3639	Merichleri, Kairyaka necropolis	U5a2d
I0704	7892	Dzhulyunitsa (Veliko Tarnovo)	T2b
I11134	7725	Dzhulyunitsa (Veliko Tarnovo)	X2b
I11135	7725	Dzhulyunitsa (Veliko Tarnovo)	J2a1a1
I11270	7725	Dzhulyunitsa (Veliko Tarnovo)	H
I1298	7883	Ohoden (Vratsa)	K1a
I2521	7503	Veliko Tarnovo, Dzhulyunitsa	H
I2529	7610	Yabalkovo, Dimitrovgrad, Haskovo	T1a
I2528	7641	Yabalkovo, Dimitrovgrad, Haskovo	n/a (<2x)
I17981	7725	Dzhulyunitsa (Veliko Tarnovo)	W6
I0706	7899	Veliko Tarnovo, Dzhulyunitsa	K1a4b
I0698	7900	Yabalkovo (Dimitrovgrad, Haskovo)	H
I0704	7892	Dzhulyunitsa (Veliko Tarnovo)	T2b
I1298	7883	Ohoden (Vratsa)	K1a
I2529	7610	Yabalkovo, Dimitrovgrad, Haskovo	T1a
ANI160	6533	Varna	H1ag
merge_ANI159_ANI181	6566	Varna	T2b2b
ANI163	6569	Varna	H7a1
ANI152	6462	Varna	U2
ANI153	6434	Varna	U4
Bur1	0	Siberia	D4p
Bur2	0	Siberia	C4a1c2 
I10871	7913	Shum Laka	L0a2a1
I10872	7820	Shum Laka	L0a2a1
I10873	3097	Shum Laka	L1c2a1b
I10874	3135	Shum Laka	L1c2a1b
I10871	7913	Shum Laka	L0a2a1
I10872	7820	Shum Laka	L0a2a1
I10873	3097	Shum Laka	L1c2a1b
I10874	3135	Shum Laka	L1c2a1b
I10872	7820	Shum Laka	L0a2a1
I10872	7820	Shum Laka	L0a2a1
I10871	7913	Shum Laka	L0a2a1
I10871	7913	Shum Laka	L0a2a1
I10873	3097	Shum Laka	L1c2a1b
XVII-B-939	6502	Lucy Islands, British Columbia, Chatham Sound	D4h3a7 
MARC1492	676	Old Mission Point, Restigouche River, Atholville, prehistory Tjigog, New Brunswick	A2+(64) 
CK-03	667	Lucier, Southwestern Ontario	X2a1c
LU-03	625	Lucier, Southwestern Ontario	C1d1a1
LU-05	625	Lucier, Southwestern Ontario	C
LU-06	625	Lucier, Southwestern Ontario	C1d1a1
LU-01	625	Lucier, Southwestern Ontario	C
LU-02	625	Lucier, Southwestern Ontario	A2i
CK-09	400	Lucier, Southwestern Ontario	A2i
CK-10	625	Lucier, Southwestern Ontario	n/a (<2x)
CK-13	4842	Lucier, Southwestern Ontario	C1b40
19651	5666	Northwest	A2
LateDorset-XIV-H_126	800	Truelove Lowland, North Devon Island	D4e
MARC481	1550	Newfoundland, Port aux Choix	D2a1
I10427	1755	Victoria Island	D2a1
MARC1491	1550	Newfoundland, Englee	D2a1
XIV_C_748	600	Southampton Island, Nunavut	D3a2a
gun002_Rodriguez	851	Tenerife	H1cf
gun005	992	Gran Canaria	H2a
gun008	1014	Gran Canaria	L3b1a
gun011	1137	Tenerife	T2c1d2
gun012	1324	Tenerife	U6b1a
I16435	5531	Channel Islands, Herm, The Common	n/a (<2x)
I16436	5814	Channel Islands, Herm, The Common	n/a (<2x)
I26628	2549	Channel Islands, Alderney, Longis Common	H61
I26630	2483	Channel Islands, Alderney, Longis Common	H61
I16430	2084	Channel Islands, Alderney, Longis Common	H61
I16505	2058	Channel Islands, Alderney, Longis Common	H61
I26629	1990	Channel Islands, Alderney, Longis Common	U5a1b1
I16425	4929	Channel Islands, Guernsey, Vale, Le Déhus	K1a4a1
I16429	4935	Channel Islands, Guernsey, Vale, Le Déhus	K1
I16438	4384	Channel Islands, Guernsey, Vale, Le Déhus	J1c8
I16437	6091	Channel Islands, Guernsey, Vale, Le Déhus	K1b1a1
I16444	6048	Channel Islands, Guernsey, Vale, Le Déhus	J1c1b1
I16427	6057	Channel Islands, Guernsey, Vale, Le Déhus	X2b+226
I2538	1101	Caleta Huelen 12	B2
I2539	990	Caleta Huelen 12	R
I2540	1000	Caleta Huelen 12	A2+(64)
Chinchorroi15	6242	Arica, Maderas, Enco C2	A2 
I1752	595	Conchalí, Santiago, RM	B2i2b
I1754	825	Conchalí, Santiago, RM	D4h3a1a2
I17497	603	Atacama Desert, Precordillera	C1b
I14009	750	Atacama Desert, Precordillera	B2
I11974	11885	Coquimbo, Los Vilos, Los Rieles	C1b
I11974	11885	Coquimbo, Los Vilos, Los Rieles	C1b
I1753	5095	Coquimbo, Los Vilos, Los Rieles	C1b
I8576	100	North of Tierra del Fuego, Faro Méndez	D1g+16189
I2537	645	Pica Ocho, Coast	A2
I8575	459	Southern Continent, Magallanes, Cerro Johnny	D1g+16189
AM72	100	Strait of Magellan	D4h3a 
AM74	100	Strait of Magellan	D4h3a 
AM66	100	Strait of Magellan	D4h3a 
AM71	100	Strait of Magellan	D4h3a 
AM73	100	Strait of Magellan	D1g
IPK13	1211	Yekchal, Patagonia	D4h3a5
IPK12	858	Strait of Magellan, Punta Santa María	C1b
IPY08	1000	Beagle Channel, Hoste Island	D1g+16189
IPY10	775	Beagle Channel, Puerto Williams	C1b
NE45	9241	Amur River Basin	G1a1a
NE44	9232	Amur River Basin	D4c1
NE1	12650	Amur River Basin	D4g
NE34	14521	Amur River Basin	D4h3
NE5	14174	Amur River Basin	D4h3a+@152
NE56	19427	Amur River Basin	G2
NE3	10628	Amur River Basin	M8
NE4	10557	Amur River Basin	M8
NE8	11263	Amur River Basin	D4o
NE36	10673	Amur River Basin	D4h4
NE16	8564	Amur River Basin	D4o
NE19	7039	Amur River Basin	F1b1+@152
NE2	6321	Amur River Basin	D4m
NE22	6838	Amur River Basin	D4m
NE29	6877	Amur River Basin	D4c1
NE39	8196	Amur River Basin	D4m2
NE49	8368	Amur River Basin	D4o
NE58	7308	Amur River Basin	D4e5
NE9	6331	Amur River Basin	C4a1a+195
NE18	7062	Amur River Basin	D4h3
NE20	33592	Amur River Basin	B
WQM4	7361	Inner Mongolia, Zhalainuoer district, Wuqi farm site	C4a1a
ZLNR-2	7389	Inner Mongolia, Hulunbuir, Zhalainuoer, Zhalainuoer mining site 	C5
ZLNR-1	1786	Inner Mongolia, Hulunbuir, Zhalainuoer, Zhalainuoer mining site 	N9a9
MGS-M6	1800	Inner Mongolia, Hulunbuir, Mogushan Xianbei site 	C5a1
MGS-M7R	1800	Inner Mongolia, Hulunbuir, Mogushan Xianbei site 	C4a1a4a
MGS-M7L	1800	Inner Mongolia, Hulunbuir, Mogushan Xianbei site 	Z3a1
HMF32	5594	Inner Mongolia, Horqin, Xibet Town, Haminmangha site 	D4j
MZGM10-1	5250	Inner Mongolia, Qahar Youyi Qianqi, Uraharura, Miaozigou site 	A14
MZGM16	5250	Inner Mongolia, Qahar Youyi Qianqi, Uraharura, Miaozigou site 	C4a2a1
MZGM25-2	5250	Inner Mongolia, Qahar Youyi Qianqi, Uraharura, Miaozigou site 	D4b2
BS	9125	Shandong, Boshan Mountain	B4c1a
LD1	8190	Matsu, Liang Island	E
SM-M27	4050	Shanxi province, Shenmu, Shengedaliang site	G2a1
SM-M6	4589	Shanxi province, Shenmu, Shengedaliang site	D5a2a1b
SM-M7X	4050	Shanxi province, Shenmu, Shengedaliang site	M80'D
Tianyuan	39565	Tianyuan	B
DCZ-M17IV	1850	Qinghai province, Pingan county, Dacaozi site	D4b2b
DCZ-M21II	1763	Qinghai province, Pingan county, Dacaozi site	G2b1b
DCZ-M22IV	1850	Qinghai province, Pingan county, Dacaozi site	F1g
DCZ-M6	1850	Qinghai province, Pingan county, Dacaozi site	Z3
JCKM1-1	4296	Qinghai, Huzhu county, Jinchankou site	G3a2
LJM2	3900	Qinghai province, Minhe  County, Lajia village, Lajia site	F1g
LJM3	4479	Qinghai province, Minhe  County, Lajia village, Lajia site	G1c1
LJM4	3900	Qinghai province, Minhe  County, Lajia village, Lajia site	F1a1a
LJM5	3900	Qinghai province, Minhe  County, Lajia village, Lajia site	F1g
LJM14	3900	Qinghai province, Minhe  County, Lajia village, Lajia site	A18
LJM25	3900	Qinghai province, Minhe  County, Lajia village, Lajia site	B4c1b2c2
91KLH11	2650	Inner Mongolia, Chifeng, Hexigten, Longtoushan site	D4m1
91KLH18	2812	Inner Mongolia, Chifeng, Hexigten, Longtoushan site	D4j14
91KLM2	2650	Inner Mongolia, Chifeng, Hexigten, Longtoushan site	B4c1a2
EDM139	3750	Inner Mongolia, Chifeng, Erdaojingzi	A22
EDM176	3750	Inner Mongolia, Chifeng, Erdaojingzi	N9a1
EDM124	3544	Inner Mongolia, Chifeng, Erdaojingzi	B5b1a
BLSM27S	5250	Liaoning, Chaoyang city, Banla mountain	D5a3a1
BLSM45	5162	Liaoning, Chaoyang city, Banla mountain	D5a3a1
S95	5050	Shaanxi, Wuzhuangguoliang	A+152+16362
18R21265	5050	Shaanxi, Wuzhuangguoliang	F1g1
S91	5050	Shaanxi, Wuzhuangguoliang	M11a
S94	5050	Shaanxi, Wuzhuangguoliang	D5a3
S96	5050	Shaanxi, Wuzhuangguoliang	G2a1
S120_18R21267	5050	Shaanxi, Wuzhuangguoliang	R11a
18R21262	5050	Shaanxi, Wuzhuangguoliang	A7
AH117_18R21266	4785	Shaanxi, Wuzhuangguoliang	B4a2b1
S118	5050	Shaanxi, Wuzhuangguoliang	D4q
S123	5050	Shaanxi, Wuzhuangguoliang	B4a4
S97	5050	Shaanxi, Wuzhuangguoliang	B4a4
M15-1	2250	Northwest China, Xinjian, Shirenzigou	I1b
M15-2	2250	Northwest China, Xinjian, Shirenzigou	U4
M4	2227	Northwest China, Xinjian, Shirenzigou	U4'9
M820	2213	Northwest China, Xinjian, Shirenzigou	U5b2c
X3	2250	Northwest China, Xinjian, Shirenzigou	G3b
F004	2230	Northwest China, Xinjian, Shirenzigou	A17
M010	2292	Northwest China, Xinjian, Shirenzigou	D4j1b
M012	2224	Northwest China, Xinjian, Shirenzigou	U5a2
M819	2250	Northwest China, Xinjian, Shirenzigou	H15b1
M8R1	2231	Northwest China, Xinjian, Shirenzigou	T1a1b
HJTM115	2225	Henan province, Luohe city, Shicaozhao village, Haojiatai site 	F4a2
JXNTM2	3250	Henan province, Jiazuo city, Jiaozuoniecun site	A5b1b
JXNTM23	3332	Henan province, Jiazuo city, Jiaozuoniecun site	C4a1a2
LGM41	2100	Henan province, Jiazuo city, Jiaozuoniecun site	M8a2b
LGM79	2250	Henan province, Jiazuo city, Jiaozuoniecun site	B4d1'2'3
HJTM107	3993	Henan province, Luohe city, Shicaozhao village, Haojiatai site 	D4
HJTM109	3908	Henan province, Luohe city, Shicaozhao village, Haojiatai site 	D4e1a
PLTM310	4088	Henan province, Huaiyang, Pingliangtai site	D4b1a
PLTM311	4049	Henan province, Huaiyang, Pingliangtai site	D4b1a
PLTM313	3934	Henan province, Huaiyang, Pingliangtai site	F2h
WD-WT1H16	4536	Henan province, Yuzhou city, Wadian site 	N9a2
WD-WT5M2	3900	Henan province, Yuzhou city, Wadian site 	D5a2a
PLTM312	3977	Henan province, Huaiyang, Pingliangtai site	D4b1a
WGM35	5950	Henan province, Yingyang county, Wanggou village, Wanggou site 	F1
WGM70	5250	Henan province, Yingyang county, Wanggou village, Wanggou site 	M8a2
WGM76S	5250	Henan province, Yingyang county, Wanggou village, Wanggou site 	C4a1a1
WGM94	5250	Henan province, Yingyang county, Wanggou village, Wanggou site 	B4d1
XW-M1R18	6927	Henan province, Lingbao city, Xiaowu village, Xiaowu site 	D4g2a1
KIN002	201	Kindoki	n/a (<2x)
KIN004	207	Kindoki	L0a1b1a1
KIN003	140	Kindoki	n/a (<2x)
MTN001	766	Matangai Turu Northwest	n/a (<2x)
NGO001	199	Ngongo mbata	n/a (<2x)
Ker1	1604	Crimea, Kerch, Pantikapaion, Mithridates hill	HV9a
I18712	3600	D. Ostrvica-Pasičine	H1u
I18748	3700	Bogomolje, 1981	X2k
I20502	5950	Dakovo - Franjevac, 2007	H5a+152
I10045	6050	Potočani	H13b1+200
I10046	6050	Potočani	N1a1a1a3
I10047	6050	Potočani	U2+152
I10048	6050	Potočani	U5b2c
I10049	6050	Potočani	U2+152
I10050	6050	Potočani	T2b
I10052	6095	Potočani	U5b1d1
I10053	6050	Potočani	H5b
I10054	6050	Potočani	H
I10056	6050	Potočani	K1a3a
I10057	6050	Potočani	H7
I10062	6050	Potočani	H+16311
I10063	6050	Potočani	H
I10064	6050	Potočani	J1
I10065	6050	Potočani	H42
I10069	6050	Potočani	T2
I10070	6050	Potočani	U2e1'2'3
I10071	6050	Potočani	H26
I10072	6050	Potočani	N1a1a
I10271	6050	Potočani	T2b
I10272	6023	Potočani	T2
I10273	6050	Potočani	N1a1a1a2
I10274	6050	Potočani	T1a1
I10291	6050	Potočani	T2b
I10293	6093	Potočani	H4a1
I10294	6050	Potočani	H
I10295	6050	Potočani	n/a (<2x)
I10297	6050	Potočani	X2b
I10299	6050	Potočani	K1a4a1
I10303	6050	Potočani	N1a1a
I10067	6050	Potočani	H4a1
I10058	6050	Potočani	K1b1b1
I10074	6050	Potočani	K1a3a
I10068	6050	Potočani	T1a2
I10061	6050	Potočani	H5
I10292	6050	Potočani	n/a (<2x)
I23904	2642	Smiljan	T2b
I23911	2765	Smiljan	T2a1a
I23995	2729	Smiljan	H3b
I23996	2744	Smiljan	H3b
I24638	2658	Smiljan	U5a1g
I24639	2658	Smiljan	H1
I24879	2599	Skradnik-Sultanov grob	H5
I24882	2599	Mala Metaljka	H
I24883	2750	Osor-St. Peter	HV0e
I5723	2374	Sv. Križ Brdovečki	HV1a'b'c
I5724	2232	Sv. Križ Brdovečki	U5b1d1a
I5725	2554	Sv. Križ Brdovečki	H+195
I5726	2407	Sv. Križ Brdovečki	T1a2a
I5727	2586	Sv. Križ Brdovečki	J1c2
I5728	2224	Sv. Križ Brdovečki	T1a5
I5729	2920	Sv Petar Ludbreski	V
I3313	2722	Jazinka Cave	HV0e
I5071	7582	Kargadur	H5a
I5072	7545	Kargadur	H7c
I3499	4718	Beli Manastir-Popova zemlja	T2e+152
I4175	4800	Vučedol Tell	U4a
I24345	2900	Velim-Kosa	HV0e
I26742	2650	Jazinka Cave	HV0e
I24344	2900	Velim-Kosa	H13a2a
I18831	2201	Velim-Kosa 	H7
I18830	2201	Velim-Kosa	H7
I19017	3750	Cetina Valley	H6a1a
I24342	3410	Velim-Kosa	T2b23
I26773	3325	Mušego/Mon Sego	J1c2
I26774	3325	Mušego/Mon Sego	J1c2
I26893	3325	Mušego/Mon Sego	U8b1b1
I4331	3519	Veliki Vanik	I1a1
I4332	3508	Veliki Vanik	W3a1
I5073	3573	Koprivno	J2a1a1
I5074	3385	Matkovici	X2m
I5080	3631	Zavojane-Ravca, Velika Gomila	K1a4
I11843	3750	Cetina Valley	T1a1
I18088	3750	Cetina Valley	H5
I18745	3750	Cetina Valley	HV0e
I18746	3750	Cetina Valley	N1a1a1
I18747	3750	Cetina Valley	U5a1a
I18752	3750	Cetina Valley	H13a2a
I19019	3750	Cetina Valley	H6a1a
I19025	3750	Cetina Valley	J1c1
I19026	3750	Cetina Valley	J1c1
I19027	3750	Cetina Valley	H
I19029	3750	Cetina Valley	J1c1
I19032	3750	Cetina Valley	J1c1
I19022	3750	Cetina Valley	H
I19016	3750	Cetina Valley	H6a1
I19031	3750	Cetina Valley	J1c1
I19020	3750	Cetina Valley	H6a1a
I19030	3750	Cetina Valley	J1c1
I15462	1216	Trogir	T1a1
I15741	1096	Trogir	H
I15743	1029	Trogir	H7d
I15744	1228	Trogir	X2e2b
I1879	396	Vinkovci, Jugobanka	V6
I15742	1232	Trogir	H3h6
I15463	1200	Trogir	X2e2b
I1875	9056	Vela Spila	U5b2b
I18071	3450	Bezdanjača Cave	J1c2
I18072	3450	Bezdanjača Cave	H5n
I18073	3450	Bezdanjača Cave	U5b1c1
I18074	3450	Bezdanjača Cave	H
I18075	3450	Bezdanjača Cave	T2c1a2
I18077	3450	Bezdanjača Cave	U5a1a1
I18078	3450	Bezdanjača Cave	H5r
I18079	3450	Bezdanjača Cave	H46
I18082	3450	Bezdanjača Cave	U5a1
I18086	3450	Bezdanjača Cave	T2c1d+152
I18087	3450	Bezdanjača Cave	K1a+195
I18413	3100	Bezdanjača Cave	H1+16278
I18414	3100	Bezdanjača Cave	U5a1g
I18415	3100	Bezdanjača Cave	H1aj1
I18416	3100	Bezdanjača Cave	H3
I18417	3100	Bezdanjača Cave	X2b+226
I18720	3100	Bezdanjača Cave	U8b1b1
I18721	3100	Bezdanjača Cave	T2b11
I18722	3100	Bezdanjača Cave	U5a
I18723	3100	Bezdanjača Cave	V1a1
I18724	3100	Bezdanjača Cave	HV0e
I18725	3100	Bezdanjača Cave	V10b1
I18727	3100	Bezdanjača Cave	T2c1d+152
I18729	3100	Bezdanjača Cave	T2b
I18730	3100	Bezdanjača Cave	U5b2b5
I18732	3100	Bezdanjača Cave	HV24
I18733	3100	Bezdanjača Cave	H1at
I18734	3100	Bezdanjača Cave	T2a1b1
I18737	3100	Bezdanjača Cave	U5b1c1a
I18738	3100	Bezdanjača Cave	H5a6
I18739	3100	Bezdanjača Cave	T2c1d+152
I18735	3100	Bezdanjača Cave	U5a1a1
I18728	3100	Bezdanjača Cave	T2c1d+152
I18719	3100	Bezdanjača Cave	HV0a1a
I18717	3100	Bezdanjača Cave	H5r
I18085	3450	Bezdanjača Cave	n/a (<2x)
I18718	3100	Bezdanjača Cave	n/a (<2x)
I18736	3100	Bezdanjača Cave	n/a (<2x)
I18827	6450	Gornja Vrba - Savsko polje 2017	n/a (<2x)
I26738	7125	Gornja Vrba-Savsko polje	T2b
I26741	6585	Osijek-Hermanov vinograd	T2b
I3498	7681	Beli Manastir-Popova zemlja	U8b1b1
I4168	6588	Beli Manastir-Popova zemlja	N1a1a
I5077	7001	Osijek, Hermanov Vinograd	U5a1c1
I5078	6571	Osijek, Hermanov Vinograd	H10+(16093)
I7399	7078	Vinkovci, Vinka	V1
I7398	6875	Vinkovci, Vinka	H84
I7538	6875	Vinkovci, Vinka	V1
I10055	7727	Potočani	K1a1
I3433	7800	Zemunica Cave	H1
I3947	7834	Zemunica Cave	K1b1+(16093)
I3948	7863	Zemunica Cave	N1a1a
I4167	6635	Beli Manastir-Popova zemlja	U5b2b
I5079	5421	Radovanci	J1c2
I2792	4676	Vučedol Tell	T2c1d1
CAO001	849	Matanzas City, Canimar Abajo	C1d1
CAO002008	1326	Matanzas City, Canimar Abajo	D1
CAO004	1214	Matanzas City, Canimar Abajo	C
CAO006	2000	Matanzas City, Canimar Abajo	D1
CAO010	2000	Matanzas City, Canimar Abajo	C1d1
CAO011	905	Matanzas City, Canimar Abajo	D1
CAO014	1542	Matanzas City, Canimar Abajo	D1
CAO015	3131	Matanzas City, Canimar Abajo	C1d1
CAO016	2000	Matanzas City, Canimar Abajo	A2+(64)
CAO020	3112	Matanzas City, Canimar Abajo	A2+(64)
CAO021	750	Matanzas City, Canimar Abajo	D1
CAO022026	1313	Matanzas City, Canimar Abajo	C
CAO023025	932	Matanzas City, Canimar Abajo	D1
CAO024	1319	Matanzas City, Canimar Abajo	D1
CAO027	1299	Matanzas City, Canimar Abajo	D1
CAO028	709	Matanzas City, Canimar Abajo	D1
CAO029	1323	Matanzas City, Canimar Abajo	C
CAO030	1300	Matanzas City, Canimar Abajo	A2
CAO031	1320	Matanzas City, Canimar Abajo	H2a2a1
I11169	1328	Matanzas City, Canimar Abajo	D1
I17588	1104	Matanzas City, Canimar Abajo	D1
CAO018	3150	Matanzas City, Canimar Abajo	n/a (<2x)
CAO004	1214	Matanzas City, Canimar Abajo	C1d1c1
CUC001	2000	Matanzas Province, Cardenas, Cueva Calero 	n/a (<2x)
CUC002	2000	Matanzas Province, Cardenas, Cueva Calero 	A2
CUC003	2000	Matanzas Province, Cardenas, Cueva Calero 	A2
CDE001	393	Camagüey, Sierra de Cubitas, Cueva de los Esqueletos 1	B2
CDE002	488	Camagüey, Sierra de Cubitas, Cueva de los Esqueletos 1	C
CDE003	515	Camagüey, Sierra de Cubitas, Cueva de los Esqueletos 1	C1d1
CDE004	517	Camagüey, Sierra de Cubitas, Cueva de los Esqueletos 1	C
CDE005	425	Camagüey, Sierra de Cubitas, Cueva de los Esqueletos 1	C1b2
CIP001	1455	Artemisa province, Cueva del Perico I 	C1d1
CIP002	1414	Artemisa province, Cueva del Perico I 	D1
CIP003	1950	Artemisa province, Cueva del Perico I 	D1
CIP007012	1345	Artemisa province, Cueva del Perico I 	D1
CIP008	1232	Artemisa province, Cueva del Perico I 	A2
CIP009	2734	Artemisa province, Cueva del Perico I 	D1
CIP010	1397	Artemisa province, Cueva del Perico I 	C1d1
CIP011	1257	Artemisa province, Cueva del Perico I 	D1
ELM001	530	Matanzas, El Morrillo	C1b2
GUY001	2150	Matanzas province, Ciénaga de Zapata, Guayabo Blanco	D1
GUY002	2510	Matanzas province, Ciénaga de Zapata, Guayabo Blanco	A2
GUY003	1657	Matanzas province, Ciénaga de Zapata, Guayabo Blanco	D1
CAA001003	1736	Matanzas, Las Carolinas II	D1
CAA002	1561	Matanzas, Las Carolinas II	C1d1
MTO001	1231	Matanzas province, Manuelito	C1d1
PDM001	1826	Granma province, Rio Cauto Basin, Playa del Mango	C1d1
PDM002	1900	Granma province, Rio Cauto Basin, Playa del Mango	C1d1
PDM003	1960	Granma province, Rio Cauto Basin, Playa del Mango	C1d1
PDM004	1824	Granma province, Rio Cauto Basin, Playa del Mango	C1d1
PDM006	1992	Granma province, Rio Cauto Basin, Playa del Mango	C1d1
PDM008	1783	Granma province, Rio Cauto Basin, Playa del Mango	D1
PDM009	1900	Granma province, Rio Cauto Basin, Playa del Mango	C1d1
PDM010	1877	Granma province, Rio Cauto Basin, Playa del Mango	A2
I10759	650	Savaan	A2+(64)
I11892	603	Savaan	C1c+195
I12967	660	Savaan	D1
I13472	602	Savaan	A2am
I10758	666	Santa Cruz	C1b
I4208	5400	Kissonerga-Mylouthkia	K1
I4207	9600	Kissonerga-Mylouthkia	n/a (<2x)
I4209	9600	Kissonerga-Mylouthkia	n/a (<2x)
I4210	9600	Kissonerga-Mylouthkia	n/a (<2x)
I7949	3022	Bilina	U5a1i1
HOP001	4240	Bohemia, Hostivice	J1c2r
HOP002	4177	Bohemia, Hostivice	U5b
HOP003	4250	Bohemia, Hostivice	J1c7
I4136	4250	Knezeves	U5b2c
I4145	4089	Knezeves	H3
I4885	4170	Prague 8, Kobylisy, Ke Stírce Street	U5a1i
I4886	4088	Prague 8, Kobylisy, Ke Stírce Street	H6a
I4888	4038	Prague 8, Kobylisy, Ke Stírce Street	K1a2c
I4889	4131	Prague 8, Kobylisy, Ke Stírce Street	U4a
I4890	4250	Prague 8, Kobylisy, Ke Stírce Street	H32
I4891	4131	Prague 8, Kobylisy, Ke Stírce Street	J2a1a2
I4895	4106	Prague 5, Jinonice, Butovická Street	H1+16189
I4896	4163	Prague 5, Jinonice, Butovická Street	U5a2+16294
I4945	4177	Prague 8, Kobylisy, Ke Stírce Street	H4a1c
I4946	4188	Prague 5, Jinonice, Butovická Street	I4a
I5514	4155	Prague 5, Jinonice, Butovická Street	T2b+152
I5666	4250	Lochenice	U4a2c
I6468	4150	Velké Přílepy	K2b1
I6476	4100	Lovosice	U5a1b1
I6480	4150	Velké Přílepy	U4a
I7205	4200	Radosevice	H10+(16093)
I7211	4183	Radosevice	U5b3
I7212	4247	Radosevice	K1b1a1+199
I7213	4231	Radosevice	HV+16311
I7214	4200	Radosevice	U8b1b1
I7249	4011	Brandýsek	I2
I7250	4200	Brandýsek	R1a1a
I7251	4200	Brandýsek	U2e1h
I7269	4200	Brandýsek	T2e
I7270	4200	Brandýsek	K1a2c
I7275	4200	Brandýsek	U5b2c
I7276	4200	Brandýsek	H5b
I7278	4333	Brandýsek	U4a
I7281	4194	Prague 5 - Malá Ohrada	H5a1g
I7282	4200	Radosevice	K1a3a3
I7286	4221	Radosevice	I4a
I7287	4200	Radosevice	K1a4a1
I7288	4200	Radosevice	H1m
I7290	4200	Radosevice	V3
KO1003	4160	Bohemia, Kolín II	HV
KO1004	4166	Bohemia, Kolín II	T2b11
KO1005	4331	Bohemia, Kolín II	H1
KOP002	4250	Bohemia, Kolín VI	U5a2b
KOP003	4342	Bohemia, Kolín VI	HV15
PRU002	4470	Bohemia	K1a3a
PRU003	4427	Bohemia	T2b
PRU005	4350	Bohemia	N1a1a1a2
TIS001	4326	Bohemia, Tišice	K1b1a1
VLI022	4265	Bohemia, Vliněves	U4b1b1
VLI024	4150	Bohemia, Vliněves	K1a1
VLI026	4150	Bohemia, Vliněves	X2b
VLI028	4150	Bohemia, Vliněves	J1c
VLI029	4150	Bohemia, Vliněves	W3a1c
VLI030	4150	Bohemia, Vliněves	U2e1b
I4887	4071	Prague 8, Kobylisy, Ke Stírce Street	K1a2c
I7271	4200	Brandýsek	U4a
I4136	4250	Knezeves	U5b2c
I4145	4089	Knezeves	H
I7210	4071	Radosevice	H6a1b4
I4947	4300	Prague 5, Jinonice, Butovická Street	H17a
I7283	4200	Radosevice	K1a3a3
PRU001	4331	Bohemia	HV9
HOP004	4222	Bohemia, Hostivice	HV
KOP001	4250	Bohemia, Kolín VI	U3a1
VLI025	4150	Bohemia, Vliněves	H5a2
PRU004	4264	Bohemia	H4a1a1a
TIS002	4470	Bohemia, Tišice	H5a1
I7289	4289	Radosevice	U8b1b1
I15823	5550	Central Bohemia, Prague 5, Prague-Jinonice (Holmanʼs Garden Centre)	K1a4a1
I15826	5505	Central Bohemia, Prague 5, Prague-Jinonice (Holmanʼs Garden Centre)	T2b
I17310	5397	NW Bohemia, Teplice, Bílina (Titzler)	J1c7
I14167	5850	Makotrasy	U5b3
I14169	5850	Makotrasy	N1a1a1a2
I14170	5850	Makotrasy	H+16129
I14171	5850	Makotrasy	H3
I14172	5850	Makotrasy	U3a1
I14173	5850	Makotrasy	K1a+195
I14174	5850	Makotrasy	H
I14175	5850	Makotrasy	J1c2
I14176	5550	Makotrasy	K1a4a1
I16121	5850	Makotrasy	T2c1d1
I16122	5850	Makotrasy	V
I6677	5550	Bilina	T2b
I7186	5713	Makotrasy	T2c1d1
I7187	6044	Makotrasy	T2c1d+152
I7188	5610	Makotrasy	N1a1a
I7189	5526	Makotrasy	W5
I7191	5657	Makotrasy	U5b3
I7192	5552	Makotrasy	J1c1
I7194	5527	Makotrasy	K1a3a
I7193	5621	Makotrasy	R1b1
I14168	5850	Makotrasy	U5b2b3a
BUT002	4350	Bohemia, Praha 5 - Nové Butovice	U5a1a1
BUT003	4335	Bohemia, Praha 5 - Nové Butovice	H3v
CAH005	4349	Bohemia, Čachovice	R1b1
CAH010	4275	Bohemia, Čachovice	T2a1b1a
DRO001	4697	Bohemia, Droužkovice	H2b
I13467	4289	Central Bohemia, Prague 5, Prague-Stodůlky (Malá Ohrada site)	H+16291
I6695	4575	Bilina	H2a3
I6696	4575	Velké Žernoseky	H2a1
I7207	4370	Radosevice	W3a1
I7208	4324	Radosevice	U5a1b
I7209	4269	Radosevice	J1c2
I7279	4200	Brandýsek	H7d
I7280	4200	Brandýsek	W5a
KO1002	4533	Bohemia, Kolín I	X2b4
KON001	4697	Bohemia, Konobrže	T2b
KON003	4650	Bohemia, Konobrže	L1'2'3'4'5'6
KON004	4398	Bohemia, Konobrže	U5b2a1a1
KON005	4680	Bohemia, Konobrže	U
OBR001	4545	Bohemia, Obříství	HV6
OBR004	4512	Bohemia, Obříství	K2a5
OHR002	4477	Bohemia, Praha 5 - Malá Ohrada	R1a1a
PNL001	4843	Bohemia, Plotiště nad Labem	U5a2a1
PNL002	4653	Bohemia, Plotiště nad Labem	H3b
RDV001	4592	Bohemia, Radovesice	W6a
STD001	4500	Bohemia, Stadice	W5a
STD002	4720	Bohemia, Stadice	I1a
TRM001	4650	Bohemia, Trmice	L1'2'3'4'5'6
TRM003	4620	Bohemia, Trmice	H1q
TRM006	4644	Bohemia, Trmice	R1b1
VLI007	4739	Bohemia, Vliněves	U5a2a1
VLI010	4483	Bohemia, Vliněves	H5a1
VLI011	4718	Bohemia, Vliněves	W3a1c
VLI016	4345	Bohemia, Vliněves	K1b1a1
VLI017	4336	Bohemia, Vliněves	X2b
VLI019	4500	Bohemia, Vliněves	H5c
VLI020	4446	Bohemia, Vliněves	I4a
VLI067	4718	Bohemia, Vliněves	T1a1
VLI070	4351	Bohemia, Vliněves	U2e1
VLI071	4715	Bohemia, Vliněves	H
VLI075	4650	Bohemia, Vliněves	L3'4
VLI076	4906	Bohemia, Vliněves	N1a1a1a2
VLI081	4650	Bohemia, Vliněves	L1'2'3'4'5'6
VLI085	4653	Bohemia, Vliněves	J1c2m
VLI088	4736	Bohemia, Vliněves	HV
VLI090	4768	Bohemia, Vliněves	J1b1a1
VLI092	4719	Bohemia, Vliněves	N1a1a1a2
ZEL001	4350	Bohemia, Zeleneč	N1'5
OBR002	4382	Bohemia, Obříství	HV6
I13467	4289	Central Bohemia, Prague 5, Prague-Stodůlky (Malá Ohrada site)	H
VLI015	4725	Bohemia, Vliněves	N2
STD003	4877	Bohemia, Stadice	K2a
VLI008	4759	Bohemia, Vliněves	H1b3
VLI009	4585	Bohemia, Vliněves	J1c4
VLI079	4623	Bohemia, Vliněves	W
I4137	1229	Brandysek	H1af
I5026	1200	Brandysek	H44a
I4884	3758	Prague 8, Kobylisy, Ke Stírce Street	H4a1a1a
I4892	3754	Prague 8, Kobylisy, Ke Stírce Street	T1a1
I7195	4250	Prague 5, Jinonice, Zahradnictví	H3v+16093
I7196	4250	Prague 5, Jinonice, Zahradnictví	K1a+195
I7198	4026	Prague 5, Jinonice, Zahradnictví	U5b2c
I7199	4039	Prague 5, Jinonice, Zahradnictví	J1c3a
I7200	4250	Prague 5, Jinonice, Zahradnictví	R1b1
I7201	4250	Prague 5, Jinonice, Zahradnictví	U5a1a2b
I7202	4250	Prague 5, Jinonice, Zahradnictví	U5a1a2b
I7203	4250	Prague 5, Jinonice, Zahradnictví	H1
I5037	4100	Moravská Nová Ves	K1a+150
I5042	4100	Moravská Nová Ves	I4a
I11158	4025	Central Bohemia, Prague 5, Prague-Jinonice (Holmanʼs Garden Centre)	U5b2c
I4139	4150	Velké Přílepy	T2b
I4139	4150	Velké Přílepy	T2b
BNL002	3995	Bohemia, Brandýs nad Labem	U5a1c1
BNL003	3995	Bohemia, Brandýs nad Labem	U5b2a2a
BNL004	3995	Bohemia, Brandýs nad Labem	T2b
BNL005	4084	Bohemia, Brandýs nad Labem	J1c
BNL006	4070	Bohemia, Brandýs nad Labem	K1c1
BNL008	3926	Bohemia, Brandýs nad Labem	J1c
BNL009	3975	Bohemia, Brandýs nad Labem	U5a1b
BNL010	3772	Bohemia, Brandýs nad Labem	K1b1a1
CHL001	3905	Bohemia, Chleby	U2e2a1
CHL002	4000	Bohemia, Chleby	H11a7
CHL003	3937	Bohemia, Chleby	U5a1g2
CHL005	4000	Bohemia, Chleby	U5a2d1a
CHL006	3897	Bohemia, Chleby	U5a1b
CHL007	4000	Bohemia, Chleby	U5a1a1
CHL008	3960	Bohemia, Chleby	K1b2a
I11159	4100	Central Bohemia, Prague 5, Prague-Jinonice (Holmanʼs Garden Centre)	U5a1a2a
I13468	3950	Central Bohemia, Prague 5, Prague-Stodůlky (Malá Ohrada site)	U5a1b1
I13469	3945	Central Bohemia, Prague 5, Prague-Stodůlky (Malá Ohrada site)	J1c15
I13470	3943	Central Bohemia, Prague 5, Prague-Stodůlky (Malá Ohrada site)	H
I13471	3950	Central Bohemia, Prague 5, Prague-Stodůlky (Malá Ohrada site)	V
I14185	3850	Central Bohemia, Prague 5, Prague-Jinonice (Holmanʼs Garden Centre)	K1c1
I14186	3850	Central Bohemia, Prague 5, Prague-Jinonice (Holmanʼs Garden Centre)	W3a1a
I14189	3850	Central Bohemia, Prague 5, Prague-Jinonice (Holmanʼs Garden Centre)	K1a4
I14191	3850	Central Bohemia, Prague 5, Prague-Jinonice (Holmanʼs Garden Centre)	R1b1
I14192	3850	Central Bohemia, Prague 5, Prague-Jinonice (Holmanʼs Garden Centre)	H1j2a
I14193	3850	Central Bohemia, Prague 5, Prague-Jinonice (Holmanʼs Garden Centre)	T2e
I14585	3850	Central Bohemia, Prague 5, Prague-Jinonice (Holmanʼs Garden Centre)	K1a1b2a
I15642	3950	Central Bohemia, Prague 5, Prague-Stodůlky (Malá Ohrada site)	HV0a
I15643	3950	Central Bohemia, Prague 5, Prague-Stodůlky (Malá Ohrada site)	U4d1
I15644	3950	Central Bohemia, Prague 5, Prague-Stodůlky (Malá Ohrada site)	H+152
I15824	3900	Central Bohemia, Prague 5, Prague-Jinonice (Holmanʼs Garden Centre)	J2b1a
I15825	3850	Central Bohemia, Prague 5, Prague-Jinonice (Holmanʼs Garden Centre)	J1c2
I16109	3950	Central Bohemia, Prague 5, Prague-Stodůlky (Malá Ohrada site)	K1a1b2b
I4130	4250	Moravská Nová Ves	K1b1a
I4141	4250	Moravská Nová Ves	U4c1a
I7958	3950	Central Bohemia, Prague 5, Prague-Stodůlky (Malá Ohrada site)	I4a
I7959	3950	Central Bohemia, Prague 5, Prague-Stodůlky (Malá Ohrada site)	K2b2
I7960	3950	Central Bohemia, Prague 5, Prague-Stodůlky (Malá Ohrada site)	U2e2a1a2
I7962	3950	Central Bohemia, Prague 5, Prague-Stodůlky (Malá Ohrada site)	T2e
I7963	3950	Central Bohemia, Prague 5, Prague-Stodůlky (Malá Ohrada site)	U2e2
I7964	3950	Central Bohemia, Prague 5, Prague-Stodůlky (Malá Ohrada site)	U5a2c
KNE001	4017	Bohemia, Kněževes	T2b23
KNE002	4043	Bohemia, Kněževes	T2a1b1a1
KNE003	3971	Bohemia, Kněževes	J1c
KNE006	4065	Bohemia, Kněževes	K2a11
KNE007	3977	Bohemia, Kněževes	T1a1
KO1006	3868	Bohemia, Kolín I	H17
KO1007	3737	Bohemia, Kolín I	R1b1
KO1008	3805	Bohemia, Kolín I	U2e2a1c
KO1009	3894	Bohemia, Kolín I	U5a1a1
KO1010	3906	Bohemia, Kolín I	H1b
KO1011	3993	Bohemia, Kolín I	W1c
KO1013	3914	Bohemia, Kolín I	H3d
KO1014	3915	Bohemia, Kolín I	HV
KO1015	3774	Bohemia, Kolín I	U5a1i1
KO7001	3985	Bohemia, Kolín VII	I4a
KO7002	4000	Bohemia, Kolín VII	H24
KO7003	4124	Bohemia, Kolín VII	U5a1b1
MIB001	3779	Bohemia, Mikulovice	T2b
MIB004	3769	Bohemia, Mikulovice	R1b1
MIB005	3767	Bohemia, Mikulovice	H2a1b
MIB006	3808	Bohemia, Mikulovice	U5a1b1
MIB007	3817	Bohemia, Mikulovice	U4c1a
MIB008	3911	Bohemia, Mikulovice	H
MIB009	3773	Bohemia, Mikulovice	H10e
MIB013	3762	Bohemia, Mikulovice	J1c3
MIB019	3812	Bohemia, Mikulovice	H1b
MIB020	3848	Bohemia, Mikulovice	U2e1b
MIB021	3839	Bohemia, Mikulovice	T1a1
MIB026	3793	Bohemia, Mikulovice	R0
MIB028	3855	Bohemia, Mikulovice	U5b2a2c
MIB031	3791	Bohemia, Mikulovice	HV16
MIB032	3791	Bohemia, Mikulovice	HV16
MIB034	3659	Bohemia, Mikulovice	H7b
MIB035	3795	Bohemia, Mikulovice	K1b1b1
MIB036	3837	Bohemia, Mikulovice	H6c
MIB037	3793	Bohemia, Mikulovice	K1b2b
MIB039	3768	Bohemia, Mikulovice	H27
MIB040	3829	Bohemia, Mikulovice	H10e
MIB042	3776	Bohemia, Mikulovice	T1a1
MIB045	3894	Bohemia, Mikulovice	V22
MIB046	3872	Bohemia, Mikulovice	T2b
MIB047	3879	Bohemia, Mikulovice	T1a1
MIB048	3825	Bohemia, Mikulovice	I4a
MIB049	3758	Bohemia, Mikulovice	H
MIB051	3792	Bohemia, Mikulovice	H1
MIB052	3777	Bohemia, Mikulovice	U2e1
MIB054	3835	Bohemia, Mikulovice	W1
MIB055	3773	Bohemia, Mikulovice	H76
MIB057	3843	Bohemia, Mikulovice	I4a
MIB058	3763	Bohemia, Mikulovice	H6a1a
MIB060	3865	Bohemia, Mikulovice	H1
MIB062	3864	Bohemia, Mikulovice	K1c1
MIB063	3813	Bohemia, Mikulovice	W1c
MIB067	3782	Bohemia, Mikulovice	H11b
MIB068	3757	Bohemia, Mikulovice	J1c3
MIB069	3931	Bohemia, Mikulovice	U5b2b4
MIB071	3790	Bohemia, Mikulovice	K1a1b2a
MIB072	3918	Bohemia, Mikulovice	U5b2b2
MIB075	3866	Bohemia, Mikulovice	U8b1b1
MIB077	3961	Bohemia, Mikulovice	R0
MIB079	3871	Bohemia, Mikulovice	H24
MIB082	3770	Bohemia, Mikulovice	I4a
MIB083	4176	Bohemia, Mikulovice	H4a1a1a
MIB084	4031	Bohemia, Mikulovice	rCRS (H2)
MIB087	3749	Bohemia, Mikulovice	J1c1b1a
MIG009	3932	Bohemia, Mikulovice	J1c1b1a1
MIG010	3992	Bohemia, Mikulovice	T2e
MIG011	3990	Bohemia, Mikulovice	R1b
MIS001	3908	Bohemia, Mikulovice	U5b1c1a
MIS002	3883	Bohemia, Mikulovice	T2c1d1
MIS004	3833	Bohemia, Mikulovice	H17
MIS006	4235	Bohemia, Mikulovice	L1'2'3'4'5'6
PDA002	4057	Bohemia, Praha-Ďáblice	U5a1b1
PMI001	4096	Bohemia, Praha-Miškovice	H6a2
PMI003	4005	Bohemia, Praha-Miškovice	N1a1a1a2
PMI004	4013	Bohemia, Praha-Miškovice	H2a2b
PMI006	4104	Bohemia, Praha-Miškovice	U5a1g1
PMI009	3849	Bohemia, Praha-Miškovice	T2b
PMI010	3902	Bohemia, Praha-Miškovice	H13a1a
PMI012	3657	Bohemia, Praha-Miškovice	J2b1a
ROU001	4000	Bohemia, Roudnice nad Labem	U5a1g2
ROU003	3995	Bohemia, Roudnice nad Labem	U5b1c2
ROU004	3995	Bohemia, Roudnice nad Labem	U5b1c2
ROU006	4000	Bohemia, Roudnice nad Labem	H24
ROU007	4000	Bohemia, Roudnice nad Labem	I4a
VLI039	4000	Bohemia, Vliněves	T2b
VLI042	3774	Bohemia, Vliněves	U5a1g2
VLI045	3943	Bohemia, Vliněves	J1c1b1a
VLI046	3809	Bohemia, Vliněves	H3
VLI047	3800	Bohemia, Vliněves	T2c1d1a
VLI050	3796	Bohemia, Vliněves	H7a1
VLI053	3550	Bohemia, Vliněves	K1b1a1
VLI058	4066	Bohemia, Vliněves	W1i
VLI060	3930	Bohemia, Vliněves	T1a1
VLI061	4000	Bohemia, Vliněves	V
VLI065	3936	Bohemia, Vliněves	H2b
MIB014	3789	Bohemia, Mikulovice	H10e
MIG008	3872	Bohemia, Mikulovice	T2
I11160	3850	Central Bohemia, Prague 5, Prague-Jinonice (Holmanʼs Garden Centre)	K1
I14188	3850	Central Bohemia, Prague 5, Prague-Jinonice (Holmanʼs Garden Centre)	K1a1b2a
I16110	3950	Central Bohemia, Prague 5, Prague-Stodůlky (Malá Ohrada site)	I4a
MIB015	3770	Bohemia, Mikulovice	K1b1b1
MIB018	3775	Bohemia, Mikulovice	K1b1b1
MIB030	3932	Bohemia, Mikulovice	K1b1b1
MIB010	3846	Bohemia, Mikulovice	K1b1b1
MIB043	3807	Bohemia, Mikulovice	I4a
MIB041	3773	Bohemia, Mikulovice	T1a1
MIB022	3866	Bohemia, Mikulovice	I4a
MIB061	3765	Bohemia, Mikulovice	H1
MIB073	3921	Bohemia, Mikulovice	U5b1b
MIB027	3941	Bohemia, Mikulovice	R1b1
MIG012	3800	Bohemia, Mikulovice	J1c1b1a
MIB002	3765	Bohemia, Mikulovice	U4b1b1
I4130	4250	Moravská Nová Ves	K1b1a
MIB012	3774	Bohemia, Mikulovice	J1c
MIB016	3738	Bohemia, Mikulovice	U5a1g
MIB056	3761	Bohemia, Mikulovice	I
MIB064	3853	Bohemia, Mikulovice	K1a1b2a
MIB066	3801	Bohemia, Mikulovice	H11b
BNL007	4070	Bohemia, Brandýs nad Labem	U3a1c
MIB076	3887	Bohemia, Mikulovice	N1
MIB086	3906	Bohemia, Mikulovice	K1f
PDA005	4164	Bohemia, Praha-Ďáblice	X2c1
ROU005	4000	Bohemia, Roudnice nad Labem	HV6
KNE004	4042	Bohemia, Kněževes	T2b23
MIB044	3840	Bohemia, Mikulovice	H7b
MIB038	3693	Bohemia, Mikulovice	V22
MIB065	3744	Bohemia, Mikulovice	H11b
MIB074	4014	Bohemia, Mikulovice	U5b1c1a
MIB029	3785	Bohemia, Mikulovice	J1c3
MIB024	3875	Bohemia, Mikulovice	H1b
ROU002	3997	Bohemia, Roudnice nad Labem	U5b1c2
VLI064	4018	Bohemia, Vliněves	W1i
PMI002	4171	Bohemia, Praha-Miškovice	H1m
VLI051	3721	Bohemia, Vliněves	U5a1d1
BNL001	4020	Bohemia, Brandýs nad Labem	U5b2a2a
KNE005	4072	Bohemia, Kněževes	T2b23
MIB011	3761	Bohemia, Mikulovice	K1b1b1
MIB033	3776	Bohemia, Mikulovice	H7b
MIB003	3810	Bohemia, Mikulovice	K1a1b2a
MIB070	3825	Bohemia, Mikulovice	K1a1b2a
PDA001	4017	Bohemia, Praha-Ďáblice	U5a1b1
PDA003	4131	Bohemia, Praha-Ďáblice	U5a1b1
PDA004	4053	Bohemia, Praha-Ďáblice	U5a1b1
I15646	3950	Central Bohemia, Prague 5, Prague-Stodůlky (Malá Ohrada site)	H
MIB053	3761	Bohemia, Mikulovice	H6c
MIB059	3781	Bohemia, Mikulovice	V22
MIB017	3806	Bohemia, Mikulovice	U2e1
I16538	3975	NW Bohemia, Louny, Březno u Loun	J1c3
I15818	7200	NW Bohemia, Teplice, Bžany	HV0a
I7272	5417	Brandýsek	K2a5
I7953	2239	NW Bohemia, Ústí nad Labem, Hrbovice	H2a2a1
I14980	2625	NW Bohemia, Litoměřice, Lovosice	U5a2b
I14983	2625	NW Bohemia, Litoměřice, Lovosice	J1c1
I15071	2625	NW Bohemia, Chomutov, Poláky	U5b1b1+@16192
I16088	2593	NW Bohemia, Chomutov, Poláky	U5b1b1+@16192
I16327	2592	NW Bohemia, Louny, Stradonice	H3
I16329	2625	NW Bohemia, Louny, Stradonice	W6a
I17312	2625	NW Bohemia, Litoměřice, Lovosice	X2b4
I17607	2625	NW Bohemia, Louny, Stradonice	I4a
I16087	2625	NW Bohemia, Chomutov, Poláky	U5b1b
I16086	2625	NW Bohemia, Chomutov, Poláky	J1c1
I14982	2625	NW Bohemia, Litoměřice, Lovosice	n/a (<2x)
DA111	2752	..	H6a1a
DA112	2507	..	HV0+195
I13780	2250	Central Bohemia, Prague 5, Prague-Jinonice (Holmanʼs Garden Centre)	K1a26
I14984	2270	NW Bohemia, Teplice, Radosevice (Cemetery I)	H1+152
I14985	2225	NW Bohemia, Teplice, Radosevice (Cemetery I)	H5c
I14986	2255	NW Bohemia, Teplice, Radosevice (Cemetery I)	H73
I14987	2255	NW Bohemia, Teplice, Radosevice (Cemetery I)	T1a1
I15039	2185	NW Bohemia, Teplice, Radosevice (Cemetery II)	H6a1a
I15040	2240	NW Bohemia, Teplice, Radosevice (Cemetery II)	U5b1b1+@16192
I15042	2225	NW Bohemia, Teplice, Radosevice (Cemetery II)	H26a1
I15043	2240	NW Bohemia, Teplice, Radosevice (Cemetery II)	U5b2b3a1
I15044	2230	NW Bohemia, Teplice, Radosevice (Cemetery II)	H3v+16093
I15045	2255	NW Bohemia, Teplice, Radosevice (Cemetery II)	H13a1a1a
I15046	2256	NW Bohemia, Teplice, Radosevice (Cemetery II)	H4a1c1a
I15047	2170	NW Bohemia, Teplice, Radosevice (Cemetery II)	H13a1a1
I15048	2385	NW Bohemia, Teplice, Radosevice (Cemetery II)	H1aa1
I15049	2275	NW Bohemia, Teplice, Radosevice (Cemetery II)	W1+119
I15950	2385	NW Bohemia, Teplice, Radosevice (Cemetery II)	K1a4a1a2a
I15951	2235	NW Bohemia, Teplice, Radosevice (Cemetery II)	H13b1+200
I15952	2310	NW Bohemia, Teplice, Radosevice (Cemetery II)	H6a1a
I15954	2305	NW Bohemia, Teplice, Radosevice (Cemetery II)	H1q
I16268	2250	Central Bohemia, Prague 5, Prague-Jinonice (Holmanʼs Garden Centre)	K2a6
I16269	2250	Central Bohemia, Prague 5, Prague-Jinonice (Holmanʼs Garden Centre)	U4a2c
I16270	2250	Central Bohemia, Prague 5, Prague-Jinonice (Holmanʼs Garden Centre)	J1b1a1b
I16271	2250	Central Bohemia, Prague 5, Prague-Jinonice (Holmanʼs Garden Centre)	I2
I16272	2239	Central Bohemia, Prague 5, Prague-Jinonice (Holmanʼs Garden Centre)	J1c2e
I16273	2046	Central Bohemia, Prague 5, Prague-Jinonice (Holmanʼs Garden Centre)	H5a2
I17139	2220	NW Bohemia, Teplice, Radosevice (Cemetery I)	H5c
I17143	2220	NW Bohemia, Teplice, Radosevice (Cemetery I)	H5c
I17145	2255	NW Bohemia, Teplice, Radosevice (Cemetery I)	H5a4a1
I17146	2197	NW Bohemia, Teplice, Radosevice (Cemetery I)	H1q
I17314	2250	Central Bohemia, Prague 5, Prague-Jinonice (Holmanʼs Garden Centre)	U5a1b
I17315	2221	Central Bohemia, Prague 5, Prague-Jinonice (Holmanʼs Garden Centre)	H10e
I17316	2250	Central Bohemia, Prague 5, Prague-Jinonice (Holmanʼs Garden Centre)	J1c1b1a1
I17317	2250	Central Bohemia, Prague 5, Prague-Jinonice (Holmanʼs Garden Centre)	U5b2b2
I17320	2250	Central Bohemia, Prague 5, Prague-Jinonice (Holmanʼs Garden Centre)	U5b1b1d
I17321	2225	Central Bohemia, Prague 5, Prague-Jinonice (Holmanʼs Garden Centre)	K1a4a1
I17322	2250	Central Bohemia, Prague 5, Prague-Jinonice (Holmanʼs Garden Centre)	U2e1
I17323	2250	Central Bohemia, Prague 5, Prague-Jinonice (Holmanʼs Garden Centre)	I4a
I17324	2250	Central Bohemia, Prague 5, Prague-Jinonice (Holmanʼs Garden Centre)	W
I17327	2250	Central Bohemia, Prague 5, Prague-Jinonice (Holmanʼs Garden Centre)	U5b2b1a1
I17613	2275	NW Bohemia, Teplice, Radosevice (Cemetery II)	H59
I17614	2305	NW Bohemia, Teplice, Radosevice (Cemetery II)	H3h
I20504	2223	Central Bohemia, Prague 5, Prague-Jinonice (Holmanʼs Garden Centre)	H3ag
I20509	2250	Central Bohemia, Prague 5, Prague-Jinonice (Holmanʼs Garden Centre)	H7b
I20510	2250	Central Bohemia, Prague 5, Prague-Jinonice (Holmanʼs Garden Centre)	J1c1
I20513	2250	Central Bohemia, Prague 5, Prague-Jinonice (Holmanʼs Garden Centre)	K2a5
I20518	2255	NW Bohemia, Teplice, Radosevice (Cemetery I)	H2
I20519	2250	Central Bohemia, Prague 5, Prague-Jinonice (Holmanʼs Garden Centre)	T2b17a
I20521	2250	Central Bohemia, Prague 5, Prague-Jinonice (Holmanʼs Garden Centre)	T2e7
I20522	2230	Central Bohemia, Prague 5, Prague-Jinonice (Holmanʼs Garden Centre)	H3ag
I20523	2250	Central Bohemia, Prague 5, Prague-Jinonice (Holmanʼs Garden Centre)	H
I17616	2220	NW Bohemia, Teplice, Radosevice (Cemetery II)	H13b1
I17325	2250	Central Bohemia, Prague 5, Prague-Jinonice (Holmanʼs Garden Centre)	H3ag
I14988	2255	NW Bohemia, Teplice, Radosevice (Cemetery I)	H
I16090	2350	Central Bohemia, Prague 6, Prague-Ruzyně	V10
I17669	2255	NW Bohemia, Teplice, Radosevice (Cemetery I)	n/a (<2x)
I20503	2250	Central Bohemia, Prague 5, Prague-Jinonice (Holmanʼs Garden Centre)	n/a (<2x)
I20507	2250	Central Bohemia, Prague 5, Prague-Jinonice (Holmanʼs Garden Centre)	K2a
I20511	2250	Central Bohemia, Prague 5, Prague-Jinonice (Holmanʼs Garden Centre)	n/a (<2x)
I20520	2250	Central Bohemia, Prague 5, Prague-Jinonice (Holmanʼs Garden Centre)	n/a (<2x)
I15953	2185	NW Bohemia, Teplice, Radosevice (Cemetery II)	H6a1a
I13781	2977	NW Bohemia, Teplice, Bílina (Rudiay I/Maxim Gorkij)	T1a1
I13791	2975	NW Bohemia, Teplice, Bílina (Rudiay I/Maxim Gorkij)	K1a4a1
I17311	2975	NW Bohemia, Teplice, Bílina (Rudiay I/Maxim Gorkij)	U5b2a1a1
I13783	3022	Central Bohemia, Prague-West, Hostivice-Palouky	H1+16189
I13787	2958	Central Bohemia, Prague-West, Hostivice-Palouky	H26c
I13788	3000	NW Bohemia, Teplice, Chouč	X2b+226
I13789	3000	NW Bohemia, Teplice, Bílina (Büschel)	J1c5
I13792	3000	NW Bohemia, Teplice, Chouč	U5b2b1a1
I13793	3000	NW Bohemia, Teplice, Chouč	H1+16189
I13795	3035	Konobrže	J1c8a
I13796	3000	NW Bohemia, Teplice, Chouč	H1
I13798	3050	Central Bohemia, Prague-West, Hostivice-Palouky	U5a2b
I13799	3050	Central Bohemia, Prague-West, Hostivice-Palouky	U2e1a1
I14481	2834	NW Bohemia, Louny, Břvany	W3a
I15041	3050	Central Bohemia, Prague-West, Hostivice-Palouky	H1
I15955	3059	Central Bohemia, Prague-West, Hostivice-Palouky	U5a2b
I15956	3050	Central Bohemia, Prague-West, Hostivice-Palouky	H1e
I15957	3050	Central Bohemia, Prague-West, Hostivice-Palouky	H+152
I15958	3050	Central Bohemia, Prague-West, Hostivice-Palouky	T2b
I15959	3022	Central Bohemia, Prague-West, Hostivice-Palouky	K1a+150
I15960	3050	Central Bohemia, Prague-West, Hostivice-Palouky	I4a1
I16089	3000	NW Bohemia, Teplice, Chouč	H5e1a
I16182	3050	Central Bohemia, Prague-West, Hostivice-Palouky	J1c
I16549	2868	Praha 5, Zličín	H1an1
I17611	3050	Central Bohemia, Prague-West, Hostivice-Palouky	U2e1a1
I20517	3000	Central Bohemia, Prague 5, Zličín	H26c
I20525	2850	NW Bohemia, Louny, Břvany	I4a
I20526	2850	NW Bohemia, Louny, Břvany	T2+16189
I17612	3050	Central Bohemia, Prague-West, Hostivice-Palouky	n/a (<2x)
I17671	3000	NW Bohemia, Most, Konobrže	n/a (<2x)
I20516	3000	Central Bohemia, Prague 5, Zličín	K1c1
I13786	3050	Central Bohemia, Prague-West, Hostivice-Palouky	H1q
I13794	3050	Central Bohemia, Prague-West, Hostivice-Palouky	H2a
I15961	3050	Central Bohemia, Prague-West, Hostivice-Palouky	T2b
I16108	5526	Central Bohemia, Prague 5, Prague-Stodůlky (Malá Ohrada site)	X2b4
I16099	3325	NW Bohemia, Most, Konobrže	HV0+195
I16100	3325	NW Bohemia, Most, Konobrže	T2b
I16111	3325	NW Bohemia, Most, Konobrže	T1a1
I16112	3325	NW Bohemia, Most, Konobrže	V7
I17670	3325	NW Bohemia, Most, Konobrže	n/a (<2x)
I16113	1462	NW Bohemia, Most, Konobrže	K1a1b2a1a
I20515	1009	NW Bohemia, Teplice, Chouč	H6a1a3
I14190	6450	Central Bohemia, Prague 5, Prague-Jinonice (Holmanʼs Garden Centre)	T2e
I7197	6438	Prague 5, Jinonice, Zahradnictví	X2b+226
kol002	6494	Kolín	H+16129
kol006	6775	Kolín	W1+119
I17313	199	Central Bohemia, Prague 5, Prague-Jinonice (Holmanʼs Garden Centre)	H1ae
I15648	5397	N Bohemia, Mladá Boleslav, Mužský-Hrada (Hrada site, Dneboh cadastre)	K1a+195
I15819	7200	N Moravia, Prostějov, Kralice na Hané	K1a3a3
I16092	5385	NW Bohemia, Louny, Dobroměřice	U5b3b
I4893	6345	Prague 8, Kobylisy, Ke Stírce Street	U5b1+16189+@16192
I4894	6371	Prague 8, Kobylisy, Ke Stírce Street	U8b1b1
I7952	7200	Central Bohemia, Prague-West, Hostivice-Sadová	N1a1a
HOL002	5140	Bohemia, Holubice	J2b1a2
HOL004	5154	Bohemia, Holubice	V
BLS002	4692	Bohemia, Blšany	K1a3a
PRE001	4625	Bohemia, Předměřice	U5b2c
VLI031	4510	Bohemia, Vliněves	J2b1a
VLI032	4682	Bohemia, Vliněves	V
VLI033	4682	Bohemia, Vliněves	H1
BLS001	4675	Bohemia, Blšany	K1a3a
NER001	6076	Bohemia, Neratovice	U5b1d1
TUC007	6080	Bohemia, Tuchoměřice	K1a1
VLI004	6141	Bohemia, Vliněves	U8b1b1
BRZ001	5820	Bohemia, Březno u Loun	L3
I15821	7200	W Bohemia, Plzeň-City, Plzeň-Křimice	n/a (<2x)
I7950	5398	Central Bohemia, Prague-West, Hostivice-Palouky	H
I7951	7200	Central Bohemia, Prague-West, Hostivice-Sadová	U8b1a1
I15650	3058	Central Bohemia, Prague-West, Hostivice-Palouky	H1
KO1016	4750	Bohemia, Kolín I	HV
TOU001	4712	Bohemia, Toušeň	HV0a
TUC004	4940	Bohemia, Tuchoměřice	V3c
TUC005	4940	Bohemia, Tuchoměřice	H1j
TUC006	4879	Bohemia, Tuchoměřice	H1e1a
VPR001	4756	Bohemia, Velké Přílepy	U5a2d
KO1001	4761	Bohemia, Kolín I	HV
TUC002	4932	Bohemia, Tuchoměřice	J1c1
TUC003	4940	Bohemia, Tuchoměřice	J1c1b
TUC001	4940	Bohemia, Tuchoměřice	V3c
BRZ002	5521	Bohemia, Březno u Loun	K2a
HOL001	5613	Bohemia, Holubice	T2c1d2
KOB002	5630	Bohemia, Kolín-Šťáralka	T1a2
KOB003	5600	Bohemia, Kolín-Šťáralka	N
KOB004	5600	Bohemia, Kolín-Šťáralka	H7d
KOB005	5704	Bohemia, Kolín-Šťáralka	T1a2
VLI006	5661	Bohemia, Vliněves	H
KOB007	5632	Bohemia, Kolín-Šťáralka	U5b1d1a
KOB001	5650	Bohemia, Kolín-Šťáralka	T1a2
Pavlov1	30350	Dolni Vestonice	U5
Vestonice13	30800	Dolni Vestonice	U8c
Vestonice14	30800	Dolni Vestonice	U
Vestonice15	30800	Dolni Vestonice	U5
Vestonice16	29800	Dolni Vestonice	U5
Vestonice43	29800	Dolni Vestonice	U
Denisova11	98700	Denisova Cave, Altai	Neanderthal
RISE21	3301	Karlstrup	N1a1a1a2
RISE47	3380	Sebber skole	I
RISE1280	4226	Eastern Jutland, Djursland, Gjerrild Cist	K2a
RISE1283	4383	Eastern Jutland, Djursland, Gjerrild Cist	HV0
RISE1280	4226	Eastern Jutland, Djursland, Gjerrild Cist	K2a
VK296	1230	Sealand, Hundstrup Mose	HV6
VK297	1200	Sealand, Hundstrup Mose	J1c2h
VK65	1100	Sealand, Tollemosegard	V25
VK69	1100	Sealand, Tollemosegard	H2a2a1
VK70	1100	Sealand, Tollemosegard	H7d4
VK71	1100	Sealand, Tollemosegard	U5a1a
VK213	1561	Sealand, Gerdrup	H1
VK521	1650	Sealand, Brondsager Torsiinre	H16b
VK532	1850	Sealand, Kragehave Odetofter	U2e2a1a
VK582	1900	Jutland, Alken Enge	H6a1b3
RISE276	2612	Trundholm II	T2b
VK214	3838	Sealand, Gerdrup	X2c1
RISE42	4021	Marbjerg	H3v+16093
RISE71	4040	Falshöj	H3b
RISE61	4569	Kyndelöse	J1c4
VK216	1100	Sealand, Gerdrup	J1c2k
VK135	1000	Funen, Galgedil	H6a2
VK140	1000	Funen, Galgedil	H27f
VK318	1025	Langeland, Hesselbjergmarken	K1b2a2
VK339	1075	Jutland, Hesselbjerg	T2a1a
VK86	1075	Jutland, Hesselbjerg	T1a1c
VK247	1075	Sealand, Lejre	H10e1
VK317	1000	Langeland, Kaagarden	H2a2a1
VK134	1000	Funen, Galgedil	H1cg
VK133	1050	Funen, Galgedil	K1a4a1a3
VK138	1000	Funen, Galgedil	T2b5
VK139	1000	Funen, Galgedil	J1c3k
VK141	1000	Funen, Galgedil	H1as
VK215	1100	Sealand, Gerdrup	J1c2k
VK274	1000	Langeland, Kaagarden	T2b+152
VK275	1000	Langeland, Kaagarden	H
VK276	1000	Langeland, Kaagarden	HV0
VK278	1000	Funen, Galgedil	U5a2a1
VK279	1000	Funen, Galgedil	I4a
VK280	1000	Funen, Galgedil	H11a
VK281	1000	Sealand, Borse	T2
VK282	1000	Langeland, Stengade I	H4a1a4b
VK284	1000	Sealand, Trekroner-Grydehej	J1c5a1
VK285	1000	Langeland, Kaagarden	H7a1
VK286	1000	Langeland, Bogevej	J1c+16261
VK287	1000	Langeland, Kaagarden	T2b
VK288	1000	Langeland, Bogevej	H3b3
VK289	1100	Langeland, Bodkergarden	J2b1a
VK290	1000	Langeland, Kumle hoje	I1a1
VK291	1100	Langeland, Bodkergarden	U5a1a2b
VK292	1000	Langeland, Bogevej	J1c2c1
VK294	1075	Sealand, Bakkendrup	U5a1b1h
VK295	1000	Funen, Hessum	T1a1
VK298	1050	Sealand, Besser	U5a1a1d
VK300	1075	Jutland, Hesselbjerg	H3
VK301	1185	Funen, Ladby	R0a2b
VK312	1075	Funen, Rantzausminde	H13a1a1a
VK313	1075	Funen, Rantzausminde	H1b
VK314	1075	Funen, Rantzausminde	H6a1b2
VK315	1075	Sealand, Bakkendrup	T1a1b
VK316	1000	Funen, Hessum	K1a4
VK319	1150	Funen, Ladby	H1bq
VK320	1000	Langeland, Bogevej	U5a1a1
VK322	934	Jutland, Ribe	K1a4a1c
VK323	1000	Jutland, Ribe	K2a6
VK324	935	Jutland, Ribe	N1a1a1a2
VK325	1145	Jutland, Ribe	U5b3e
VK326	1026	Jutland, Ribe	U5b1+16189+@16192
VK327	979	Jutland, Ribe	H6a1a5
VK328	1104	Jutland, Ribe	U5a1d2a
VK329	1183	Jutland, Ribe	H3+152
VK330	896	Jutland, Ribe	H3
VK338	1000	Langeland, Bogevej	W3a1
VK340	1075	Jutland, Hesselbjerg	H1c
VK361	1000	Langeland, Bogevej	X2b+226
VK362	1000	Langeland, Bogevej	V7b
VK363	1000	Langeland, Bogevej	U4b1a1a1
VK364	1000	Langeland, Bogevej	H3u
VK365	1000	Langeland, Bogevej	U8a2
VK366	1000	Langeland, Bogevej	J2a1a1a
VK367	1000	Langeland, Bogevej	J1b1a1
VK368	1000	Langeland, Bogevej	H26a1
VK369	1075	Sealand, Bakkendrup	H1a
VK370	1000	Funen, Galgedil	H7b2
VK371	1065	Funen, Galgedil	H1a1
VK372	1000	Funen, Galgedil	U5a1a2a
VK373	1000	Funen, Galgedil	J2b1a
VK383	1075	Jutland, Hesselbjerg	H5c
VK384	1075	Jutland, Hesselbjerg	H3g1
VK385	1075	Sealand, Lejre	U4c1
VK411	1000	Funen, Galgedil	H1a1
VK445	1000	Sealand, Gl. Lejre	U3b
VK446	1000	Funen, Galgedil	U5a1a1+16362
VK84	1075	Jutland, Hesselbjerg	J1c2p
VK87	1075	Jutland, Hesselbjerg	K1c2
VK90	1075	Sealand, Lejre	H3+152
VK92	1075	Sealand, Lejre	H1c3b
VK94	1000	Sealand, Gl. Lejre	U5a1b1
KPN001	900	Zealand, Kopenhagen	H3v+16093
KPN002	900	Zealand, Kopenhagen	HV9a1a
KPN003	900	Zealand, Kopenhagen	H31
KPN004	900	Zealand, Kopenhagen	H2a1
KPN005	900	Zealand, Kopenhagen	U2e2a1
KPN006	900	Zealand, Kopenhagen	T2b5a1
KPN007	900	Zealand, Kopenhagen	H1b
KPN008	900	Zealand, Kopenhagen	H3h
KPN009	900	Zealand, Kopenhagen	W1+119
KPN011	900	Zealand, Kopenhagen	H6a1a
KPN012	900	Zealand, Kopenhagen	H10c1
KPN013	900	Zealand, Kopenhagen	I2d
KPN014	900	Zealand, Kopenhagen	HV+16311
KPN015	900	Zealand, Kopenhagen	V3c
KPN010	900	Zealand, Kopenhagen	I2
I10126	3022	Andres	D1
I8547	849	Andres	A2
I8548	1688	Andres	C5b
I8549	688	Andres	A2+(64)
I8550	1272	Andres	A2+(64)
I15105	706	Atajadizo	A2
I15106	702	Atajadizo	C1b2
I15107	604	Atajadizo	B2
I15108	512	Atajadizo	B2
I15109	510	Atajadizo	B2
I15111	607	Atajadizo	A2
I15112	702	Atajadizo	C1b2
I17899	471	Atajadizo	A2
I17900	529	Atajadizo	B2
I17901	517	Atajadizo	C1d1
I17902	661	Atajadizo	A2
I17903	1175	Atajadizo	D1
I17907	587	Atajadizo	A2+(64)+@16111
I17908	524	Atajadizo	A2
I18300	800	Atajadizo	A2
I18301	848	Atajadizo	C1b2
I17906	1130	Atajadizo	A2
I17905	604	Atajadizo	A2
I7965	1230	Samana, Cueva Juana	A2+(64)
I7966	1249	Samana, Cueva Juana	C1b2
I7967	1228	Samana, Cueva Juana	D1
I7968	1015	Samana, Cueva Juana	D1
I7977	1887	Cueva Roja	C1d1
I10334	2500	Cueva Roja	D1
I14990	697	Edilio Cruz	C1b
I18134	1119	El Frances	C1b2
I18437	956	El Frances	C1b2
I12341	1150	El Soco	C1d1
I12344	1150	El Soco	D1
I12347	1150	El Soco	D1
I12350	1150	El Soco	C1d1
I13189	753	El Soco	C1b2
I13190	711	El Soco	B2
I13192	688	El Soco	D1
I13195	601	El Soco	C1b2
I20527	998	El Soco	C1d1
I8118	641	El Soco	R
I8121	1150	El Soco	C1b2
I13203	750	El Soco	C1b2
I13198	483	Juan Dolio	A2z
I13199	534	Juan Dolio	A2+(64)
I13201	598	Juan Dolio	A2+(64)
I13204	525	Juan Dolio	A2+(64)
I13206	516	Juan Dolio	C1b
I13207	525	Juan Dolio	A2+(64)
I13208	660	Juan Dolio	A2+(64)
I13196	679	Juan Dolio	A2
I15050	849	La Caleta	A2e
I15051	852	La Caleta	A2e
I15081	859	La Caleta	C1b2
I15082	673	La Caleta	C1b2
I15587	800	La Caleta	A2e
I15591	615	La Caleta	C1b2
I15592	859	La Caleta	A2e
I15593	974	La Caleta	A2
I15594	800	La Caleta	A2e
I15595	1301	La Caleta	C1b2
I15597	1175	La Caleta	C1b2
I15598	800	La Caleta	A2e
I15601	1228	La Caleta	C1b2
I15602	1175	La Caleta	C1b2
I15604	800	La Caleta	C1b2
I15665	723	La Caleta	C1b2
I15667	516	La Caleta	C1b2
I15668	597	La Caleta	C1b2
I15672	867	La Caleta	C1b
I15674	625	La Caleta	C1b2
I15675	800	La Caleta	A2e
I15676	464	La Caleta	C1b2
I15678	970	La Caleta	C1b2
I15679	974	La Caleta	A2h
I15682	800	La Caleta	C1b2
I15962	517	La Caleta	C1b2
I15963	1218	La Caleta	C1b2
I15965	800	La Caleta	C1b2
I15966	768	La Caleta	C1b2
I15968	930	La Caleta	A2e
I15969	995	La Caleta	C1b2
I15970	800	La Caleta	A2e
I15971	679	La Caleta	A2e
I15972	536	La Caleta	C1b2
I15973	635	La Caleta	A2e
I15975	850	La Caleta	A2
I15976	1112	La Caleta	C1b2
I15977	1002	La Caleta	C1b2
I15978	959	La Caleta	A2e
I16173	800	La Caleta	C1b2
I16174	894	La Caleta	C1b2
I16175	675	La Caleta	C1b2
I16176	694	La Caleta	A2e
I16180	862	La Caleta	A2e
I16181	675	La Caleta	C1b2
I16519	930	La Caleta	C1b2
I16539	858	La Caleta	A2+(64)+16189
I16540	800	La Caleta	C1b2
I16556	800	La Caleta	C1b2
I15677	855	La Caleta	C1d1
I16520	800	La Caleta	C1b2
I16687	935	La Caleta	A2e
I15590	800	La Caleta	A2e
I15600	1217	La Caleta	C1b
I15671	800	La Caleta	A2e
I15964	800	La Caleta	C1b2
I15596	800	La Caleta	C1b2
I7969	604	La Union	C5b
I7970	600	La Union	C1b2
I7971	624	La Union	A2
I14991	614	Loma Perenal	C1b
I14994	703	Los Corniel	A2+(64)
I14992	543	Los Muertos	C1b
I7973	849	Macao	C5b
I7974	1002	Macao	C5b
I7976	894	Macao	C5b
I7972	925	Macao	C5b
JK2888	1997	Abusir-el Meleq	U6a2
JK2134	2609	Abusir-el Meleq	J1d
JK2911	2602	Abusir-el Meleq	M1a1
I1770	3950	England, North Yorkshire, Staxton, Staxton Beacon	U5b1d2
I2418	4237	England, Wiltshire, Amesbury Down	K1a4a1
I2443	4091	England, Oxfordshire, Yarnton	T2c1d+152
I2445	4048	England, Oxfordshire, Yarnton	X2b6
I2447	3938	England, Oxfordshire, Yarnton	K1a26
I2450	4248	England, Oxfordshire, Abington, Spring Road cemetery	K1a1b1g
I2452	4052	England, South Derbyshire, Willington, Dairy Farm	H1e1a
I2453	4122	England, Lincolnshire, West Deeping	K2a
I2455	3948	England, Needingworth Quarry, Over Narrows	U5a2c3a
I2565	4237	England, Wiltshire, Amesbury Down	W1+119
I3255	3994	England, Cambridgeshire, Trumpington Meadows	T2b
I3256	4063	England, Cambridgeshire, Trumpington Meadows	T2b
I4950	4250	England, Wiltshire, Upavon, RFC Central Flying School	U5a2d1
I4951	4250	England, Wiltshire, Netheravon, Flying School	K1b1a1
I5382	4070	England,  County Durham, Stockton-on-Tees, Windmill Fields	T2b
I5512	4250	England, Wiltshire, Netheravon, Flying School	J1c2
I5513	4250	England, North Ablington, Figheldean	V
I6775	4150	England, Somerset, Stogursey, Wick Barrow	H1
I6776	4150	England, Somerset, Storgoursey, Wick Barrow	R
I1767	4045	England,  County Durham, Stockton-on-Tees, Windmill Fields	U5a1a1
I2416	4239	England, Wiltshire, Amesbury Down	K1b1a1
I5379	4333	England, Dorset, Sixpenny Handley, Canada Farm	HV0+195
I1765	4156	England,  County Durham, Stockton-on-Tees, Windmill Fields	N1a1a1a2
I2417	4250	England, Wiltshire, Amesbury Down	J1c
I2454	4042	England, Needingworth Quarry, Over Narrows	R1a1a
I2459	4231	England, Wiltshire, Amesbury Down	T2a1a
I5376	4216	England, London, Syon Reach, River Thames Skulls	H6a
I6774	4121	England, Sussex, Brighton, Ditchling Road	H4a1a1a
I2419	4199	England, Wiltshire, Amesbury Down	H1b
I6680	3671	England, Northumberland, Low Hauxley	H1+16189
I6679	3936	England, Northumberland, Low Hauxley	J1c1b1
I6778	4150	England, Wiltshire, Wilsford	K1a26
I12786	4137	England, Gloucestershire, Lechlade-on-Thames, Lechlade Memorial Hall/Skate Park	J1c2
I14543	3975	England, Sussex, Brighton, Ditchling Road	K1a4a1g
I14553	3807	England, Sussex, Brighton, Roedean Crescent	H5c
I16394	3950	England, North Yorkshire, Grassington, 3 Barrow Sites	K1c1
I16395	3950	England, North Yorkshire, Grassington, 3 Barrow Sites	U5b1
I16396	3950	England, North Yorkshire, Grassington, 3 Barrow Sites	K1a4a1
I16400	3900	England, North Yorkshire, Grassington, 3 Barrow Sites	U3a1
I16424	4106	England, Cornwall, Padstow, St. Merryn, Harlyn Bay	R1b
I1774	3698	England, Kent, Isle of Sheppey, Neats Court	U4b1a2
I18606	3770	England, East Riding of Yorkshire, Thornholme, East Coast Pipeline (field 10)	K1b1a1
I20997	4075	England, Cumbria, Ulverston, Birkrigg Common	X2b4a
I2421	3790	England, Tyne and Wear, Sunderland, Hasting Hill	U5a1a2a
I2457	4056	England, Wiltshire, Amesbury Down	I4a
I2460	3875	England, Wiltshire, Amesbury Down	T2a1a
I2461	3975	England, Wiltshire, Porton	H5c
I2463	3774	England, Kent, East Kent Access Road	J1c3+189
I2464	3615	England, Wiltshire, Boscombe Airfield	I2
I2566	4078	England, Wiltshire, Amesbury Down	K1b1a1
I2597	4080	England, Wiltshire, Amesbury Down	U5a2c3a
I2598	3998	England, Wiltshire, Amesbury Down	H
I2601	3808	England, Kent, East Kent Access Road	U5a1b1a
I2602	3762	England, Kent, East Kent Access Road	U5b2b
I2604	4073	England, Hampshire, Barton-Stacey Pipeline	H2a3
I2609	3848	England, Northumberland, Hexham Golf Course	K2a
I2610	3783	England, Blaydon, Tyne and Wear, Bewes Hill	U2e1b
I2612	4293	England, Tyne and Wear, Sunderland, Hasting Hill	U5b2b2
I2618	3993	England, Northumberland, Barrasford, Reaverhill	H1bs
I5377	3758	England, London, Mortlake, River Thames Skulls	T2b
I5441	3750	England, Devon, Paington, Neale's Cave	H1+16239
I6777	4050	England, Wiltshire, Wilsford	U4b1b2
I7570	3569	England, Lincolnshire, Langtoft	T2b4+152
I7573	3520	England, Cambridgeshire, Fordham	H1
I7630	3734	England, Yorkshire, East Riding, North Ferriby, Melton Quarry	U5a1b
I7635	4030	England,  County Durham, Stockton-on-Tees, Windmill Fields	H1c
I7638	3995	England, Oxfordshire, Radley, Barrow Hills	V10b
I7639	3797	England, Cambridgeshire, Chippenham, Waterhall Farm	n/a (<2x)
I2600	3970	England, Wiltshire, Porton	U5b1+16189
I12776	3778	England, Derbyshire, Brassington, Carsington Pasture Cave	U4a2c
I2462	3942	England, Kent, East Kent Access Road	U5a1d2a
I5373	4034	England, Derbyshire, Brassington, Carsington Pasture Cave	X2b+226
I2596	4086	England, Wiltshire, Amesbury Down	J1c1
I11567	1350	England, Dorset, Worth Matravers	K1a2a
I11569	1350	England, Dorset, Worth Matravers	T2a1a
I11571	1350	England, Dorset, Worth Matravers	H11a
I11573	1350	England, Dorset, Worth Matravers	HV6
I11574	1350	England, Dorset, Worth Matravers	HV6
I11576	1350	England, Dorset, Worth Matravers	H1bb
I11577	1350	England, Dorset, Worth Matravers	H1e1a
I11579	1350	England, Dorset, Worth Matravers	U5b2c1
I11581	1350	England, Dorset, Worth Matravers	H5c
I11582	1350	England, Dorset, Worth Matravers	T2a1a
I14533	1350	England, Sussex, Bishopstone, Rookery Hill	T2
I14534	1350	England, Sussex, Bishopstone, Rookery Hill	J1c3
I14536	1350	England, Sussex, Bishopstone, Rookery Hill	K1c2
I14538	1350	England, Sussex, Bishopstone, Rookery Hill	K2b1b
I14541	1350	England, Sussex, Bishopstone, Rookery Hill	H5b
I14542	1350	England, Sussex, Bishopstone, Rookery Hill	W1c
I16383	1250	England, Cornwall, Bude, Widemouth Bay	U5a2a1
I16385	1250	England, Cornwall, Newquay, Crantock	H7d2a
I16389	1250	England, Cornwall, Newquay, Crantock	H1ad
I16392	1225	England, North Yorkshire, Clapdale, Fox Holes Cave	H3g1
I16508	1276	England, Buckinghamshire, Wolverton	J1c5
I16509	1311	England, Buckinghamshire, Wolverton	U5b2a1b
I16510	1324	England, Buckinghamshire, Wolverton	H
I17269	1200	England, North Yorkshire, Stockton-on-Tees, Norton, Norton Bishops Mill	J2a1a1a2
I17270	1200	England, North Yorkshire, Stockton-on-Tees, Norton, Norton Bishops Mill	J1b1a1d
I17271	1200	England, North Yorkshire, Stockton-on-Tees, Norton, Norton Bishops Mill	H5a6
I17272	1400	England, North Yorkshire, Stockton-on-Tees, Norton, Norton East Mill	H5
I17273	1400	England, North Yorkshire, Stockton-on-Tees, Norton, Norton East Mill	H1c2
I17274	1400	England, North Yorkshire, Stockton-on-Tees, Norton, Norton East Mill	T2e1
I17275	1400	England, North Yorkshire, Stockton-on-Tees, Norton, Norton East Mill	K1a4a1a+195
I17276	1400	England, North Yorkshire, Stockton-on-Tees, Norton, Norton East Mill	U5a1f1a1
I17277	1200	England, Durham, Hartlepool, Olive Street	K2a6
I20637	1350	England, Dorset, Worth Matravers	J1c1b1a
I11580	1350	England, Dorset, Worth Matravers	T2a1a
I20636	1350	England, Dorset, Worth Matravers	HV6
I11578	1350	England, Dorset, Worth Matravers	H1bb
I14535	1350	England, Sussex, Bishopstone, Rookery Hill	U5b1c1a1
I14540	1350	England, Sussex, Bishopstone, Rookery Hill	X2b5
I11568	1350	England, Dorset, Worth Matravers	K1a2a
I11575	1350	England, Dorset, Worth Matravers	HV6
I11570	1350	England, Dorset, Worth Matravers	U5b1
I14539	1350	England, Sussex, Bishopstone, Rookery Hill	I3a
I11583	1450	England, North Yorkshire, Vale of Pickering, West Heslerton	H1c1
I11584	1450	England, North Yorkshire, Vale of Pickering, West Heslerton	H1q
I11585	1450	England, North Yorkshire, Vale of Pickering, West Heslerton	H1b
I11586	1450	England, North Yorkshire, Vale of Pickering, West Heslerton	X2b4a
I11587	1450	England, North Yorkshire, Vale of Pickering, West Heslerton	U5a1a1e
I11588	1450	England, North Yorkshire, Vale of Pickering, West Heslerton	K1d1
I11589	1450	England, North Yorkshire, Vale of Pickering, West Heslerton	T2b2b
I11590	1450	England, North Yorkshire, Vale of Pickering, West Heslerton	K1a4a1a+195
I20639	1450	England, North Yorkshire, Vale of Pickering, West Heslerton	H59a
I20640	1450	England, North Yorkshire, Vale of Pickering, West Heslerton	U5a1a1d
I20641	1450	England, North Yorkshire, Vale of Pickering, West Heslerton	H1a3b
I20642	1450	England, North Yorkshire, Vale of Pickering, West Heslerton	K1a4a1a+195
I20643	1450	England, North Yorkshire, Vale of Pickering, West Heslerton	H7
I20644	1450	England, North Yorkshire, Vale of Pickering, West Heslerton	H1
I20645	1450	England, North Yorkshire, Vale of Pickering, West Heslerton	H1
I20646	1450	England, North Yorkshire, Vale of Pickering, West Heslerton	T2f1a1
I20649	1450	England, North Yorkshire, Vale of Pickering, West Heslerton	U2e2a1a
I20650	1450	England, North Yorkshire, Vale of Pickering, West Heslerton	H1a1
I20652	1450	England, North Yorkshire, Vale of Pickering, West Heslerton	K2a7
I20653	1450	England, North Yorkshire, Vale of Pickering, West Heslerton	K1c2
I20654	1450	England, North Yorkshire, Vale of Pickering, West Heslerton	T1a3a
I20655	1450	England, North Yorkshire, Vale of Pickering, West Heslerton	T2b4+152
I20658	1450	England, North Yorkshire, Vale of Pickering, West Heslerton	T2b33
I20659	1450	England, North Yorkshire, Vale of Pickering, West Heslerton	J1c2e
I20660	1450	England, North Yorkshire, Vale of Pickering, West Heslerton	H10e
I20661	1450	England, North Yorkshire, Vale of Pickering, West Heslerton	T2b4a
I20665	1450	England, North Yorkshire, Vale of Pickering, West Heslerton	n/a (<2x)
I20666	1450	England, North Yorkshire, Vale of Pickering, West Heslerton	J1c3f
I20667	1450	England, North Yorkshire, Vale of Pickering, West Heslerton	H6a1b3
I20668	1450	England, North Yorkshire, Vale of Pickering, West Heslerton	V+@16298
I20669	1450	England, North Yorkshire, Vale of Pickering, West Heslerton	H6a1b
I20670	1450	England, North Yorkshire, Vale of Pickering, West Heslerton	T2b2b
I20671	1450	England, North Yorkshire, Vale of Pickering, West Heslerton	J1c2
I20672	1450	England, North Yorkshire, Vale of Pickering, West Heslerton	I1a1
I20673	1450	England, North Yorkshire, Vale of Pickering, West Heslerton	T2f1a1
I20674	1450	England, North Yorkshire, Vale of Pickering, West Heslerton	T2f1a1
I20675	1450	England, North Yorkshire, Vale of Pickering, West Heslerton	H3
I20676	1450	England, North Yorkshire, Vale of Pickering, West Heslerton	U5a2c3
I20677	1450	England, North Yorkshire, Vale of Pickering, West Heslerton	H1
I20678	1450	England, North Yorkshire, Vale of Pickering, West Heslerton	U5a1b3
I20679	1450	England, North Yorkshire, Vale of Pickering, West Heslerton	X2b4
I20680	1450	England, North Yorkshire, Vale of Pickering, West Heslerton	T2+16189
I0157	1227	England, South Cambridgeshire, East Anglia, Hinxton	H2a2b1
I0159	1234	England, South Cambridgeshire, East Anglia, Hinxton	K1a4a1a2b
I0161	1157	England, South Cambridgeshire, East Anglia, Hinxton	J2a1a1a
I0531	1250	England, Yorkshire, Teeside, Norton	I2c
I0769	1449	England, South Cambridgeshire, Oakington	U5a2a1
I0773	1479	England, South Cambridgeshire, Oakington	H1g1
I0774	1469	England, South Cambridgeshire, Oakington	T2a1a
I0777	1465	England, South Cambridgeshire, Oakington	H1at1
I0791	1175	England, Cambridgeshire, Linton	U8b1a1
I17268	1200	England, North Yorkshire, Stockton-on-Tees, Norton, Norton Bishops Mill	H1a
I20597	1380	West Sussex, Chichester, Apple Down	H5b1
I20598	1409	West Sussex, Chichester, Apple Down	H1a1
I20601	1425	West Sussex, Chichester, Apple Down	H1ag1
I20602	1320	West Sussex, Chichester, Apple Down	H1+16189
I20603	1300	West Sussex, Chichester, Apple Down	T2b+150
I20605	1450	West Sussex, Chichester, Apple Down	T2c1d+152
I20607	1400	West Sussex, Chichester, Apple Down	K1a4d
I20608	1383	West Sussex, Chichester, Apple Down	I1
I3037	1263	England, Buckinghamshire, Wolverton	W
I3044	856	England, Lincolnshire, Lincoln, Lincoln Castle	U4a1b
I3045	860	England, Lincolnshire, Lincoln, Lincoln Castle	H4a1a2
I3056	1225	England, North Yorkshire, Ribblesdale, Selside Grike	U5a2c3a
I20638	1450	England, North Yorkshire, Vale of Pickering, West Heslerton	H1+16278
I20648	1450	England, North Yorkshire, Vale of Pickering, West Heslerton	n/a (<2x)
I20657	1450	England, North Yorkshire, Vale of Pickering, West Heslerton	n/a (<2x)
I20663	1450	England, North Yorkshire, Vale of Pickering, West Heslerton	n/a (<2x)
I20600	1409	West Sussex, Chichester, Apple Down	U5a2d
I20604	1450	West Sussex, Chichester, Apple Down	n/a (<2x)
I20651	1450	England, North Yorkshire, Vale of Pickering, West Heslerton	n/a (<2x)
I5372	1425	England, Kent, Folkestone, Dover Hill	K1a4a
I3011	886	England, Lincolnshire, Lincoln, Lincoln Castle	H1a3
I20656	1450	England, North Yorkshire, Vale of Pickering, West Heslerton	I4a1
I0157	1227	England, South Cambridgeshire, East Anglia, Hinxton	H2a2b1
I0159	1234	England, South Cambridgeshire, East Anglia, Hinxton	K1a4a1a2b
I0161	1157	England, South Cambridgeshire, East Anglia, Hinxton	H2a2a1
I0769	1449	England, South Cambridgeshire, Oakington	U5a2a1
I0773	1479	England, South Cambridgeshire, Oakington	H1g1
I0774	1469	England, South Cambridgeshire, Oakington	T2a1a
I0777	1465	England, South Cambridgeshire, Oakington	H1at1
I17268	1200	England, North Yorkshire, Stockton-on-Tees, Norton, Norton Bishops Mill	H1a
I11033	2421	England, East Riding of Yorkshire, Pocklington (Burnby Lane)	H2a3b
I13758	2175	England, East Riding of Yorkshire, Pocklington (Burnby Lane)	H2a3b
I14107	2175	England, East Riding of Yorkshire, Pocklington (Burnby Lane)	K1c1a
I0525	1975	England, East Riding of Yorkshire, East Riding, North Ferriby, Melton Quarry	U2e1e
I14106	2045	England, East Riding of Yorkshire, Pocklington (Burnby Lane)	K1c1a
I22057	1970	England, East Riding of Yorkshire, Thornholme, East Coast Pipeline (field 16)	H2a1k
I22062	1930	England, East Riding of Yorkshire, Thornholme, Town Pasture	K1a+195
I22064	1971	England, East Riding of Yorkshire, Thornholme, East Coast Pipeline (field 16)	H4a1a3a
I5502	2054	England, East Riding of Yorkshire, Nunburnholme Wold	H3
I12412	2238	England, East Riding of Yorkshire, Pocklington (Burnby Lane)	K1c1a
I14100	2302	England, East Riding of Yorkshire, Pocklington (Burnby Lane)	J1c9
I22055	2237	England, East Riding of Yorkshire, Thornholme, East Coast Pipeline (field 16)	K1b1a1c1
I22056	2238	England, East Riding of Yorkshire, Thornholme, East Coast Pipeline (field 16)	H4a1a3a
I0527	2175	England, East Riding of Yorkshire, Pocklington (Burnby Lane)	U2e1e
I11034	2175	England, East Riding of Yorkshire, Pocklington (Burnby Lane)	H2a3b
I12411	2175	England, East Riding of Yorkshire, Pocklington (Burnby Lane)	H2a3b
I12413	2175	England, East Riding of Yorkshire, Pocklington (Burnby Lane)	H2a3b
I12414	2175	England, East Riding of Yorkshire, Pocklington (Burnby Lane)	H2a3b
I12415	2175	England, East Riding of Yorkshire, Pocklington (Burnby Lane)	J1c9
I13751	2175	England, East Riding of Yorkshire, Pocklington (Burnby Lane)	H2a3b
I13753	2175	England, East Riding of Yorkshire, Pocklington (Burnby Lane)	H2a3b
I13754	2175	England, East Riding of Yorkshire, Pocklington (Burnby Lane)	U5b2b3
I13755	2175	England, East Riding of Yorkshire, Pocklington (Burnby Lane)	H2a3b
I13756	2175	England, East Riding of Yorkshire, Pocklington (Burnby Lane)	K1c1a
I13757	2175	England, East Riding of Yorkshire, Pocklington (Burnby Lane)	T2c1d1a
I13759	2175	England, East Riding of Yorkshire, Pocklington (Burnby Lane)	H2a3b
I13760	2175	England, East Riding of Yorkshire, Pocklington (Burnby Lane)	H2a3b
I14099	2175	England, East Riding of Yorkshire, Pocklington (Burnby Lane)	H2a3b
I14101	2175	England, East Riding of Yorkshire, Pocklington (Burnby Lane)	H2a3b
I14102	2175	England, East Riding of Yorkshire, Pocklington (Burnby Lane)	K1c1a
I14103	2175	England, East Riding of Yorkshire, Pocklington (Burnby Lane)	H53
I14104	2175	England, East Riding of Yorkshire, Pocklington (Burnby Lane)	H
I14105	2175	England, East Riding of Yorkshire, Pocklington (Burnby Lane)	H2a3b
I14108	2175	England, East Riding of Yorkshire, Pocklington (Burnby Lane)	V2a
I14327	2081	England, East Riding of Yorkshire, Thornholme, East Coast Pipeline (field 16)	H5
I22052	2104	England, East Riding of Yorkshire, East Coast Pipeline (field 16)	U2e2a1a
I22060	2074	England, East Riding of Yorkshire, East Coast Pipeline (field 9)	H4a1a3a
I22065	2149	England, East Riding of Yorkshire, Burstwick	H
I5503	2065	England, East Riding of Yorkshire, Nunburnholme Wold	U5b1c2
I5504	1350	England, East Riding of Yorkshire, Pocklington (Burnby Lane)	T1a1
I5505	2175	England, East Riding of Yorkshire, Pocklington (Burnby Lane)	V16
I5506	2202	England, East Riding of Yorkshire, Pocklington (Burnby Lane)	K1c1a
I5508	2175	England, East Riding of Yorkshire, Pocklington (Burnby Lane)	J1c9
I13752	2121	England, East Riding of Yorkshire, Pocklington (Burnby Lane)	J1c9
I19220	3759	England, East Riding of Yorkshire, Thornholme, East Coast Pipeline (field 10)	H3g1
I27380	4228	England, Sussex, Westbourne, 'Racton Man'	H3k1
I12935	4000	England, Gloucestershire, Lechlade-on-Thames, Lechlade Memorial Hall/Skate Park	H1ah2
I21306	2147	England, Somerset, Tickenham, Diamond Cottage	H1an1
I11149	2443	England, Cambridgeshire, Teversham (Marshall's) Evaluation	V
I11154	2469	England, Cambridgeshire, Trumpington Meadows	H5a1
I11995	2457	England, Somerset, South Cadbury, Cadbury Castle	H2a5
I12610	2586	England, Wiltshire, Potterne, Blackberry Field	J1c1
I12783	2599	England, Gloucestershire, Lechlade-on-Thames, Lechlade Memorial Hall/Skate Park	J1c5
I12787	2391	England, Gloucestershire, Lechlade-on-Thames, Lechlade Memorial Hall/Skate Park	H2a2a1
I13682	2612	England, Somerset, Mells Down, Kingsdown Camp	H5a1
I13684	2408	England, Somerset, Meare Lake Village West	W1+119
I13688	2589	England, Wiltshire, Rowbarrow	H1+16239
I13689	2531	England, Wiltshire, Rowbarrow	K1a3a
I13690	2512	England, Wiltshire, Rowbarrow	H1b3
I14381	2443	England, Kent, Cliffs End Farm	U5b2b1a1
I14743	2594	England, Kent, Cliffs End Farm	I4a
I14747	2374	England, Kent, Cliffs End Farm	H3
I14857	2408	England, Kent, Cliffs End Farm	H3an
I16600	2396	England, Wiltshire, Amesbury Down	T2b1
I16602	2455	England, Wiltshire, Amesbury Down	H1aq
I16612	2419	England, Hampshire, Nether Wallop, Danebury	H3
I16617	2591	England, Sussex, Brighton, Black Rock	H4a1a1a
I16618	2604	England, Sussex, Brighton, Surrendon Road	K1a4
I17258	2415	England, Hampshire, Stockbridge, New Buildings	K1a2
I17259	2438	England, Hampshire, Stockbridge, New Buildings	H5a1
I17260	2550	England, Hampshire, Stockbridge, New Buildings	U5a1a2a
I19287	2570	England, Wiltshire, Amesbury Down	K1b1a
I19861	2597	England, Wiltshire, Rowbarrow	U2e2a1c
I19862	2571	England, Wiltshire, Rowbarrow	H5a1f
I19863	2352	England, Wiltshire, Rowbarrow	N1a1a1a2
I19868	2579	England, Wiltshire, Rowbarrow	T2e1a
I20585	2550	England, Oxfordshire, Yarnton	K1c1
I27381	2487	England, Dorset, Long Bredy, Bottle Knap	U4c1
I27382	2592	England, Dorset, Long Bredy, Bottle Knap	H1
I27383	2522	England, Dorset, Long Bredy, Bottle Knap	U4c1
I12774	2554	England, Derbyshire, Brassington, Carsington Pasture Cave	H10b
I19867	2598	England, Wiltshire, Rowbarrow	H3+16311
I30300	5575	England, Gloucestershire, Cheltenham, Hazleton North	N1b1b
I12772	2329	England, Cornwall, Padstow, St. Merryn, Harlyn Bay	T2c1d+152
I16380	2329	England, Cornwall, Padstow, St. Merryn, Harlyn Bay	U4b1a1a1
I16388	2329	England, Cornwall, Padstow, St. Merryn, Harlyn Bay	J1c1
I16439	2329	England, Cornwall, Padstow, St. Merryn, Harlyn Bay	T2c1d+152
I16440	2329	England, Cornwall, Padstow, St. Merryn, Harlyn Bay	T2c1d+152
I16441	2329	England, Cornwall, Padstow, St. Merryn, Harlyn Bay	J1c2e
I16442	2329	England, Cornwall, Padstow, St. Merryn, Harlyn Bay	U4b1a1a1
I16453	2350	England, Cornwall, St. Mawes, Tregear Vean	U5a2a1
I16620	2117	England, Co. Durham, Hartlepool, Catcote	H1bs
I21305	2300	England, Somerset, Weston-super-Mare, Grove Park Road	H1
I6769	2548	England, Cornwall, Padstow, St. Merryn, Harlyn Bay	H6a1b2
I14550	1850	England, Sussex, Brighton, Slonk Hill	H3+152
I0156	1981	England, South Cambridgeshire, East Anglia, Hinxton	K1a1b1b
M1489	2035	England, Yorkshire, East Riding, North Ferriby, Melton Quarry	U2e1e
3DT26	1750	England, Yorkshire, Driffield Terrace	H5
3DT16	1750	England, Yorkshire, Driffield Terrace	H6a1a
6DT18	1750	England, Yorkshire, Driffield Terrace	H1bs
6DT21	1750	England, Yorkshire, Driffield Terrace	J1c3e2
6DT22	1750	England, Yorkshire, Driffield Terrace	H
6DT23	1750	England, Yorkshire, Driffield Terrace	H6a1b2
6DT3	1750	England, Yorkshire, Driffield Terrace	J1b1a1
I0160	1973	England, South Cambridgeshire, East Anglia, Hinxton	H1ag1
I0789	2163	England, Cambridgeshire, Linton	H1e
EAS005	1300	England, Kent, Eastry	I2
I12608	2929	England, Wiltshire, Potterne, Blackberry Field	H3ap
I12614	2900	England, Wiltshire, Potterne, Blackberry Field	K1a1b1
I12624	2800	England, Wiltshire, Potterne, Blackberry Field	H3
I12936	2945	England, North Yorkshire, Raven Scar Cave	J1c5f
I13712	2914	England, Kent, East Kent Access Road	U5b2b3a
I13713	2912	England, Kent, East Kent Access Road	H1c
I14358	2808	England, Kent, Cliffs End Farm	H3
I14377	2889	England, Kent, Cliffs End Farm	U5b1b1d
I14379	2801	England, Kent, Cliffs End Farm	T2c1d+152
I14742	2898	England, Kent, Cliffs End Farm	H1+16189
I14745	2789	England, Kent, Cliffs End Farm	X2b
I14862	2834	England, Kent, Cliffs End Farm	H1
I14864	2839	England, Kent, Cliffs End Farm	T2b
I16469	2945	England, North Yorkshire, Raven Scar Cave	H3+152
I7576	3039	England, Bedfordshire, Biddenham Loop	J1c2
I7628	3033	England, Bedfordshire, Biddenham Loop	T1a1
I7629	3015	England, Yorkshire, East Riding, North Ferriby, Melton Quarry	H17
I13617	3086	England, Kent, Margetts Pit	H
I14861	2810	England, Kent, Cliffs End Farm	V
I14865	2823	England, Kent, Cliffs End Farm	H
I12611	2900	England, Wiltshire, Potterne, Blackberry Field	I2
I12612	2900	England, Wiltshire, Potterne, Blackberry Field	U1a1a
I12613	2900	England, Wiltshire, Potterne, Blackberry Field	H1
I16459	2945	England, North Yorkshire, Raven Scar Cave	n/a (<2x)
I16467	2945	England, North Yorkshire, Raven Scar Cave	U5a1g1
I16615	3030	England, Sussex, Brighton, Coldean Lane, Varley Hall	K1c1
I13711	2928	England, Kent, East Kent Access Road	H61
I5383	2945	England, North Yorkshire, Ingleton, Raven Scar Cave	J1c5f
I11142	2067	England, Somerset, Worlebury	H3b+16129
I11144	1976	England, Somerset, North Perrott, North Perrott Manor	H5'36
I11145	2022	England, Somerset, North Perrott, North Perrott Manor	H1q
I12785	2051	England, Gloucestershire, Bourton-on-the-water, Greystones Farm	J1c1b2
I12791	2051	England, Gloucestershire, Bourton-on-the-water, Greystones Farm	H1e1a
I12927	1825	England, Gloucestershire, Bishop's Cleeve, Cleevelands	U5b3b1
I12931	1825	England, Gloucestershire, Bishop's Cleeve, Cleevelands	H6a2
I12932	1825	England, Gloucestershire, Bishop's Cleeve, Cleevelands	H1bs
I14096	1973	England, North Yorkshire, Scorton Quarry	H4a1a2a
I14097	2002	England, North Yorkshire, Scorton Quarry	H66a1
I14351	2048	England, West Yorkshire, Wattle Syke	K2a
I14552	1947	England, Sussex, Brighton, Moulsecoomb	J1c2
I18599	1924	England, Kent, Sittingbourne, Highsted	H
I19047	1976	England, Cambridgeshire, Babraham Research Campus (ARC05), ARES site	H2a
I19587	2048	England, North Yorkshire, Scorton Quarry	K2a
I19870	2051	England, Kent, East Kent Access Road	T1a1
I21302	1922	England, South Somerset, South Cadbury	K1a+195
I21303	1995	England, South Somerset, South Cadbury	H2a5
I21315	2043	England, Somerset, Ham Hill	T1a1'3
I27379	2068	England, Sussex, North Bersted	H7d
I5365	1960	England, Somerset, Priddy	U5a1b1e
I14359	2000	England, West Yorkshire, Wattle Syke	J1c1
I19869	2043	England, Kent, East Kent Access Road	T1a1
I17017	2051	England, Somerset, Christon, Dibbles Farm	U5b1+16189
I19588	2027	England, North Yorkshire, Scorton Quarry	n/a (<2x)
I14360	1984	England, West Yorkshire, Wattle Syke	J1c1
I20615	1786	England, Dorset, Worth Matravers, Football Field	H1i
I14352	2048	England, West Yorkshire, Wattle Syke	K2a
I13710	3252	England, Kent, East Kent Access Road	I4a
I13714	3423	England, Kent, East Kent Access Road	H1c8
I16403	3425	England, North Yorkshire, Cockerham, Elbolton Cave	K2a
I16454	3162	England, Cornwall, St. Merryn, Constantine Island	U5b2b2
I16616	3273	England, Sussex, Brighton, Mile Oak	H13a1a1
I19857	3423	England, Wiltshire, Rowbarrow	J2b1a
I19858	3429	England, Wiltshire, Rowbarrow	J2b1a
I19859	3401	England, Wiltshire, Rowbarrow	H3
I19860	3398	England, Wiltshire, Rowbarrow	T2b21
I19913	3271	England, Kent, East Kent Access Road	J1c2e
I19915	3422	England, Kent, East Kent Access Road	K1c1
I2448	3200	England, Oxfordshire, Yarnton	U8a2
I2639	3430	England, Wiltshire, Amesbury Down	T2e1a
I3082	3386	England, Dorset, Sixpenny Handley, Canada Farm	H1an1a
I7568	3400	England, Needingworth Quarry, Over Narrows	W1+119
I7571	3306	England, Needingworth Quarry, Over Narrows	J1c1
I7572	3380	England, Needingworth Quarry, Over Narrows	H13a1a
I7574	3271	England, Cambridgeshire, Trumpington, Clay Farm	H1a3
I7575	3107	England, Bedfordshire, Biddenham Loop	U5a1d1
I7577	3198	England, Bedfordshire, Biddenham Loop	U5a1a1
I7578	3080	England, Bedfordshire, Biddenham Loop	U5a2c
I7626	3231	England, Bedfordshire, Biddenham Loop	T2b
I7627	3268	England, Bedfordshire, Biddenham Loop	U4a
I7640	3307	England, Cambridgeshire, Trumpington, Clay Farm	U5a2c2
I13716	3223	England, Kent, Margetts Pit	H11a
I2458	3331	England, Wiltshire, Amesbury Down	U5b3
I13618	3116	England, Kent, Margetts Pit	n/a (<2x)
I7580	3087	England, Bedfordshire, Biddenham Loop	U5b2a1a
I7579	3349	England, Bedfordshire, Biddenham Loop	U5b2a1a
I3025	9257	England, Devon, Torquay, Kent's Cavern	U5a2
I6745	10546	England, Somerset, Burrington Combe, Aveline's Hole	U5a2+16294
I6767	10280	England, Somerset, Cheddar, Gough's Cave	U5b1+16189+@16192
I3025	9257	England, Devon, Torquay, Kent's Cavern	U5a2
I6767	10280	England, Somerset, Cheddar, Gough's Cave	U5b1
I6744	10393	England, Somerset, Burrington Combe, Aveline's Hole	U5b1+16189+@16192
I6744	10393	England, Somerset, Burrington Combe, Aveline's Hole	U5b1
I3025	9257	England, Devon, Torquay, Kent's Cavern	U5a2
I6745	10546	England, Somerset, Burrington Combe, Aveline's Hole	B5 / H13 / HV
I6767	10280	England, Somerset, Cheddar, Gough's Cave	U5b1
I11146	2250	England, Somerset, Meare Lake Village West	J1c1c
I11147	2241	England, Somerset, Christon, Dibbles Farm	U5a1b1e
I11148	2292	England, Somerset, Christon, Dibbles Farm	U6d1
I11150	2227	England, Bedfordshire, Broom Quarry	H15a1
I11151	2227	England, Bedfordshire, Broom Quarry	K1a+195
I11153	2285	England, Cambridgeshire, Trumpington Meadows	H3b
I11156	2229	England, Cambridgeshire, Whittlesey, Bradley Fen	J1c3
I11997	2227	England, Cambridgeshire, Whittlesey, Bradley Fen	X2b+226
I12770	2225	England, Derbyshire, Brassington, Carsington Pasture Cave	H3b1b1
I12771	2326	England, Derbyshire, Brassington, Carsington Pasture Cave	U5b2a2a
I12775	2225	England, Derbyshire, Brassington, Carsington Pasture Cave	U5a1b1e
I12778	2230	England, Derbyshire, Brassington, Carsington Pasture Cave	H4a1a2
I13615	2250	England, Kent, East Kent Access Road	H1c
I13680	2224	England, Somerset, Ham Hill	U5a2a1
I13685	2265	England, Somerset, Christon, Dibbles Farm	U5a1b1e
I13687	2222	England, Cambridgeshire, Trumpington Meadows	W1c
I13717	2259	England, Hampshire, Barton-Stacey Pipeline	U5a1a1
I13727	2243	England, Cambridgeshire, Trumpington Meadows	T1a1
I13728	2227	England, Cambridgeshire, Trumpington Meadows	T2a1a
I13729	2350	England, Cambridgeshire, Trumpington Meadows	H1ag1
I13730	2237	England, Kent, East Kent Access Road	H1bb
I13731	2246	England, Kent, East Kent Access Road	U5a1a1g
I13732	2269	England, Kent, East Kent Access Road	U5b2c1
I14347	2224	England, West Yorkshire, Wattle Syke	K2a
I14348	2222	England, West Yorkshire, Wattle Syke	U3a1c
I14380	2235	England, Kent, Cliffs End Farm	T2e1
I14549	2267	England, Sussex, Brighton, Woodingdean	H1
I14551	2349	England, Sussex, Brighton, Slonk Hill	H6a1a
I14800	2228	England, Oxfordshire, Thame	J2b1
I14801	2214	England, Oxfordshire, Thame	X2b+226
I14802	2247	England, Oxfordshire, Thame	X2d
I14804	2233	England, Oxfordshire, Thame	H1o
I14806	2230	England, Oxfordshire, Thame	H1bb
I14807	2241	England, Oxfordshire, Thame	T1a1
I14808	2274	England, Oxfordshire, Thame	H1
I14858	2254	England, Kent, Cliffs End Farm	J1c1
I14859	2227	England, Kent, Cliffs End Farm	H7d3
I14860	2231	England, Kent, Cliffs End Farm	X2b+226
I14863	2225	England, Kent, Cliffs End Farm	U5b1b1+@16192
I14866	2226	England, Kent, Cliffs End Farm	H1at1
I16591	2311	England, Somerset, Christon, Dibbles Farm	H13a1a1
I16592	2231	England, Somerset, Christon, Dibbles Farm	U5a1b1e
I16593	2228	England, Somerset, Ham Hill	H7b
I16595	2236	England, Wiltshire, Longbridge Deverill, Cow Down	T2b9
I16597	2283	England, Bedfordshire, Broom Quarry	H1+16355
I16599	2295	England, Wiltshire, Amesbury Down	T2b1
I16611	2267	England, Hampshire, Middle Wallop, Suddern Farm	H1c
I17014	2227	England, Somerset, Christon, Dibbles Farm	U5b1b1d
I17015	2227	England, Somerset, Christon, Dibbles Farm	H2a2a1
I17016	2226	England, Somerset, Christon, Dibbles Farm	U2e1a1
I17261	2224	England, Hampshire, Middle Wallop, Suddern Farm	R0a
I19044	2228	England, Cambridgeshire, Marshall's Jaguar Land Rover New Showroom (JLU15)	K1a+195
I19045	2238	England, Cambridgeshire, Marshall's Jaguar Land Rover New Showroom (JLU15)	U4a2
I19046	2228	England, Cambridgeshire, Marshall's Jaguar Land Rover New Showroom (JLU15)	H1t
I19207	2232	England, Oxfordshire, Yarnton	H
I19210	2201	England, Oxfordshire, Yarnton	H1cg
I19211	2250	England, Oxfordshire, Yarnton	H1
I19652	2247	England, Somerset, Ham Hill	J1c2a2
I19653	2250	England, Somerset, Ham Hill	H1n6
I19654	2250	England, Somerset, Ham Hill	H1c3a
I19656	2231	England, Somerset, Ham Hill	H5'36
I19856	2250	England, Somerset, Ham Hill	R2'JT
I19872	2275	England, Kent, East Kent Access Road	H13a1a1
I19873	2250	England, Kent, East Kent Access Road	U5b2b
I19874	2250	England, Kent, East Kent Access Road	H1ax
I19907	2250	England, Kent, East Kent Access Road	U2e1a1
I19908	2250	England, Kent, East Kent Access Road	K2b1a
I19909	2227	England, Kent, East Kent Access Road	T1a1+@152
I19910	2250	England, Kent, East Kent Access Road	U4a2
I19911	2250	England, Kent, East Kent Access Road	K1a4a1
I19912	2222	England, Kent, East Kent Access Road	H1bs
I19914	2233	England, Kent, East Kent Access Road	H3g1
I20582	2217	England, Oxfordshire, Stanton Harcourt, Gravelly Guy	H10
I20586	2250	England, Oxfordshire, Yarnton	J2b1a
I20587	2244	England, Oxfordshire, Yarnton	K1a2a
I20588	2225	England, Oxfordshire, Yarnton	V
I20589	2250	England, Oxfordshire, Yarnton	V
I20620	2231	England, Derbyshire, Fin Cop	T2a1b1
I20627	2227	England, Derbyshire, Fin Cop	V2b
I20990	2220	England, Hampshire, Nether Wallop, Danebury	J1c1b1a
I21178	2250	England, Oxfordshire, Yarnton	T2b3+151
I21179	2228	England, Oxfordshire, Yarnton	T2b
I21180	2267	England, Oxfordshire, Yarnton	H7a1
I21181	2250	England, Oxfordshire, Yarnton	H3
I21182	2250	England, Oxfordshire, Yarnton	J1c2
I21293	2263	England, Bedfordshire, Broom Quarry	J1c1b
I3014	2225	England, Derbyshire, Brassington, Carsington Pasture Cave	H
I3083	2233	England, London, River Thames, Putney Foreshore	R
I7632	2240	England, Sussex, Brighton, Slonk Hill	H1
I14803	2224	England, Oxfordshire, Thame	H2a1
I20583	2233	England, Oxfordshire, Stanton Harcourt, Gravelly Guy	K1a4a1
I13683	2254	England, Somerset, Meare Lake Village West	n/a (<2x)
I19209	2250	England, Oxfordshire, Yarnton	H
I11143	2145	England, Somerset, Worlebury	H3b+16129
I11152	2179	England, Cambridgeshire, Over	U3a1
I11991	2116	England, Somerset, Worlebury	H3b+16129
I11992	2095	England, Somerset, Worlebury	H3b+16129
I11993	2200	England, Somerset, Ham Hill	J1c2a2
I11994	2200	England, Somerset, Ham Hill	U5a2c3a
I12790	2200	England, Cornwall, Newquay, Tregunnel	H2a1
I12793	2200	England, Cornwall, Newquay, Tregunnel	H2a1
I12926	2200	England, Gloucestershire, Fairford, Saxon Way	H2a2a2
I13616	2153	England, Kent, East Kent Access Road	H1b1+16362
I13726	2133	England, Somerset, Worlebury	H13a1a1
I14353	2120	England, West Yorkshire, Wattle Syke	U5b2a1a1
I14809	2199	England, Oxfordshire, Thame	V7
I14837	2134	England, West Yorkshire, Dalton Parlours	K1a4a1c
I16386	2050	England, Cornwall, Newquay, Trethellan Farm	T1a1
I16450	2050	England, Cornwall, Newquay, Trethellan Farm	T1a1
I16455	2050	England, Cornwall, Newquay, Trethellan Farm	T1
I16457	2050	England, Cornwall, Newquay, Trethellan Farm	T1a1
I16458	2050	England, Cornwall, Newquay, Trethellan Farm	T2c1d+152
I16601	2082	England, Wiltshire, Amesbury Down	H17
I16609	2079	England, Hampshire, Middle Wallop, Suddern Farm	J1c2e
I16613	2148	England, Hampshire, Nether Wallop, Danebury	J1b1a1
I16619	2198	England, Sussex, Brighton, Bevendean	H49
I17262	2176	England, Hampshire, Middle Wallop, Suddern Farm	T2b
I17263	2114	England, Hampshire, Nether Wallop, Danebury	J1c1c
I17264	2225	England, Hampshire, Nether Wallop, Danebury	U2e1f1
I17266	2183	England, Hampshire, Nether Wallop, Danebury	U5b1b1+@16192
I17267	2225	England, Hampshire, Nether Wallop, Danebury	V
I19040	2200	England, Hampshire, Winnall Down	H1m
I19042	2245	England, Hampshire, Winnall Down	T2b33
I19657	2183	England, Somerset, Ham Hill	H5s
I19854	2200	England, Somerset, Ham Hill	J1c2a2
I19855	2200	England, Somerset, Ham Hill	H1ak1
I20584	2161	England, Oxfordshire, Stanton Harcourt, Gravelly Guy	K1a4a1
I20621	2175	England, Derbyshire, Fin Cop	T2c1d1
I20622	2186	England, Derbyshire, Fin Cop	T2c1d1
I20623	2225	England, Derbyshire, Fin Cop	V2b
I20624	2194	England, Derbyshire, Fin Cop	U2e1a1
I20625	2092	England, Derbyshire, Fin Cop	T1a1
I20626	2118	England, Derbyshire, Fin Cop	H7b
I20628	2131	England, Derbyshire, Fin Cop	I2a
I20630	2175	England, Derbyshire, Fin Cop	H1au1b
I20631	2175	England, Derbyshire, Fin Cop	V2b
I20634	2175	England, Derbyshire, Fin Cop	K2b1a1a
I20982	2176	England, Hampshire, Middle Wallop, Suddern Farm	J1c3
I20983	2176	England, Hampshire, Middle Wallop, Suddern Farm	H3b+16129
I20984	2176	England, Hampshire, Middle Wallop, Suddern Farm	H1j6
I20985	2176	England, Hampshire, Middle Wallop, Suddern Farm	U4a3a
I20986	2176	England, Hampshire, Middle Wallop, Suddern Farm	HV0+195
I20987	2176	England, Hampshire, Middle Wallop, Suddern Farm	U5b2b3
I20988	2225	England, Hampshire, Nether Wallop, Danebury	T2b19
I20989	2173	England, Hampshire, Nether Wallop, Danebury	K1c1
I21271	2200	England, Oxfordshire, Stanton Harcourt, Gravelly Guy	W1c
I21272	2200	England, Oxfordshire, Stanton Harcourt, Gravelly Guy	V
I21274	2200	England, Oxfordshire, Stanton Harcourt, Gravelly Guy	K1a4a1
I21275	2231	England, Oxfordshire, Stanton Harcourt, Gravelly Guy	K1a4a1
I21276	2229	England, Oxfordshire, Stanton Harcourt, Gravelly Guy	K1a4a1
I21277	2225	England, Oxfordshire, Stanton Harcourt, Gravelly Guy	K1a4a1
I21307	2117	England, Wiltshire, Battlesbury Bowl	H7d
I21308	2058	England, Wiltshire, Battlesbury Bowl	J1c1b
I21309	2165	England, Wiltshire, Battlesbury Bowl	X2b+226
I21310	2115	England, Wiltshire, Battlesbury Bowl	U4c1
I21311	2078	England, Wiltshire, Battlesbury Bowl	H16+152
I21312	2096	England, Wiltshire, Casterley Camp	J1b1a1
I21313	2165	England, Wiltshire, Casterley Camp	H3g
I21314	2095	England, Wiltshire, Casterley Camp	V23
I19655	2200	England, Somerset, Ham Hill	H1c3a
I19037	2200	England, Hampshire, Winnall Down	J1b1a1b
I13681	2175	England, Somerset, Worlebury	H3b+16129
I16387	2050	England, Cornwall, Newquay, Trethellan Farm	n/a (<2x)
I16390	2050	England, Cornwall, Newquay, Trethellan Farm	n/a (<2x)
I16456	2050	England, Cornwall, Newquay, Trethellan Farm	n/a (<2x)
I16596	2175	England, Somerset, Worlebury	H3b+16129
I19655	2200	England, Somerset, Ham Hill	H1c3a
I12792	2200	England, Cornwall, Newquay, Tregunnel	H2a1
I20632	2175	England, Derbyshire, Fin Cop	V2b
I12779	2225	England, Derbyshire, Brassington, Carsington Pasture Cave	T2b4c
I14378	2264	England, Kent, Cliffs End Farm	I2
I0518	5180	England, Northampton, Banbury Lane	K1a3a1
I0519	5180	England, Northampton, Banbury Lane	X2b+226
I0520	5180	England, Northampton, Banbury Lane	U5a2c
I14326	4908	England, East Riding of Yorkshire, Thornholme, East Coast Pipeline (field 13)	H1c
I16463	5700	England, North Yorkshire, Cockerham, Elbolton Cave	H4a1a2
I2605	5397	England, Buckinghamshire, Eton Rowing Course	J1c6
I2606	5065	England, Buckinghamshire, Eton Rowing Course	K1a+195
I3005	5657	England, Somerset, Burrington Combe, Aveline's Hole	K1a4a1
I3040	5525	England, Sussex, Brighton, Whitehawk	U8b
I3068	5533	England, Derbyshire, Brassington, Carsington Pasture Cave	T2c1d1
I4949	5417	England, Wiltshire, Winterbourne Monkton, North Millbarrow	T2b
I5366	5516	England, Sussex, Cissbury	X2b+226
I5374	4480	England, Somerset, Cheddar, Totty Pot	H1c
I5387	4850	England, Wiltshire, Avebury, West Kennet	U5a2d
I6746	5526	England, Somerset, Burrington Combe, Aveline's Hole	U5b1+16189+@16192
I6747	5528	England, Derbyshire, Brassington, Carsington Pasture Cave	J1c1b
I6750	5650	England, Wiltshire, Salisbury, Fussell's Lodge	K1a+195
I6751	5650	England, Wiltshire, Salisbury, Fussell's Lodge	U5b1+16189+@16192
I6753	5305	England, Kent, Trottiscliffe, Coldrum	K1a2b
I6755	5528	England, North Yorkshire, Ha Cave, Giggleswick Scar	K
I6757	5493	England, North Yorkshire, Attermire Scar, Jubilee Cave	J1c9
I6759	5527	England, North Yorkshire, Kelco Cave, Giggleswick Scar	J1
I6760	5781	England, Gloucestershire, Hampnett, Burn Ground	U5b2a
I6761	5525	England, Sussex, Brighton, Whitehawk	K1a+195
I6762	5700	England, Gloucestershire, Chipping Norton, Upper Swell	K1a1b1
I3039	5525	England, Sussex, Brighton, Whitehawk	R
I3039	5525	England, Sussex, Brighton, Whitehawk	M / V / B4
I3039	5525	England, Sussex, Brighton, Whitehawk	M / V / B4
I3040	5525	England, Sussex, Brighton, Whitehawk	K1a11
I5387	4850	England, Wiltshire, Avebury, West Kennet	U5a
I6746	5526	England, Somerset, Burrington Combe, Aveline's Hole	U5b1
I6747	5528	England, Derbyshire, Brassington, Carsington Pasture Cave	J1c1
I6753	5305	England, Kent, Trottiscliffe, Coldrum	K1
I6755	5528	England, North Yorkshire, Ha Cave, Giggleswick Scar	K1a2
I6760	5781	England, Gloucestershire, Hampnett, Burn Ground	U5b2
I5374	4480	England, Somerset, Cheddar, Totty Pot	H1c
I12439	5600	England, Gloucestershire, Cheltenham, Hazleton North	K1b1a
I12440	5600	England, Gloucestershire, Cheltenham, Hazleton North	K2b1
I13888	5600	England, Gloucestershire, Cheltenham, Hazleton North	K1b1a
I13889	5624	England, Gloucestershire, Cheltenham, Hazleton North	K1b1a1d
I13890	5600	England, Gloucestershire, Cheltenham, Hazleton North	T2e1
I13891	5526	England, Gloucestershire, Cheltenham, Hazleton North	U5b1+16189+@16192
I13892	5677	England, Gloucestershire, Cheltenham, Hazleton North	T2e1
I13893	5517	England, Gloucestershire, Cheltenham, Hazleton North	K1a4
I13896	5486	England, Gloucestershire, Cheltenham, Hazleton North	J1c1b1
I13897	5600	England, Gloucestershire, Cheltenham, Hazleton North	V
I13898	5569	England, Gloucestershire, Cheltenham, Hazleton North	K1a3a1
I13899	5600	England, Gloucestershire, Cheltenham, Hazleton North	U3a1
I20821	5486	England, Gloucestershire, Cheltenham, Hazleton North	H5
I30293	5575	England, Gloucestershire, Cheltenham, Hazleton North	U5b1+16189
I30299	5575	England, Gloucestershire, Cheltenham, Hazleton North	K2b1
I30302	5575	England, Gloucestershire, Cheltenham, Hazleton North	K2b1
I13895	5600	England, Gloucestershire, Cheltenham, Hazleton North	U8b1b
I21390	5630	England, Gloucestershire, Cheltenham, Hazleton North	U8b1b
I2611	4939	England, Blaydon, Tyne and Wear, Summerhill	U5a2d1
I6748	5813	England, Somerset, Mendip, Hay Wood Cave	H
I3019	5150	England, Somerset, Cheddar, Totty Pot	H4a1a+195
I4949	5417	England, Wiltshire, Winterbourne Monkton, North Millbarrow	T2b
I3005	5657	England, Somerset, Burrington Combe, Aveline's Hole	K1a4
I3040	5525	England, Sussex, Brighton, Whitehawk	K1a11
I3068	5533	England, Derbyshire, Brassington, Carsington Pasture Cave	T2c1d
I5366	5516	England, Sussex, Cissbury	X2b
I5374	4480	England, Somerset, Cheddar, Totty Pot	H1c
I5387	4850	England, Wiltshire, Avebury, West Kennet	U5a
I6746	5526	England, Somerset, Burrington Combe, Aveline's Hole	U5b1
I6747	5528	England, Derbyshire, Brassington, Carsington Pasture Cave	J1c1
I6753	5305	England, Kent, Trottiscliffe, Coldrum	K1
I6755	5528	England, North Yorkshire, Ha Cave, Giggleswick Scar	K1a2
I6757	5493	England, North Yorkshire, Attermire Scar, Jubilee Cave	J1c
I6760	5781	England, Gloucestershire, Hampnett, Burn Ground	U5b2
SED007	1200	England, Norfolk, Sedgeford	H1a1
SED011	1200	England, Norfolk, Sedgeford	T2
I14088	1427	England, Scorton, Hollow Banks	H1g1
I14089	1378	England, Scorton, Hollow Banks	H5k
I14090	1382	England, Scorton, Hollow Banks	J1c2b5
I14091	1392	England, Scorton, Hollow Banks	U5b2a1a1a
I14095	1466	England, Scorton, Hollow Banks	U5b1e1
LAK016	1487	England, Suffolk, Lakenheath	H1 (?)
613	5639	England, Cambridgeshire, Trumpington Meadows	K1a + 196
611	5418	England, Cambridgeshire, Trumpington Meadows	K1a + 195
VK149	1010	England, Oxford, St John's College Oxford	H1a1
VK164	1010	England, Oxford, St John's College Oxford	I3a1
VK150	1010	England, Oxford, St John's College Oxford	H1+16239
VK178	1010	England, Oxford, St John's College Oxford	K2a5
VK143	1010	England, Oxford, St John's College Oxford	U5b1b1+@16192
VK144	1010	England, Oxford, St John's College Oxford	V1a1
VK145	1010	England, Oxford, St John's College Oxford	H17
VK146	1010	England, Oxford, St John's College Oxford	J1c3e1
VK147	1010	England, Oxford, St John's College Oxford	T1a1q
VK148	1010	England, Oxford, St John's College Oxford	H6a1a
VK151	1010	England, Oxford, St John's College Oxford	T2b4+152
VK163	1010	England, Oxford, St John's College Oxford	U2e2a1a1
VK165	1010	England, Oxford, St John's College Oxford	U4b1b1
VK166	1010	England, Oxford, St John's College Oxford	H3ag
VK167	1010	England, Oxford, St John's College Oxford	H4a1a4b
VK168	1010	England, Oxford, St John's College Oxford	H4a1a4b
VK171	945	Anglesey, Wales, Glyn Llanbedrgoch	H2a2b4
VK172	1010	England, Oxford, St John's College Oxford	I1a1e
VK173	1010	England, Oxford, St John's College Oxford	U5a1b+16362
VK174	1010	England, Oxford, St John's College Oxford	H1+16239
VK175	1010	England, Oxford, St John's College Oxford	H1a1
VK176	1010	England, Oxford, St John's College Oxford	H10
VK177	1010	England, Oxford, St John's College Oxford	H82
VK256	953	England, Dorset, Ridgeway Hill Mass Grave	H1c7
VK257	953	England, Dorset, Ridgeway Hill Mass Grave	H5a1c1a
VK258	953	England, Dorset, Ridgeway Hill Mass Grave	K1a4a1
VK259	953	England, Dorset, Ridgeway Hill Mass Grave	I2
VK260	953	England, Dorset, Ridgeway Hill Mass Grave	H1e1a
VK261	953	England, Dorset, Ridgeway Hill Mass Grave	H52
VK262	953	England, Dorset, Ridgeway Hill Mass Grave	J1c4
VK263	953	England, Dorset, Ridgeway Hill Mass Grave	K1a4d
VK264	953	England, Dorset, Ridgeway Hill Mass Grave	N1a1a1a2
VK449	953	England, Dorset, Ridgeway Hill Mass Grave	H6a2a
X16	2936	Harju, Kangru 1 at Väo, cist	J1c4
X19	2750	Harju, Parna 1 at Väo, cist	U
X13	2583	Harju, Lastekangur 2 at Rebala, cist	K1b2a
X09	2740	Harju, Lõokese at Muuksi, cist B	J1b1a
0LS11	2918	Harju, Jõelähtme 34, cist?	H1c
V14	3130	Harju, Toomani 5 at Muuksi, cist 1	U2e2a1
V16	2434	Harju, Jaani A at Väo, cist	H1b2
V9	3072	Harju, Jõelähtme 7, cist	K1c1h
X02	2937	Harju, Iru 14, cist	T1a1b
X08	2819	Harju, Lõokese at Muuksi, cist A	T2a1b1a2
X10	3075	Harju, Lõokese e at Muuksi, cist C	U5a2a1
X11	2906	Ida-Viru, Napa 3, cist	J1c2k
X12	2767	Ida-Viru, Napa 4, cist	W6
X14	2580	Harju, Lastekangur 2 at Rebala, cist	H1b2
X15	3037	Tartu, Vehendi 11, peripheral, square 4/d	U5b1b1+@16192
X17	2819	Harju, Kangru 8 at Väo, cist?	U4a2b
X20	2787	Harju, Parna 1 at Väo, cist	U4a2b
X05	3049	Harju, Toomani 5 at Muuksi, cist 2	T2a1b1a1
MA973	4416	Kursi, Jõgeva	J1c3
Ardu1	4652	Ardu, Harju	T2a1
kar1	4195	Karlova	H1f1a 
Kunila1	4400	Kursi, Jõgeva	U5b1b
MA973	4416	Kursi, Jõgeva	J1c3
Sope	4442	Jäbara, Ida-Viru, Sope	H5a1
Ardu2	4652	Ardu, Harju	U5b2c
VK490	1227	Saaremaa, Salme	H16
VK497	1200	Saaremaa, Salme	H16
VK485	1244	Saaremaa, Salme	H16
VK480	1200	Saaremaa, Salme	U4a2a1
VK481	1200	Saaremaa, Salme	T2a1a
VK482	1200	Saaremaa, Salme	H1a
VK483	1191	Saaremaa, Salme	H16
VK484	1200	Saaremaa, Salme	H6a1a
VK486	1200	Saaremaa, Salme	U4a2a
VK487	1200	Saaremaa, Salme	H17a2
VK488	1200	Saaremaa, Salme	H5c
VK489	1200	Saaremaa, Salme	T2e1
VK491	1200	Saaremaa, Salme	H6a1a
VK492	1200	Saaremaa, Salme	H1b5
VK493	1200	Saaremaa, Salme	H2a2a1
VK495	1200	Saaremaa, Salme	H1b
VK496	1200	Saaremaa, Salme	H1a
VK498	1200	Saaremaa, Salme	H1q
VK504	1200	Saaremaa, Salme	H28a
VK505	1200	Saaremaa, Salme	J1b1a1b
VK506	1237	Saaremaa, Salme	J1c2
VK507	1121	Saaremaa, Salme	HV6
VK508	1200	Saaremaa, Salme	J1c5
VK509	1200	Saaremaa, Salme	H1n+146
VK510	1200	Saaremaa, Salme	H10e
VK511	1200	Saaremaa, Salme	T2a1a
VK512	1200	Saaremaa, Salme	H2a2b1
VK549	1200	Saaremaa, Salme	T2b5a
VK550	1200	Saaremaa, Salme	V
VK551	1200	Saaremaa, Salme	J2a1a1a2
VK552	1200	Saaremaa, Salme	H10e
VK553	1200	Saaremaa, Salme	K1c1h
VK554	1120	Saaremaa, Salme	W6a
VK555	1200	Saaremaa, Salme	U3b1b
Kivisaare3	6594	Kivisaare	U4a1
Veibri4	6760	Veibri	U5b1
0LS09	2389	Harju, Ilmandu III	H6a1a
V7	2572	Harju, Ilmandu III, tarand IV, burial 1	T2a1b1a1
V8	2462	Harju, Ilmandu III, tarand IV, burial 9	HV0
VII3	2222	Pärnu, Poanse I, tarand 4	U5a1d
0LS10	2609	Lääne-Viru, Hiiemägi at Kunda, tarand III, burial 9	H13a1a1a
V10	2573	Lääne-Viru, Hiiemägi at Kunda, tarand XI, burial 24	H1a
V11	2229	Saare, Kurevere, large circle	W3a1d
V12	2104	Saare, Kurevere, tarand VII	I1a1c
VII4	2493	Laane-Viru, Tandemägi IV at Võhma, tarand 2	T1a1b
X04	2345	Saare, Loona 1, outside the cist, square d/107	H1c
SOP002	4620	Ida-Viru, Sope	R1b1
0LS03	740	Ida-Viru, Kukruse, burial 9	U4d1
IIa	685	Saare, Karja, burial 16	H3h1
IIf	575	Valga, Otepää Piiri St., 1938, burial 1	T2b
IIg	740	Lääne-Viru, Pada, burial 151	U4a2b
IIIt	600	Võru, Vaabina, burial 43	U5a2a1
ILS01	388	Tartu, Vana-Kuuste, burial 73	H11a1
IVLS09KT	365	Tartu, Mäletjärve, burial 18	H2a1
Tamula1	5407	Tamula	U5a1d2b
Tamula3	5666	Tamula	U4d2
Kudruküla2	5586	Kudruk�la, Ida-Viru	U4a
Kudruküla3	5488	Kudruk�la, Ida-Viru	U2e1
I5950	4470	Gamo Highlands, Mota Cave	L3x2a
I5950	4470	Gamo Highlands, Mota Cave	L3x2a
I5950	4470	Gamo Highlands, Mota Cave	L3x2a
I5950	4470	Gamo Highlands, Mota Cave	L3x2a
VK236	350	Faroes, Church2	H3a1a
VK234	350	Faroes, Church2	H3a1a
VK45	350	Faroes, Church2	H3a1
VK245	350	Faroes, Church2	H3a1
VK44	350	Faroes, Church2	H3a1a
VK237	350	Faroes, Church2	J2a2c
VK238	350	Faroes, Church2	H3a1a
VK239	350	Faroes, Church2	H5
VK240	350	Faroes, Church2	H1ap1
VK241	350	Faroes, Church2	H17
VK242	350	Faroes, Church2	H3a1a
VK244	350	Faroes, Church2	H2a2a2
VK248	350	Faroes, Church2	H49a
VK25	350	Faroes, Church2	H3a1a
VK27	350	Faroes, Church2	U5a1g1
VK46	350	Faroes, Church2	H5
VK24	900	Faroes, Hvalba	J1b1a1a
JK1968	1400	Isokyro, Levanluhta	U5a1a1a'b'n
JK1970	1400	Isokyro, Levanluhta	U5a1a1
JK2065	1400	Isokyro, Levanluhta	K1a4a1b
JK2066	1400	Isokyro, Levanluhta	K1a4a1b
JK2067	1400	Isokyro, Levanluhta	K1a4a1b
DA237	1388	Levanluhta	H1 
Saami	0	..	U5b1b1a1
TU918(SX32)	4289	Alsace, Lingolsheim	N1n1n
TU915(SX29)	6600	Alsace, Lingolsheim	T2b
TU916(SX30)	6662	Alsace, Lingolsheim	U8b1b1
TU919(SX33)	6625	Alsace, Lingolsheim	H1
I16791	3737	Morbihan, Quiberon, Beg-er-Vil	R1a1a
I16792	3750	Morbihan, Quiberon, Beg-er-Vil	R1a1a
I16184	3350	Salonnes, Burthecourt	H17
I1381	4250	Moselle, Mondelange, PAC de la Sente	H
I1382	4195	Moselle, Mondelange, PAC de la Sente	U5a2c3a
I1390	4331	Haut-Rhin, Sierentz, Les Villas d'Aurele	X2b4a
I1391	4179	Haut-Rhin, Rouffach	J1c4
I2575	4323	Forcalquier, La Fare	K1c1
I1389	4361	Haut-Rhin, Sierentz, Les Villas d'Aurele	X2b4a
I1389	4361	Haut-Rhin, Sierentz, Les Villas d'Aurele	X2b4a
I1388	4198	Haute-Savoie, Marlens, Sur les Barmes	H
I1392	4516	Haut-Rhin, Hegenheim, Necropole	H1+152
I1391	4179	Haut-Rhin, Rouffach	J1c4
I2575	4323	Forcalquier, La Fare	K1
BerryAuBac	7237	Berry Au Bac	U5b1a
BerryAuBac	7237	Berry Au Bac	U5b1a
Chaudardes1	8218	Chaudardes	U5b1b
I10342	3728	Lauzet-Ubaye, Villard	W6
I10343	3732	Lauzet-Ubaye, Villard	J1c5
I10347	3527	Lauzet-Ubaye, Villard	T1a
I10348	3642	Lauzet-Ubaye, Villard	H1e
I15028	4218	Morbihan, Quiberon, Port Blanc	J1c2e
I15033	3765	Morbihan, Quiberon, Port Blanc	T1a1
I3874	4065	Lauzet-Ubaye, Villard	T2b3
I3875	3985	Lauzet-Ubaye, Villard	H1e
I10345	4299	Lauzet-Ubaye, Villard	H1e1a
PEN001_real2	7359	Alpes-Maritimes, Pendimoun	HV0+195
PEN003	7363	Alpes-Maritimes, Pendimoun	J1c3
LBR001	6740	Alpes-Maritimes, Les Bréguières	H1
LBR002	6991	Alpes-Maritimes, Les Bréguières	U5b2b3
LBR003	6680	Alpes-Maritimes, Les Bréguières	HV0+195
LBR004	6797	Alpes-Maritimes, Les Bréguières	U8a1
LBR005	7051	Alpes-Maritimes, Les Bréguières	K1a2b
PEN001_real1	7361	Alpes-Maritimes, Pendimoun	K1a1b1
I16247	4534	Meurthe-et-Moselle (54), Martincourt	U5b3b
RIX2	3600	Grand-Est (East), Rixheim, Zac du Petit Prince	T2c1d-152
BIS130	3850	Grand-Est (East), Bischwihr, Muehlacker	K2b1b
BIS385	3850	Grand-Est (East), Bischwihr, Muehlacker	T2c1d2a
OBE3626-1	3774	Grand-Est (East), Obernai, PAEI	R1b
OBE3722	3750	Grand-Est (East), Obernai, PAEI	I5
PSS4170	4030	Grand-Est (East), Pont-sur-Seine, Pont-sur-Seine	H25
RIX15	3600	Grand-Est (East), Rixheim, Zac du Petit Prince	T2b19
RIX4	3664	Grand-Est (East), Rixheim, Zac du Petit Prince	K1a4a1a1
Mor6	7019	Grand-Est (East), Morschwiller-le-Bas, ZAC des collines I IKEA, Hungeheuer Hoelzle	H3q1
Schw432	7031	Grand-Est (East), Schwindratzheim, Lotissement Les Terrasses de la Zorn	X2b
Schw72-15	7025	Grand-Est (East), Schwindratzheim, Lotissement Les Terrasses de la Zorn	T2f
Jeb8	2450	Grand-Est (East), Sainte-Croix-en-Plaine, Jebsen Boden	J1c8a
NOR2B6	2700	Grand-Est (East), Nordhouse, Nordhouse	K1a2a
NOR3-15	2700	Grand-Est (East), Nordhouse, Nordhouse	J1c2o
NOR3-6	2500	Grand-Est (East), Nordhouse, Nordhouse	H7d
NOR4	2500	Grand-Est (East), Nordhouse, Nordhouse	U5a1a1
I19356	2200	Marne, Chemin de Coupetz, Faux Vesigneul	H1
I19357	2200	Marne, Chemin de Coupetz, Faux Vesigneul	H5
I19358	2200	Marne, Chemin de Coupetz, Faux Vesigneul	H1
I19359	2200	Marne, Chemin de Coupetz, Faux Vesigneul	K1a4a1
I19362	2200	Marne, Chemin de Coupetz, Faux Vesigneul	K1b2a
I20813	2200	Marne, Chemin de Coupetz, Faux-Vesigneul	J1c2o
I20815	2200	Marne, Chemin de Coupetz, Faux-Vesigneul	K1a1b1
I20817	2200	Marne, Chemin de Coupetz, Faux-Vesigneul	T2b3+151
I20827	2200	Marne, Chemin de Coupetz, Faux Vesigneul	H3
I21399	2200	Marne, Chemin de Coupetz, Faux Vesigneul	K1a1b1
I21400	2200	Marne, Chemin de Coupetz, Faux Vesigneul	K1a1b1
I21402	2200	Marne, Chemin de Coupetz, Faux Vesigneul	J2b1b1
I21931	2200	Marne, Chemin de Coupetz, Faux-Vesigneul	K1a4a1
I20812	2200	Marne, Chemin de Coupetz, Faux-Vesigneul	H1u
I21403	2200	Marne, Chemin de Coupetz, Faux Vesigneul	H
I19361	2200	Marne, Chemin de Coupetz, Faux Vesigneul	H1c9
I20811	2200	Marne, Chemin de Coupetz, Faux-Vesigneul	H2a
I20816	2200	Marne, Chemin de Coupetz, Faux-Vesigneul	n/a (<2x)
I20828	2200	Marne, Chemin de Coupetz, Faux Vesigneul	U5b2a1a1
I21401	2200	Marne, Chemin de Coupetz, Faux Vesigneul	HV0
I19363	2200	Marne, Chemin de Coupetz, Faux Vesigneul	K1b2a
I19360	2200	Marne, Chemin de Coupetz, Faux Vesigneul	K1b2a
COL11	2290	Grand-Est (East), Colmar, Jardin des Aubépines	H2b
COL153A	2290	Grand-Est (East), Colmar, Jardin des Aubépines	K1a26
COL153i	2290	Grand-Est (East), Colmar, Jardin des Aubépines	H1q
ERS1164	2200	Grand-Est (East), Erstein, Erstein Untergasse	H2a2a1
ERS86	2200	Grand-Est (East), Erstein, Erstein Untergasse	HV0
ERS88	2200	Grand-Est (East), Erstein, Erstein Untergasse	U5a1g
NIED	2825	Grand-Est (East), Niederergheim, Innere Allmende	U5b2b
BERG02-2	5867	Grand-Est (East), Bergheim, Saulager	W5b
BERG157-2	6050	Grand-Est (East), Bergheim, Saulager	J1c1b
BERG157-7	6112	Grand-Est (East), Bergheim, Saulager	U5b1c
BUCH2	6250	..	U5b1-16189
PSS4693	5396	Grand-Est (East), Pont-sur-Seine, Ferme de l'Ile	U5b3b
ROS102	6600	"Grand-Est (East), Rosheim, Rosheim ""Mittelfeld"" ""Rosenmeer"""	K1a1a
ROS45	6644	"Grand-Est (East), Rosheim, Rosheim ""Mittelfeld"" ""Rosenmeer"""	H5u
ROS78	6600	"Grand-Est (East), Rosheim, Rosheim ""Mittelfeld"" ""Rosenmeer"""	U8b1b1
ROS82	6619	"Grand-Est (East), Rosheim, Rosheim ""Mittelfeld"" ""Rosenmeer"""	T2f7
WET370	5494	Grand-Est (East), Wettolsheim, Wettolsheim	H1c5a'
MDV248	6963	Hauts-de-France (North), Menneville, Derrière le village	K1a12
ATT26	2200	Hauts-de-France (North), Attichy-Bitry, Le Buissonnet	H8
BFM265	2175	Hauts-de-France (North), Bucy-le-Long, le fond du Marais	U2e1b2
CBV95	4447	Hauts-de-France (North), Ciry_Salsogne, La Bouche-à-Vesle	J2a1a1
BLP10	6065	Hauts-de-France (North), Beaurieux, la Plaine	H1e
Es97-1	6500	Hauts-de-France (North), Escalles, Mont d'Hubert	K1a26
Iboussieres25-1	11675	Aven des Iboussières à Malataverne, Rhône-Alpes	U5b2a
Iboussieres31-2	11675	Aven des Iboussières à Malataverne, Rhône-Alpes	U5b1
Iboussieres39	11741	Aven des Iboussières à Malataverne, Rhône-Alpes	U5b2b
TORTF	3861	La Clape, Grotte des Tortues	H6a1a
TORTC	4476	La Clape, Grotte des Tortues	K1b1a
TORTD	4973	La Clape, Grotte des Tortues	K1a2a
TORTE	4574	La Clape, Grotte des Tortues	K1a2b
GBVPL	4474	La Clape, Grotte Basse de la Vigne Perdue	J1c
GBVPK	4336	La Clape, Grotte Basse de la Vigne Perdue	J2b1a
GBVPO	3598	La Clape, Grotte Basse de la Vigne Perdue	U5b3
ROUQCC	5346	La Clape, Grotte du Rouquet	T2c1d+152
ROUQEE	5047	La Clape, Grotte du Rouquet	H1+152
ROUQFF	5166	La Clape, Grotte du Rouquet	V
ROUQHH	5163	La Clape, Grotte du Rouquet	U2e1c1
ROUQV	5159	La Clape, Grotte du Rouquet	H3
ROUQW	5165	La Clape, Grotte du Rouquet	X2
LesCloseaux13	9933	Les Closeaux	U5a2
I18428	5400	Aube (10), Moussey PLA 2018	K1a1b1
I18426	5396	Aube (10), Moussey PLA 2018	n/a (<2x)
I18427	5400	Aube (10), Moussey PLA 2018	n/a (<2x)
MAS15	4950	La Cavalade, Mas Rouge	H4a
I10344	3314	Lauzet-Ubaye, Villard	H3+152
I15027	685	Morbihan, Saint-Pierre Quiberon, Port Bara	U4a3a
FLR001	6414	Calvados, Fleury-sur-Orne	U5b2b3a
FLR002	5972	Calvados, Fleury-sur-Orne	J2b1a
FLR003	6376	Calvados, Fleury-sur-Orne	J2a1a1
FLR004	6512	Calvados, Fleury-sur-Orne	K1b1
FLR005	6301	Calvados, Fleury-sur-Orne	J1c1b1
FLR007	6326	Calvados, Fleury-sur-Orne	U5b1c
FLR010	6345	Calvados, Fleury-sur-Orne	T2c1d+152
FLR013	6356	Calvados, Fleury-sur-Orne	J2b1d
FLR014	6426	Calvados, Fleury-sur-Orne	K1a
GRG003	6450	"Yonne, Gurgy ""les Noisats"""	K1a+195
GRG008	6450	"France, Yonne, Gurgy ""les Noisats"" Family A (12 members) (we detect 21 2d/3d relative pairs: GRG008-GRG018, GRG023-GRG027, GRG021-GRG027, GRG018-GRG027, GRG023-GRG035, GRG016-GRG023, GRG016-GRG025, GRG016-GRG035, GRG016-GRG041, GRG015-GRG041, GRG008-GRG041, GRG018-GRG041, GRG021-GRG041, GRG023-GRG041, GRG027-GRG041, GRG035-GRG041, GRG057-GRG041, GRG057-GRG008, GRG057-GRG018, GRG057-GRG021, GRG057-GRG027)"	U5b1+16189+@16192
GRG015	6450	"France, Yonne, Gurgy ""les Noisats"" Family A (12 members) (we detect 21 2d/3d relative pairs: GRG008-GRG018, GRG023-GRG027, GRG021-GRG027, GRG018-GRG027, GRG023-GRG035, GRG016-GRG023, GRG016-GRG025, GRG016-GRG035, GRG016-GRG041, GRG015-GRG041, GRG008-GRG041, GRG018-GRG041, GRG021-GRG041, GRG023-GRG041, GRG027-GRG041, GRG035-GRG041, GRG057-GRG041, GRG057-GRG008, GRG057-GRG018, GRG057-GRG021, GRG057-GRG027)"	J1c1b
GRG016	6407	"France, Yonne, Gurgy ""les Noisats"" Family A (12 members) (we detect 21 2d/3d relative pairs: GRG008-GRG018, GRG023-GRG027, GRG021-GRG027, GRG018-GRG027, GRG023-GRG035, GRG016-GRG023, GRG016-GRG025, GRG016-GRG035, GRG016-GRG041, GRG015-GRG041, GRG008-GRG041, GRG018-GRG041, GRG021-GRG041, GRG023-GRG041, GRG027-GRG041, GRG035-GRG041, GRG057-GRG041, GRG057-GRG008, GRG057-GRG018, GRG057-GRG021, GRG057-GRG027)"	N1a1a1a
GRG018	6593	"France, Yonne, Gurgy ""les Noisats"" Family A (12 members) (we detect 21 2d/3d relative pairs: GRG008-GRG018, GRG023-GRG027, GRG021-GRG027, GRG018-GRG027, GRG023-GRG035, GRG016-GRG023, GRG016-GRG025, GRG016-GRG035, GRG016-GRG041, GRG015-GRG041, GRG008-GRG041, GRG018-GRG041, GRG021-GRG041, GRG023-GRG041, GRG027-GRG041, GRG035-GRG041, GRG057-GRG041, GRG057-GRG008, GRG057-GRG018, GRG057-GRG021, GRG057-GRG027)"	U5b3
GRG019	6450	"Yonne, Gurgy ""les Noisats"""	V
GRG021	6450	"France, Yonne, Gurgy ""les Noisats"" Family A (12 members) (we detect 21 2d/3d relative pairs: GRG008-GRG018, GRG023-GRG027, GRG021-GRG027, GRG018-GRG027, GRG023-GRG035, GRG016-GRG023, GRG016-GRG025, GRG016-GRG035, GRG016-GRG041, GRG015-GRG041, GRG008-GRG041, GRG018-GRG041, GRG021-GRG041, GRG023-GRG041, GRG027-GRG041, GRG035-GRG041, GRG057-GRG041, GRG057-GRG008, GRG057-GRG018, GRG057-GRG021, GRG057-GRG027)"	H3+152
GRG022	6450	"Yonne, Gurgy ""les Noisats"""	K1a1b1
GRG023	6450	"France, Yonne, Gurgy ""les Noisats"" Family A (12 members) (we detect 21 2d/3d relative pairs: GRG008-GRG018, GRG023-GRG027, GRG021-GRG027, GRG018-GRG027, GRG023-GRG035, GRG016-GRG023, GRG016-GRG025, GRG016-GRG035, GRG016-GRG041, GRG015-GRG041, GRG008-GRG041, GRG018-GRG041, GRG021-GRG041, GRG023-GRG041, GRG027-GRG041, GRG035-GRG041, GRG057-GRG041, GRG057-GRG008, GRG057-GRG018, GRG057-GRG021, GRG057-GRG027)"	J2b1a
GRG025	6450	"France, Yonne, Gurgy ""les Noisats"" Family A (12 members) (we detect 21 2d/3d relative pairs: GRG008-GRG018, GRG023-GRG027, GRG021-GRG027, GRG018-GRG027, GRG023-GRG035, GRG016-GRG023, GRG016-GRG025, GRG016-GRG035, GRG016-GRG041, GRG015-GRG041, GRG008-GRG041, GRG018-GRG041, GRG021-GRG041, GRG023-GRG041, GRG027-GRG041, GRG035-GRG041, GRG057-GRG041, GRG057-GRG008, GRG057-GRG018, GRG057-GRG021, GRG057-GRG027)"	K1a3a
GRG027	6690	"France, Yonne, Gurgy ""les Noisats"" Family A (12 members) (we detect 21 2d/3d relative pairs: GRG008-GRG018, GRG023-GRG027, GRG021-GRG027, GRG018-GRG027, GRG023-GRG035, GRG016-GRG023, GRG016-GRG025, GRG016-GRG035, GRG016-GRG041, GRG015-GRG041, GRG008-GRG041, GRG018-GRG041, GRG021-GRG041, GRG023-GRG041, GRG027-GRG041, GRG035-GRG041, GRG057-GRG041, GRG057-GRG008, GRG057-GRG018, GRG057-GRG021, GRG057-GRG027)"	H1
GRG028	6671	"Yonne, Gurgy ""les Noisats"""	X2b+226
GRG032	6088	"Yonne, Gurgy ""les Noisats"""	K1a+195
GRG035	6450	"France, Yonne, Gurgy ""les Noisats"" Family A (12 members) (we detect 21 2d/3d relative pairs: GRG008-GRG018, GRG023-GRG027, GRG021-GRG027, GRG018-GRG027, GRG023-GRG035, GRG016-GRG023, GRG016-GRG025, GRG016-GRG035, GRG016-GRG041, GRG015-GRG041, GRG008-GRG041, GRG018-GRG041, GRG021-GRG041, GRG023-GRG041, GRG027-GRG041, GRG035-GRG041, GRG057-GRG041, GRG057-GRG008, GRG057-GRG018, GRG057-GRG021, GRG057-GRG027)"	H1+152
GRG041	6450	"France, Yonne, Gurgy ""les Noisats"" Family A (12 members) (we detect 21 2d/3d relative pairs: GRG008-GRG018, GRG023-GRG027, GRG021-GRG027, GRG018-GRG027, GRG023-GRG035, GRG016-GRG023, GRG016-GRG025, GRG016-GRG035, GRG016-GRG041, GRG015-GRG041, GRG008-GRG041, GRG018-GRG041, GRG021-GRG041, GRG023-GRG041, GRG027-GRG041, GRG035-GRG041, GRG057-GRG041, GRG057-GRG008, GRG057-GRG018, GRG057-GRG021, GRG057-GRG027)"	K1a2
GRG043	6450	"Yonne, Gurgy ""les Noisats"""	H+152
GRG047	6450	"France, Yonne, Gurgy ""les Noisats"" Family A (2 members) (GRG047-GRG056 are 2d/3d rels)"	U8b1b
GRG049	6571	"Yonne, Gurgy ""les Noisats"""	K1a2c
GRG050	6450	"Yonne, Gurgy ""les Noisats"""	U5b1c
GRG052	6450	"Yonne, Gurgy ""les Noisats"""	J1c1b
GRG056	6450	"France, Yonne, Gurgy ""les Noisats"" Family A (2 members) (GRG047-GRG056 are 2d/3d rels)"	H26
GRG057	6615	"France, Yonne, Gurgy ""les Noisats"" Family A (12 members) (we detect 21 2d/3d relative pairs: GRG008-GRG018, GRG023-GRG027, GRG021-GRG027, GRG018-GRG027, GRG023-GRG035, GRG016-GRG023, GRG016-GRG025, GRG016-GRG035, GRG016-GRG041, GRG015-GRG041, GRG008-GRG041, GRG018-GRG041, GRG021-GRG041, GRG023-GRG041, GRG027-GRG041, GRG035-GRG041, GRG057-GRG041, GRG057-GRG008, GRG057-GRG018, GRG057-GRG021, GRG057-GRG027)"	H1
OBN002	6700	Bas-Rhin, Obernai	V
OBN004	6528	Bas-Rhin, Obernai	K1a2b
OBN005	6888	Bas-Rhin, Obernai	V
OBN006	7026	Bas-Rhin, Obernai	N1a1a1
OBN007	6377	Bas-Rhin, Obernai	K1
OBN008	6543	Bas-Rhin, Obernai	HV+16311
OBN009	6398	Bas-Rhin, Obernai	T2b4
OBN010	6700	Bas-Rhin, Obernai	H45
OBN011	6549	Bas-Rhin, Obernai	H2a2?
PRI001	6218	Deux-Sèvres, Prissé-la-Charrière	X2b+226
PRI005	6150	Deux-Sèvres, Prissé-la-Charrière	H3
PRI006	6150	Deux-Sèvres, Prissé-la-Charrière	H3
I4303	6624	Clos de Roque	H3
I4304	6637	Clos de Roque	T2c1d+152
I4305	6680	Clos de Roque	T2b3+151
I4308	5450	Collet Redon	U3a1
OBN001	6609	Bas-Rhin, Obernai	U5b1a
OBN003	6544	Bas-Rhin, Obernai	K1a1b1
1H06	5115	Marne, Mont-Aimé hypogée I	U5a2b3
2H17	5157	Marne, Mont-Aimé hypogée II	U5b1i
2H06	5164	Marne, Mont-Aimé hypogée II	H2a2a1
2H11	5162	Marne, Mont-Aimé hypogée II	J1c1
1H04	4851	Marne, Mont-Aimé hypogée I	K1a1b1g
1H07	5166	Marne, Mont-Aimé hypogée I	J1c5
1H13	4950	Marne, Mont-Aimé hypogée I	K1a4a1
1H14	5160	Marne, Mont-Aimé hypogée I	H
2H07	5184	Marne, Mont-Aimé hypogée II	K1a4a1h
2H10	5165	Marne, Mont-Aimé hypogée II	H3
2HC51961131	5161	Marne, Mont-Aimé hypogée II	X2b
I15029	5700	Morbihan, Quiberon, Port Blanc	V
I15030	5700	Morbihan, Quiberon, Port Blanc	U5b1+16189+@16192
I15031	5700	Morbihan, Quiberon, Port Blanc	T2b3d
I15032	5700	Morbihan, Quiberon, Port Blanc	H3
I15035	5000	Morbihan, Quiberon, Port Blanc	H4a1a
I15034	5000	Morbihan, Quiberon, Port Blanc	J2a1a1a
PER3123	9050	Nouvelle-Aquitaine (South-West), Agris, Les Perrats	U5b1-16189
PER3023	9050	Nouvelle-Aquitaine (South-West), Agris, Les Perrats	U5b3e
PER503	9050	Nouvelle-Aquitaine (South-West), Agris, Les Perrats	U5b1-16189
EUG11	3882	Occitanie (South), Laure, Dolmen de Saint-Eugène	V9
PIR3037AB	3995	Occitanie (South), Valros, Rec de Ligno	U4c1
PIR3116B	4170	Occitanie (South), Valros, Rec de Ligno	H2a1e
QUIN234	3600	Occitanie (South), Castelnaudary, Quinquiris	H3m
QUIN58	3600	Occitanie (South), Castelnaudary, Quinquiris	H1ah
BES1248	2450	Occitanie (South), Bessan, La Monédière	J1c8a2
PECH5	2400	Occitanie (South), Sigean, Pech Maho	H1e1b1a
PECH8	2400	Occitanie (South), Sigean, Pech Maho	J1c2m
PEY163	2250	Occitanie (South), Agde, Le Peyrou	W1g
PEY53	2250	Occitanie (South), Agde, Le Peyrou	J1c11a
PT2	2375	Occitanie (South), Gailhan, Oppidum du Plan de la Tour	J1c1b1
PEI10	4736	Occitanie (South), Villedubert, Dolmen des Peirières	V
PEI2	4750	Occitanie (South), Villedubert, Dolmen des Peirières	H1
Pir6	3584	Occitanie (South), Valros, Le Pirou	V
CRE20D	6250	Occitanie (South), Béziers, Le Crès	H-16291
Pir4	6293	Occitanie (South), Valros, Le Pirou	V10a
I16782	3950	Morbihan, Quiberon, Beg-er-Vil	H1b1+16362
Ranchot88	10134	Ranchot	U5b1
Rigney1	15458	Rigney	U2'3'4'7'8'9
Rochedane	13027	Rochedane	U5b2b
Rochedane	13027	Rochedane	U5b2b
I13620	2250	Bouches-du-Rhône, Velaux, Roquepertuse	T2c1d+152
I13621	2250	Bouches-du-Rhône, Velaux, Roquepertuse	K1a4a1
I13623	2250	Bouches-du-Rhône, Velaux, Roquepertuse	H1bt1
I19916	2250	Bouches-du-Rhône, Velaux, Roquepertuse	V3a
I19917	2250	Bouches-du-Rhône, Velaux, Roquepertuse	X2c2
I19918	2250	Bouches-du-Rhône, Velaux, Roquepertuse	H+152
I13720	2250	Bouches-du-Rhône, Velaux, Roquepertuse	U4b
TAP002	203	French Polynesia, Ra'iatea	B4a1a1m1
TAP004	228	French Polynesia, Ra'iatea	B4a1a1+16126
TAP003	366	French Polynesia, Ra'iatea	B4a1a1c
KK1	9678	Kotias Klde	H13c
SATP	13282	Satsurblia	K3
IND001	1350	North Rhine-Westphalia, Alt-Inden	U5b2a1a2
IND002	1350	North Rhine-Westphalia, Alt-Inden	V3c
IND003	1350	North Rhine-Westphalia, Alt-Inden	T2b
IND004	1350	North Rhine-Westphalia, Alt-Inden	U8b1b1
IND005	1350	North Rhine-Westphalia, Alt-Inden	T2g1a1
IND006	1350	North Rhine-Westphalia, Alt-Inden	H13a1a
IND007	1350	North Rhine-Westphalia, Alt-Inden	J2b1a1
IND010	1350	North Rhine-Westphalia, Alt-Inden	H8c
IND011	1350	North Rhine-Westphalia, Alt-Inden	U5b1
IND012	1350	North Rhine-Westphalia, Alt-Inden	U5b1
IND013	1350	North Rhine-Westphalia, Alt-Inden	H3b1b1
IND014	1350	North Rhine-Westphalia, Alt-Inden	T2
IND015	1350	North Rhine-Westphalia, Alt-Inden	H3h3 (?)
IND016	1350	North Rhine-Westphalia, Alt-Inden	T2f1a1
IND017	1350	North Rhine-Westphalia, Alt-Inden	U3a1
IND008	1350	North Rhine-Westphalia, Alt-Inden	H2a2
IND009	1350	North Rhine-Westphalia, Alt-Inden	R0a (?)
ADN002	1150	Lower Saxony, Anderten	U5a2c3a
ADN004	1150	Lower Saxony, Anderten	H5e1
ADN005	1150	Lower Saxony, Anderten	H2a2a1
ADN006	1150	Lower Saxony, Anderten	J1b1a1b
ADN007	1150	Lower Saxony, Anderten	V
ADN008	1150	Lower Saxony, Anderten	H3af
ADN010	1150	Lower Saxony, Anderten	H2a2a1
ADN011	1150	Lower Saxony, Anderten	K1a4a1a2a
ADN012	1150	Lower Saxony, Anderten	H+195+146
ADN014	1150	Lower Saxony, Anderten	H
ADN015	1150	Lower Saxony, Anderten	H1e
ADN003	1150	Lower Saxony, Anderten	H2a2a1
ADN009	1150	Lower Saxony, Anderten	H2a2a1
ADN001	1150	Lower Saxony, Anderten	H56
ADN013	1150	Lower Saxony, Anderten	H1a1c
RISE471	3543	Untermeitingen	J1c1b
I0108	4399	Rothenschirmbach	H5a3
I0111	4303	Rothenschirmbach	H3ao
I0112	4224	Quedlinburg Site XII	H13a1a2
I0113	4146	Quedlinburg Site XII	J1c5
I0806	4217	Quedlinburg Site VII	H1
I1546	4225	Benzingerode-Heimburg	U5a1b1
I1549	4225	Benzingerode-Heimburg	W1c1
I3588	4175	Bavaria, Alburg-Lerchenhaid, Spedition Häring, Stkr. Straubing	H1e1a
I3589	4175	Bavaria, Alburg-Lerchenhaid, Spedition Häring, Stkr. Straubing	U4d1
I3590	4186	Bavaria, Alburg-Lerchenhaid, Spedition Häring, Stkr. Straubing	H1
I3594	4175	Bavaria, Alburg-Lerchenhaid, Spedition Häring, Stkr. Straubing	T2
I3600	4175	Bavaria, Alburg-Lerchenhaid, Spedition Häring, Stkr. Straubing	U5b
I3601	4175	Bavaria, Alburg-Lerchenhaid, Spedition Häring, Stkr. Straubing	H10e
I4134	4200	Osterhofen-Altenmarkt	HV
I4143	4267	Landau an der Isar	H2a1e
I4144	4411	Osterhofen-Altenmarkt	K1
I5014	4200	Manching-Oberstimm	V
I5023	4200	Osterhofen-Altenmarkt	U2e1a1
I5523	4250	Landau, DGF-Lan	K1b1a1+199
I5524	4250	Landau, DGF-Lan	H72
I5525	4250	Landau, DGF-Lan	U4b1b2
I5527	4250	Manching-Oberstimm	K2b1a1
I5529	4250	Osterhofen-Altenmarkt	HV15
I5531	4250	Weichering	T2b
I5658	4200	Irlbach LKR	T2b+152
I5659	4200	Irlbach LKR	K1a4b
I5833	4200	Irlbach LKR	J1c
I5834	4200	Irlbach LKR	W5
I5836	4250	Worms-Herrnsheim	H1b1+16362
I6482	4250	Weichering	U4d2
I6590	4200	Irlbach LKR	X2c1
I6591	4200	Irlbach LKR	U5b2c
I6624	4200	Irlbach LKR	T1a1
I1530	4222	Rothenschirmbach	H3ao
I3593	4207	Bavaria, Alburg-Lerchenhaid, Spedition Häring, Stkr. Straubing	H1
I3597	4175	Bavaria, Alburg-Lerchenhaid, Spedition Häring, Stkr. Straubing	T2
I5526	4250	Landau, DGF-Lan	H72
I5657	4200	Irlbach LKR	T2b+152
I4248	4200	Irlbach LKR	T2b+152
I5660	4200	Irlbach LKR	T1a1
I3599	4175	Bavaria, Alburg-Lerchenhaid, Spedition Häring, Stkr. Straubing	H1e1a
I0805	4252	Quedlinburg Site VII	H1
I3592	4260	Bavaria, Alburg-Lerchenhaid, Spedition Häring, Stkr. Straubing	H+16129
I4134	4200	Osterhofen-Altenmarkt	H-T16311C
I4143	4267	Landau an der Isar	H2a1e
I4144	4411	Osterhofen-Altenmarkt	K1c1
I5835	4200	Irlbach LKR	J1c
I5019	4200	Bavaria, Künzing-Bruck, Lkr. Deggendorf	K1b1a1
I5530	4250	Weichering	K1b1a1
I5656	4200	Irlbach LKR	T2g2
I6481	4250	Weichering	U5a1a1
I0060	4214	Rothenschirmbach	K1a2c
I3602	4175	Bavaria, Alburg-Lerchenhaid, Spedition Häring, Stkr. Straubing	I3a
I3604	4200	Bavaria, Künzing-Bruck, Lkr. Deggendorf	HV9
I4249	4186	Irlbach LKR	H5a1
I4250	4220	Irlbach LKR	U5a1a2b
I5655	4200	Irlbach LKR	H5a1
I5661	4200	Irlbach LKR	K1b1b1
I5663	4200	Irlbach LKR	U5a2+16294
I3596	4175	Bavaria, Alburg-Lerchenhaid, Spedition Häring, Stkr. Straubing	H+16129
I3607	4200	Bavaria, Künzing-Bruck, Lkr. Deggendorf	W3a1
I0059	4179	Benzingerode-Heimburg	H1+16189
I0171	4118	Benzingerode-Heimburg	U5a1a2a
I1563	5448	Blatterhole Cave	H5
I1593	5527	Blatterhole Cave	U5b2a2
I1594	5140	Blatterhole Cave	J1c1b1
I1565	5674	Blatterhole Cave	U5b2b2
Bockstein	8205	Swabian Jura, Baden-Wurttemberg, Bockstein-Höhle, Lone valley	U5b1d1
Brillenhohle	14817	Swabian Jura, Baden-Wurttemberg, Brillenhöhle, Ach Valley	U8a
Burkhardtshohle	14620	Swabian Jura, Baden-Wurttemberg, Burkhardtshöhle, Westerheim	U8a
I0049	4295	Esperstedt	X2b4
I0103	4472	Esperstedt	W6
I0104	4358	Esperstedt	U4b1a1a1
I0106	4297	Esperstedt	T2a1b1
I1532	4225	Esperstedt	J1c2e
I1536	4225	Esperstedt	U5a1g2
I1538	4225	Esperstedt	J1c5
I1539	4420	Esperstedt	J1c1b1a
I1542	4225	Esperstedt	K1b1a
I1544	4225	Esperstedt	J1c3j
I1541	4225	Esperstedt	U2e1a1
I1540	4225	Esperstedt	J1c5f
RISE435	4627	Tiefbrunn	J1b1a1
RISE436	4671	Tiefbrunn	U5b1c2
RISE434	4703	Tiefbrunn	U4
RISE446	4486	Bergrheinfeld	U5b1c2
DRU001	1200	Lower Saxony, Drantum	HV+16311
DRU002	1200	Lower Saxony, Drantum	U2e2a
DRU003	1200	Lower Saxony, Drantum	H11a2a
DRU004	1200	Lower Saxony, Drantum	U5b1c2b
DRU005	1200	Lower Saxony, Drantum	H4a1a4b
DRU006	1200	Lower Saxony, Drantum	K1a+195
DRU007	1200	Lower Saxony, Drantum	H51
DRU008	1200	Lower Saxony, Drantum	T2b
DRU009	1200	Lower Saxony, Drantum	K1a4a1a2b
DRU011	1200	Lower Saxony, Drantum	K
DRU012	1200	Lower Saxony, Drantum	H2a2a1
DRU013	1200	Lower Saxony, Drantum	K1a4d
DRU015	1200	Lower Saxony, Drantum	H31a
DRU016	1200	Lower Saxony, Drantum	U3a1
DRU017	1200	Lower Saxony, Drantum	H1bd
DRU018	1200	Lower Saxony, Drantum	H31a
DRU014	1200	Lower Saxony, Drantum	H17b
DUN002	1050	Lower Saxony, Dunum	H1
DUN005	1050	Lower Saxony, Dunum	X
DUN006	1050	Lower Saxony, Dunum	J2b2
DUN007	1050	Lower Saxony, Dunum	H1c3b
DUN009	1050	Lower Saxony, Dunum	H3au
DUN010	1050	Lower Saxony, Dunum	H1au1
DUN011	1050	Lower Saxony, Dunum	U4b1b1
DUN013	1050	Lower Saxony, Dunum	H58
DUN001	1050	Lower Saxony, Dunum	U2e2a1a
DUN001	1050	Lower Saxony, Dunum	U2e2a1a
NIEcap1	1345	Niederstotzingen, Southern Germany	K1a
NIEcap9	1345	Niederstotzingen, Southern Germany	X2b4
NIEcap3a	1345	Niederstotzingen, Southern Germany	K1a
NIEcap12a	1345	Niederstotzingen, Southern Germany	H10e1
NIEcap12c	1345	Niederstotzingen, Southern Germany	U5a1a1
NIEcap3b	1345	Niederstotzingen, Southern Germany	I5a1b
NIEcap3c	1345	Niederstotzingen, Southern Germany	T2
NIEcap12b	1345	Niederstotzingen, Southern Germany	X2b4
NIEcap6	1345	Niederstotzingen, Southern Germany	H65a
NIEcap10	1345	Niederstotzingen, Southern Germany	H1b
NIEcap2	1345	Niederstotzingen, Southern Germany	K1a1b2a1a
NIEcap5	1345	Niederstotzingen, Southern Germany	K1a1b2a1a
AED125b	1498	Bavaria, Altenerding- Klettham	K1a
AEHIb	1503	Bavaria, Alteglofsheim	H5
I0566	1482	Bavaria, Burgweinting - Nord-West II	C4a1a
STR300b	1430	Bavaria, Straubing- Bajuwarenstraße	J1c10 
STR310	1430	Bavaria, Straubing- Bajuwarenstraße	H7 
STR502b	1364	Bavaria, Straubing- Bajuwarenstraße	T1 
STR535	1483	Bavaria, Straubing- Bajuwarenstraße	HV9 
AED1108	1469	Bavaria, Altenerding- Klettham	U4a2a
STR328c	1497	Bavaria, Straubing- Bajuwarenstraße	U5a1h 
AED1135b	1445	Bavaria, Altenerding- Klettham	H60a
AED249	1455	Bavaria, Altenerding- Klettham	T2c1d1a
AED513	1525	Bavaria, Altenerding- Klettham	H7a
STR228	1471	Bavaria, Straubing- Bajuwarenstraße	T2b21
STR248b	1405	Bavaria, Straubing- Bajuwarenstraße	H11a2
STR360c	1430	Bavaria, Straubing- Bajuwarenstraße	H5 
AED106	1455	Bavaria, Altenerding- Klettham	V3
AED1119	1430	Bavaria, Altenerding- Klettham	W1e1a
AED204	1455	Bavaria, Altenerding- Klettham	X2b
AED432b	1445	Bavaria, Altenerding- Klettham	H1h1
AED92b	1455	Bavaria, Altenerding- Klettham	U4a
Alh1	1500	Bavaria, Altheim	J2a2b
Alh10	1477	Bavaria, Altheim	I1
Alh2	1529	Bavaria, Altheim	H2a2a1
Alh3a	1491	Bavaria, Altheim	H2a2b
BIM33	1475	Bavaria, Barbing-Irlmauth	U5b1b
BIM37b	1350	Bavaria, Barbing-Irlmauth	T2b16
I0564	1467	Bavaria, Burgweinting - Nord-West II	H18b
STR220c	1445	Bavaria, Straubing- Bajuwarenstraße	U5b2b
STR241	1455	Bavaria, Straubing- Bajuwarenstraße	H1
STR266b	1430	Bavaria, Straubing- Bajuwarenstraße	J1c5
STR316b	1455	Bavaria, Straubing- Bajuwarenstraße	H3 
STR355c	1430	Bavaria, Straubing- Bajuwarenstraße	T2b 
STR393b	1455	Bavaria, Straubing- Bajuwarenstraße	H5a1 
STR480	1430	Bavaria, Straubing- Bajuwarenstraße	J1c2o 
STR486	1455	Bavaria, Straubing- Bajuwarenstraße	T2b 
STR491	1430	Bavaria, Straubing- Bajuwarenstraße	T2b 
I0115	3815	Esperstedt	U5a1i
I0116	3978	Esperstedt	W3a1
I0117	4092	Esperstedt	I3a
I0164	3906	Quedlinburg Site VIII	U5b2a1b
I0803	3977	Eulau	H4a1a1a
I0804	4010	Eulau	H3
I0114	4002	Esperstedt	I3a
I0047	3923	Halberstadt-Sonntagsfeld	V9
HBS002	6975	Saxony-Anhalt, Halberstadt	H2a2a1
HBS004	6975	Saxony-Anhalt, Halberstadt	K1a4a1e
HBS005	6975	Saxony-Anhalt, Halberstadt	W
HBS006	6975	Saxony-Anhalt, Halberstadt	T
HBS007	6975	Saxony-Anhalt, Halberstadt	H2a2
HBS008	6975	Saxony-Anhalt, Halberstadt	K1a
HBS009	6975	Saxony-Anhalt, Halberstadt	H27+16093
I0018	7168	Baden-Württemberg, Stuttgart-Mühlhausen, Viesenhaeuser Hof	T2c1d1
I0022	7125	Baden-Württemberg, Stuttgart-Mühlhausen, Viesenhaeuser Hof	T2e
I0025	7125	Baden-Württemberg, Stuttgart-Mühlhausen, Viesenhaeuser Hof	T2b
I0026	7125	Baden-Württemberg, Stuttgart-Mühlhausen, Viesenhaeuser Hof	T2b
I0054	7074	Unterwiederstedt	J1c17
I0056	7059	Halberstadt-Sonntagsfeld	T2b
I0100	6944	Halberstadt-Sonntagsfeld	N1a1a1a
I0795	7071	Karsdorf	H1 or H1au1b
I0797	7125	Karsdorf	H46b
I2014	6946	Halberstadt-Sonntagsfeld	N1a1a1a3
I2022	7125	Halberstadt-Sonntagsfeld	T2b
SCH001	7050	Baden-Württemberg, Schwetzingen	H2a2a1
SCH004	7050	Baden-Württemberg, Schwetzingen	N1a1a1
SCH007	7050	Baden-Württemberg, Schwetzingen	T
SCH009	7050	Baden-Württemberg, Schwetzingen	H2a2a1
SCH010	7050	Baden-Württemberg, Schwetzingen	H2a2a1
SCH011	7050	Baden-Württemberg, Schwetzingen	H2a2a1
SCH014	7050	Baden-Württemberg, Schwetzingen	T2
SCH015	7050	Baden-Württemberg, Schwetzingen	H2a2a1
SCH016	7091	Baden-Württemberg, Schwetzingen	H2a
SCH018	7045	Baden-Württemberg, Schwetzingen	K1a
SMH004	7116	Baden-Württemberg, Stuttgart-Mühlhausen I	T2c1
XN164	7110	Baden-Württemberg, Stuttgart-Mühlhausen I	J1c5
XN165	7099	Baden-Württemberg, Stuttgart-Mühlhausen I	N1a1a1
XN166	7100	Baden-Württemberg, Stuttgart-Mühlhausen II	K1a+195
XN167	7176	Baden-Württemberg, Stuttgart-Mühlhausen I	H
XN168	7093	Baden-Württemberg, Stuttgart-Mühlhausen I	N1a1a1a3
XN169	7081	Baden-Württemberg, Stuttgart-Mühlhausen I	T2b23
XN170	7024	Baden-Württemberg, Stuttgart-Mühlhausen I	H
XN171	7106	Baden-Württemberg, Stuttgart-Mühlhausen I	H1
XN172	7101	Baden-Württemberg, Stuttgart-Mühlhausen I	H
XN173	7060	Baden-Württemberg, Stuttgart-Mühlhausen II	U5a2d
XN174	6800	Baden-Württemberg, Stuttgart-Mühlhausen I	H26
XN175	7092	Baden-Württemberg, Stuttgart-Mühlhausen I	H1
XN178	7100	Baden-Württemberg, Stuttgart-Mühlhausen II	N1a1a1a
XN180	7068	Baden-Württemberg, Stuttgart-Mühlhausen I	N1a1a1a
XN182	7069	Baden-Württemberg, Stuttgart-Mühlhausen I	K1a1
XN183	7152	Baden-Württemberg, Stuttgart-Mühlhausen I	N1a1a1a2
XN188	7130	Baden-Württemberg, Stuttgart-Mühlhausen I	J1c17
XN191	7199	Baden-Württemberg, Stuttgart-Mühlhausen II	I1
XN205	7100	Baden-Württemberg, Stuttgart-Mühlhausen II	N1a1a1
XN206	7086	Baden-Württemberg, Stuttgart-Mühlhausen I	K2a
XN207	7100	Baden-Württemberg, Stuttgart-Mühlhausen II	J1c
XN211	7068	Baden-Württemberg, Stuttgart-Mühlhausen I	N1a1a1a
XN215	7010	Baden-Württemberg, Stuttgart-Mühlhausen I	N1a1a1
XN224	7091	Baden-Württemberg, Stuttgart-Mühlhausen II	K2a
XN225	7100	Baden-Württemberg, Stuttgart-Mühlhausen II	H
I2020	7125	Halberstadt-Sonntagsfeld	K1a2
I0046	7041	Halberstadt-Sonntagsfeld	T2c1
I0048	7057	Halberstadt-Sonntagsfeld	K1a
I0057	7070	Halberstadt-Sonntagsfeld	N1a1a1
I0659	7031	Halberstadt-Sonntagsfeld	N1a1a1a2
I0821	6938	Halberstadt-Sonntagsfeld	X2d1
I1550	7125	Halberstadt-Sonntagsfeld	K1a2
I2008	7041	Halberstadt-Sonntagsfeld	N1a1a1
I2017	7125	Halberstadt-Sonntagsfeld	K2a
I2026	7125	Halberstadt-Sonntagsfeld	N1a1a1a3
I2029	7100	Halberstadt-Sonntagsfeld	K1
I2030	7125	Halberstadt-Sonntagsfeld	H26
I2032	7125	Halberstadt-Sonntagsfeld	J1c
I2036	7125	Halberstadt-Sonntagsfeld	V1
I2037	7050	Halberstadt-Sonntagsfeld	H1e
I2038	7125	Halberstadt-Sonntagsfeld	T2b
I2016	7125	Halberstadt-Sonntagsfeld	V1
I2005	7100	Halberstadt-Sonntagsfeld	T2b
I2021	7125	Halberstadt-Sonntagsfeld	T2b
I0018	7168	Baden-Württemberg, Stuttgart-Mühlhausen, Viesenhaeuser Hof	T2c1d1
Falkenstein	9161	Swabian Jura, Baden-Wurttemberg, Falkenstein-Höhle	U5a2c
Falkenstein	9161	Swabian Jura, Baden-Wurttemberg, Falkenstein-Höhle	U5a2c
HID002	1550	Lower Saxony, Hiddestorf	H15a1
HID003	1550	Lower Saxony, Hiddestorf	T2b3+151
HID004	1550	Lower Saxony, Hiddestorf	K1a4a1e
HID002	1550	Lower Saxony, Hiddestorf	H15a1
HohleFels49	15491	Swabian Jura, Baden-Wurttemberg, Hohle Fels, Ach Valley	U8a
HohleFels79	14691	Swabian Jura, Baden-Wurttemberg, Hohle Fels, Ach Valley	U8a
ISS002	1550	Lower Saxony, Issendorf	T2e
I0099	3024	Halberstadt-Sonntagsfeld	H23
AMP_1	4356	Königsbrunn-Ampack	T2b33
HUGO_167	4089	Augsburg - Hugo-Eckener-Straße	U5b2b3a
HUGO_168	4167	Augsburg - Hugo-Eckener-Straße	H1
HUGO_169Sk1	4385	Augsburg - Hugo-Eckener-Straße	U5a2b3
HUGO_171	4203	Augsburg - Hugo-Eckener-Straße	U5a1a1
HUGO_180Sk1	4289	Augsburg - Hugo-Eckener-Straße	U5b2b4
HUGO_190	4103	Augsburg - Hugo-Eckener-Straße	J1c3g
I4124	4278	Augsburg	H46
I5519	4200	Augsburg	I4a
I5520	4250	Augsburg	K1b2a
I5521	4250	Augsburg	J1b1a1
UNTA58_68Sk1	4250	Haunstetten - Unterer Talweg 58-62	J1c
UNTA58_68Sk2	4347	Haunstetten - Unterer Talweg 58-62	K1a
UNTA85_1343	4208	Haunstetten - Unterer Talweg 85 I (northern group)	J1c2
WEHR_1192SkA	4193	Wehringen - Hochfeld	K1a4a1
I5522	4250	Augsburg	J1b1a1
AMP_1	4356	Königsbrunn-Ampack	T2b33
HUGO_180Sk1	4289	Augsburg - Hugo-Eckener-Straße	U5b2b4
I4124	4278	Augsburg	H46
I4132	4200	Augsburg	U5a1a1
I4132	4200	Augsburg	U5a1a1
UNTA58_67	4242	Haunstetten - Unterer Talweg 58-62	K1a
UNTA85_1336	4334	Haunstetten - Unterer Talweg 85 I (northern group)	H2a1
HUGO_168	4167	Augsburg - Hugo-Eckener-Straße	H1
HUGO_171	4203	Augsburg - Hugo-Eckener-Straße	U5a1a1
HUGO_190	4103	Augsburg - Hugo-Eckener-Straße	J1c3g
UNTA58_68Sk2	4347	Haunstetten - Unterer Talweg 58-62	K1a
UNTA85_1336	4334	Haunstetten - Unterer Talweg 85 I (northern group)	H2a1
HUGO_180Sk2	4307	Augsburg - Hugo-Eckener-Straße	U5b2b4
HUGO_180Sk2	4307	Augsburg - Hugo-Eckener-Straße	U5b2b4
UNTA121_FK61	4795	Haunstetten - Unterer Talweg 121	V2
UNTA89_FK231	4704	Haunstetten - Unterer Talweg 89	W3a1c
AITI_119	3747	Kleinaitingen - Gewerbegebiet Nord	U4a1a
AITI_120	3662	Kleinaitingen - Gewerbegebiet Nord	U4a1a
AITI_2	3753	Kleinaitingen - Gewerbegebiet Nord	H6a
AITI_36	3836	Kleinaitingen - Gewerbegebiet Nord	J1c2c2
AITI_40	3746	Kleinaitingen - Gewerbegebiet Nord	T2a1b1a1b
AITI_43	3760	Kleinaitingen - Gewerbegebiet Nord	X2b+226
AITI_50	3773	Kleinaitingen - Gewerbegebiet Nord	J1c3
AITI_62A	3732	Kleinaitingen - Gewerbegebiet Nord	H1e
AITI_65adult	3728	Kleinaitingen - Gewerbegebiet Nord	H1af
AITI_66	3761	Kleinaitingen - Gewerbegebiet Nord	U5b2b3a
AITI_70	3901	Kleinaitingen - Gewerbegebiet Nord	J1c2c2
AITI_72	3776	Kleinaitingen - Gewerbegebiet Nord	J1c2c2
AITI_77B	3743	Kleinaitingen - Gewerbegebiet Nord	I1a1
AITI_78	3748	Kleinaitingen - Gewerbegebiet Nord	H3
AITI_92	3761	Kleinaitingen - Gewerbegebiet Nord	H5a4a1
AITI_95	3671	Kleinaitingen - Gewerbegebiet Nord	X2b+226
AITI_98	3605	Kleinaitingen - Gewerbegebiet Nord	H49
OBKR_117	3883	Königsbrunn - Obere Kreuzstraße (Baugebiet 110)	U4a1b
OBKR_2	3906	Königsbrunn - Obere Kreuzstraße (Baugebiet 110)	K1a4a1
OBKR_50	3935	Königsbrunn - Obere Kreuzstraße (Baugebiet 110)	HV0
OBKR_6	3921	Königsbrunn - Obere Kreuzstraße (Baugebiet 110)	V7
OBKR_76	3863	Königsbrunn - Obere Kreuzstraße (Baugebiet 110)	K1a
OBKR_80	4000	Königsbrunn - Obere Kreuzstraße (Baugebiet 110)	K1a3
OBKR_84	3875	Königsbrunn - Obere Kreuzstraße (Baugebiet 110)	V7
POST_16	3922	Haunstetten - Postillionstraße	T2f8a
POST_28	3917	Haunstetten - Postillionstraße	K2a5
POST_35	3932	Haunstetten - Postillionstraße	H41a
POST_47	3997	Haunstetten - Postillionstraße	K2a5
POST_6	3873	Haunstetten - Postillionstraße	U5a1a1+16362
POST_85	3946	Haunstetten - Postillionstraße	X2b+226
POST_99	3962	Haunstetten - Postillionstraße	K1a4a1
UNTA58_149	3904	Haunstetten - Unterer Talweg 58-62	K1a1b1g
UNTA58_153	3839	Haunstetten - Unterer Talweg 58-62	R1a1a
UNTA85_1412	3910	Haunstetten - Unterer Talweg 85	H
WEHR_1192SkB	3785	Wehringen - Hochfeld	U5b2a2b
WEHR_1586	3835	Wehringen - Hochfeld	V
OBKR_86	3926	Königsbrunn - Obere Kreuzstraße (Baugebiet 110)	K1a3
WEHR_1564	3899	Wehringen - Hochfeld	V
WEHR_1474	3924	Wehringen - Hochfeld	V
OBKR_117	3883	Königsbrunn - Obere Kreuzstraße (Baugebiet 110)	U4a1b
OBKR_47	4012	Königsbrunn - Obere Kreuzstraße (Baugebiet 110)	J2b1a
OBKR_67	3906	Königsbrunn - Obere Kreuzstraße (Baugebiet 110)	K2a5
POST_44	4023	Haunstetten - Postillionstraße	K1a3a
POST_50	4045	Haunstetten - Postillionstraße	T1a1
WEHR_1415child	3902	Wehringen - Hochfeld	H13a2b2a
AITI_55	3772	Kleinaitingen - Gewerbegebiet Nord	K1c1
AITI_32	3728	Kleinaitingen - Gewerbegebiet Nord	X2b+226
AITI_33	3596	Kleinaitingen - Gewerbegebiet Nord	H2a2a1
AITI_37	3850	Kleinaitingen - Gewerbegebiet Nord	H1+152
AITI_5	3764	Kleinaitingen - Gewerbegebiet Nord	H5d
AITI_86	3753	Kleinaitingen - Gewerbegebiet Nord	U4a1a
OBKR_47	4012	Königsbrunn - Obere Kreuzstraße (Baugebiet 110)	J2b1a
OBKR_73	3911	Königsbrunn - Obere Kreuzstraße (Baugebiet 110)	U5b2a1a1
OBKR_81	3910	Königsbrunn - Obere Kreuzstraße (Baugebiet 110)	X2b
OBKR_82	3908	Königsbrunn - Obere Kreuzstraße (Baugebiet 110)	X2b
OBKR_95	3917	Königsbrunn - Obere Kreuzstraße (Baugebiet 110)	V1a
OBKR_96	3863	Königsbrunn - Obere Kreuzstraße (Baugebiet 110)	H1j2
OBKR_9A	3902	Königsbrunn - Obere Kreuzstraße (Baugebiet 110)	K1a2a
POST_131	3950	Haunstetten-Postillionstraße	T2c1d+152
POST_32	3930	Haunstetten-Postillionstraße	T2
UNTA58_147	3922	Haunstetten-Unterer Talweg 58-62	H2a1
UNTA58_152	3848	Haunstetten-Unterer Talweg 58-62	U5b1c2
WEHR_1193	3823	Wehringen - Hochfeld	H4a1a1a
WEHR_1414	3908	Wehringen - Hochfeld	K1a1b1g
OBKR_86	3926	Königsbrunn - Obere Kreuzstraße (Baugebiet 110)	K1a3
WEHR_1564	3899	Wehringen - Hochfeld	V
WEHR_1474	3924	Wehringen - Hochfeld	V
WEHR_1192SkB	3785	Wehringen - Hochfeld	U5b2a2b
POST_140	3944	Haunstetten - Postillionstraße	H41a
AITI_87	3692	Kleinaitingen - Gewerbegebiet Nord	U4a1a
AITI_87	3692	Kleinaitingen - Gewerbegebiet Nord	U4a1a
WEHR_1415adult	3872	Wehringen - Hochfeld	H13a2b2a
WEHR_1415adult	3872	Wehringen - Hochfeld	H13a2b2a
OBKR_67	3906	Königsbrunn - Obere Kreuzstraße (Baugebiet 110)	K2a5
OBKR_66	3918	Königsbrunn - Obere Kreuzstraße (Baugebiet 110)	U4a
OBKR_93	3933	Königsbrunn - Obere Kreuzstraße (Baugebiet 110)	K1a4a1
AITI_65adult	3728	Kleinaitingen - Gewerbegebiet Nord	H1af
AITI_66	3761	Kleinaitingen - Gewerbegebiet Nord	U5b2b3a
AITI_77B	3743	Kleinaitingen - Gewerbegebiet Nord	I1a1
AITI_92	3761	Kleinaitingen - Gewerbegebiet Nord	H5a4a1
AITI_95	3671	Kleinaitingen - Gewerbegebiet Nord	X2b+226
OBKR_2	3906	Königsbrunn - Obere Kreuzstraße (Baugebiet 110)	K1a4a1
OBKR_50	3935	Königsbrunn - Obere Kreuzstraße (Baugebiet 110)	HV0
OBKR_66	3918	Königsbrunn - Obere Kreuzstraße (Baugebiet 110)	U4a
OBKR_73	3911	Königsbrunn - Obere Kreuzstraße (Baugebiet 110)	U5b2a1a1
OBKR_81	3910	Königsbrunn - Obere Kreuzstraße (Baugebiet 110)	X2b
OBKR_93	3933	Königsbrunn - Obere Kreuzstraße (Baugebiet 110)	K1a4a1
OBKR_95	3917	Königsbrunn - Obere Kreuzstraße (Baugebiet 110)	V1a
OBKR_96	3863	Königsbrunn - Obere Kreuzstraße (Baugebiet 110)	H1j2
OBKR_9A	3902	Königsbrunn - Obere Kreuzstraße (Baugebiet 110)	K1a2a
POST_32	3930	Haunstetten-Postillionstraße	T2
POST_35	3932	Haunstetten - Postillionstraße	H41a
POST_99	3962	Haunstetten - Postillionstraße	K1a4a1
UNTA58_147	3922	Haunstetten-Unterer Talweg 58-62	H2a1
UNTA58_152	3848	Haunstetten-Unterer Talweg 58-62	U5b1c2
WEHR_1193	3823	Wehringen - Hochfeld	H4a1a1a
WEHR_1414	3908	Wehringen - Hochfeld	K1a1b1g
WEHR_1586	3835	Wehringen - Hochfeld	V
AITI_77A	3828	Kleinaitingen - Gewerbegebiet Nord	I1a1
AITI_77A	3828	Kleinaitingen - Gewerbegebiet Nord	I1a1
OTTM_151ind2	3507	Oberottmarshausen - Kiesgrube Lauter	X2b+226
OTTM_154	3709	Oberottmarshausen - Kiesgrube Lauter	H3
OTTM_156	3448	Oberottmarshausen - Kiesgrube Lauter	V1b
OTTM_152	3513	Oberottmarshausen - Kiesgrube Lauter	H13a1a1
OTTM_152	3513	Oberottmarshausen - Kiesgrube Lauter	H13a1a1
OTTM_141	3516	Oberottmarshausen - Kiesgrube Lauter	H3ag
OTTM_141A	3515	Oberottmarshausen - Kiesgrube Lauter	J1c3e1
OTTM_142	3527	Oberottmarshausen - Kiesgrube Lauter	U5b1d1a
OTTM_151ind1	3602	Oberottmarshausen - Kiesgrube Lauter	H13a1a1
OTTM_165	3572	Oberottmarshausen - Kiesgrube Lauter	H
OTTM_81	3497	Oberottmarshausen - Kiesgrube Lauter	T2b21
OTTM_84	3503	Oberottmarshausen - Kiesgrube Lauter	U5b3
OTTM_87	3540	Oberottmarshausen - Kiesgrube Lauter	HV16
OTTM_91	3283	Oberottmarshausen - Kiesgrube Lauter	J1c3g
POST_1	3886	Haunstetten-Postillionstraße	H2a1a
POST_12	4036	Haunstetten-Postillionstraße	J1c3g
OTTM_142	3527	Oberottmarshausen - Kiesgrube Lauter	U5b1d1a
OTTM_151ind2	3507	Oberottmarshausen - Kiesgrube Lauter	X2b+226
POST_1	3886	Haunstetten-Postillionstraße	H2a1a
POST_12	4036	Haunstetten-Postillionstraße	J1c3g
POST_131	3950	Haunstetten-Postillionstraße	T2c1d+152
I0118	4325	Alberstedt	H+16311
I0550	4469	Karsdorf	T1a1
TGM009	5208	Saxony-Anhalt, Tangermünde	JT
BDB001	8600	Saxony-Anhalt, Bad Dürrenberg	U4b1b1
I0559	5530	Quedlinburg Site IX	H+16311
I0560	5471	Quedlinburg Site IX	T2e1
I0807	5799	Esperstedt	H1e1a
I0172	5155	Esperstedt	T2b
I1560	5350	Erwitte-Schmerlecke	J2b1a
I0551	5163	Salzmünde-Schiepzig	U3a1
I0800	5164	Salzmünde-Schiepzig	H3+152
I0802	5163	Salzmünde-Schiepzig	H3
I0166	6400	Halberstadt-Sonntagsfeld	V1a
Ofnet	8277	Ofnet	U5b1d1
FN2	1650	Bavaria, Munich, Freiham-Nord cemetery	H3 
SWG001	800	Schleswig-Holstein, Schleswig	U5a1b1
SWG002	775	Schleswig-Holstein, Schleswig	J2a1a1a
SWG003	800	Schleswig-Holstein, Schleswig	K1c2
SWG004	850	Schleswig-Holstein, Schleswig	K1b2a2
SWG005	850	Schleswig-Holstein, Schleswig	K1a13
SWG006	850	Schleswig-Holstein, Schleswig	U5a1c1a
SWG007	850	Schleswig-Holstein, Schleswig	H1a1
SWG008	800	Schleswig-Holstein, Schleswig	H5a1c1a
SWG009	850	Schleswig-Holstein, Schleswig	H2a2a1c
SWG010	850	Schleswig-Holstein, Schleswig	H1c2
SWG011	850	Schleswig-Holstein, Schleswig	J2b1a3
SWG012	850	Schleswig-Holstein, Schleswig	H7a1
SWG013	775	Schleswig-Holstein, Schleswig	U8a1b
SWG014	850	Schleswig-Holstein, Schleswig	H11a
SWG015	850	Schleswig-Holstein, Schleswig	V+@16298
SRS003	1150	Lower Saxony, Schortens	T1a1a1
SRS004	1150	Lower Saxony, Schortens	H6a1a2b1
MX259	4246	Southern Germany, Anselfingen	K1a3a
MX252	3808	Southern Germany, Singen	H83
MX254	3900	Southern Germany, Singen	H+16129
MX256	3963	Southern Germany, Singen	H+16129
MX257	3742	Southern Germany, Singen	U4a1a
MX258	3917	Southern Germany, Singen	U5b1+16189
MX270	3900	Southern Germany, Singen	W3a1
MX277	3791	Southern Germany, Singen	H5a1
MX279	3758	Southern Germany, Singen	H76a
MX280	3931	Southern Germany, Singen	U5a1
MX288	4051	Southern Germany, Singen	K1a1a
MX283	3946	Southern Germany, Singen	H+16129
MX275	4002	Southern Germany, Singen	W3a1
MX251	4039	Southern Germany, Singen	T2b3d
MX286	3913	Southern Germany, Singen	N1b1b
MX265	2569	Southern Germany, Singen	H1c
ALT_1	4463	Althausen 	U5a1a1�
ALT_3	4425	Althausen	K1b2b 
ALT_4	4453	Althausen	U5a1a1 
ALT_4	4453	Althausen	U5a1a1�
ALT_2	4425	Althausen 	K1b2b�
ALT_3	4425	Althausen	K1b2b�
WEZ48	3200	Mecklenburg-Vorpommern, Tollense battlefield 	J1c
WEZ16	5050	Mecklenburg-Vorpommern, Tollense battlefield 	T2b
WEZ56	3200	Mecklenburg-Vorpommern, Tollense battlefield 	T2b
WEZ15	3200	Mecklenburg-Vorpommern, Tollense battlefield 	U2e1a1
WEZ24	3200	Mecklenburg-Vorpommern, Tollense battlefield 	H27
WEZ35	3200	Mecklenburg-Vorpommern, Tollense battlefield 	K1c1
WEZ39	3200	Mecklenburg-Vorpommern, Tollense battlefield 	J2b1a1
WEZ40	3200	Mecklenburg-Vorpommern, Tollense battlefield 	T1a1
WEZ51	3200	Mecklenburg-Vorpommern, Tollense battlefield 	H1c
WEZ53	3200	Mecklenburg-Vorpommern, Tollense battlefield 	U2e2a1a2
WEZ54	3200	Mecklenburg-Vorpommern, Tollense battlefield 	V3a
WEZ57	3200	Mecklenburg-Vorpommern, Tollense battlefield 	H2a1
WEZ58	3200	Mecklenburg-Vorpommern, Tollense battlefield 	T2b
WEZ59	3200	Mecklenburg-Vorpommern, Tollense battlefield 	U5a2b1a
WEZ61	3200	Mecklenburg-Vorpommern, Tollense battlefield 	U4b1b1
WEZ64	3200	Mecklenburg-Vorpommern, Tollense battlefield 	I1a1a
WEZ71	3200	Mecklenburg-Vorpommern, Tollense battlefield 	J1c
WEZ74	3200	Mecklenburg-Vorpommern, Tollense battlefield 	T2b
WEZ83	3200	Mecklenburg-Vorpommern, Tollense battlefield 	I4a
ZET002	1250	Lower Saxony, Zetel	K1a4a1a
I10939	3600	Bray Cave	K1a3a
I10940	3600	Bray Cave	H1e1a
I10941	3600	Bray Cave	T2e1
I10942	6950	Gibraltar, Europa 1	N1a1a1
I17959	2600	Kastrouli (Desfina, Phokis, near Delphi)	J1c
I17960	2600	Kastrouli (Desfina, Phokis, near Delphi)	J1
I13514	3165	Pylos, Palace of Nestor	K1c1
I13516	3335	Pylos, Palace of Nestor	J1c1
I13518	3085	Pylos, Palace of Nestor	N1a1a1a3
I13519	3430	Pylos, Palace of Nestor	n/a (<2x)
I14872	3425	Attica, Kolikrepi-Spata	HV
I15571	3417	Attica, Kolikrepi-Spata	HV0a
I15582	3466	Attica, Kolikrepi-Spata	T2c1+146
I16709	3369	Attica, Kolikrepi-Spata	H5
I19366	3278	Pylos, Palace of Nestor	J1c+16261
I19368	2960	Pylos, Palace of Nestor	U8b1a
I9006	3283	Agia Kyriaki, Salamis	X2d
I9010	3250	Peloponnese, Galatas Apatheia	X2
I9041	3250	Peloponnese, Galatas Apatheia	X2
I13517	3278	Pylos, Palace of Nestor	H7
I13506	3085	Pylos, Palace of Nestor	K1a
I19364	3085	Pylos, Palace of Nestor	X
I13513	3165	Pylos, Palace of Nestor	n/a (<2x)
I13510	3278	Pylos, Palace of Nestor	H7
I9033	3296	Peristeria Tryfilia, Peloponnese	H
I9123	3305	Armenoi, Crete	U5a1
I13428	3243	Kastrouli (Desfina, Phokis, near Delphi)	H2
I13577	3200	Kastrouli (Desfina, Phokis, near Delphi)	T2c1d1
I13578	3262	Kastrouli (Desfina, Phokis, near Delphi)	K1a2
I13579	3216	Kastrouli (Desfina, Phokis, near Delphi)	W1
I13536	3200	Kastrouli (Desfina, Phokis, near Delphi)	n/a (<2x)
I13532	3143	Kastrouli (Desfina, Phokis, near Delphi)	U3b1b
I17962	2594	Kastrouli (Desfina, Phokis, near Delphi)	U8b1b
I6420	3497	Fthiotis, Lokris, Proskynas	H2a
Klei10	6348	Kleitos	K1a2
Pal7	6348	Paliambela	J1c1
I14916	3768	Crete, Zakros, Karaviadaina	H
I0070	4000	Crete, Lassithi	H13a1a
I0071	4000	Crete, Lassithi	U5a1
I0073	4000	Crete, Lassithi	H
I0074	4000	Crete, Lassithi	H5
I9005	4000	Crete, Lassithi	H
I9127	3895	Crete, Heraklion, Moni Odigitria	J2b1a1
I9128	3895	Crete, Heraklion, Moni Odigitria	I5
I9129	3895	Crete, Heraklion, Moni Odigitria	H+163
I9130	3895	Crete, Heraklion, Moni Odigitria	U3b3
I9131	3895	Crete, Heraklion, Moni Odigitria	K1a2
I5427	7883	Diros, Alepotrypa Cave	K
Rev5	8316	Revenia	X2b
I2318	5935	Argolid, Franchthi Cave	H2a+152  16311
I2937	7360	Diros, Alepotrypa Cave	K1a+195
I3708	6500	Diros, Alepotrypa Cave	T1a
I3709	5860	Diros, Alepotrypa Cave	K1b1a
I3920	5734	Diros, Alepotrypa Cave	H
I2937	7360	Diros, Alepotrypa Cave	K1a+195
I7833	1610	Vranas Marathon	H
VK11	950	Eastern Settlement, 64	J1c3g
VK9	950	Eastern Settlement, 64	J1c3g
VK180	900	Eastern Settlement, 029a	J1c3b
VK182	900	Eastern Settlement, 029a	H2a1
VK185	900	Eastern Settlement, 029a	H4a1a1
VK179	900	Eastern Settlement, 029a	K1a3a
VK193	900	Eastern Settlement, 029a	U3a1
VK1	950	Eastern Settlement, 64	J1c3g
VK183	900	Eastern Settlement, 029a	T2b21
VK184	900	Eastern Settlement, 029a	H4a1a4b
VK186	900	Eastern Settlement, 64	H1ao
VK187	998	Eastern Settlement, 64	T2a1a
VK196	1103	Western Settlement, V051	U5b1e1
VK513	900	Eastern Settlement, 029a	J1c1b
VK6	950	Eastern Settlement, 64	T2a1a
VK74	776	Western Settlement, V051	U4b1b1b
VK76	878	Western Settlement, V051	U4a1
VK77	845	Western Settlement, V051	I2
VK189	726	Western Settlement, V007	H54
VK190	834	Eastern Settlement, 149	K1a+195
VK191	762	Eastern Settlement, 149	W
VK75	931	Western Settlement, V051	H54
VK78	843	Western Settlement, V051	H1i2
Inuk	3885	Qeqertasussuk	D2a1
ALG001	935	Pointe de Chateaux peninsula, Anse à la Gourde	D1
ALG002	1024	Pointe de Chateaux peninsula, Anse à la Gourde	D1
ALG003	637	Pointe de Chateaux peninsula, Anse à la Gourde	C1b
ALG004	663	Pointe de Chateaux peninsula, Anse à la Gourde	C1c
I25187	616	Haputo	E2a
I25190	616	Haputo	E2a
I25191	616	Haputo	E2a
I25188	616	Haputo	E2a
I16819	2518	Guam, Naton Beach Site	E
I16820	2623	Guam, Naton Beach Site	E2a
I16822	2420	Guam, Naton Beach Site	E2a
I18445	2693	Guam, Naton Beach Site	E2a
I18450	2593	Guam, Naton Beach Site	R
I18498	2742	Guam, Naton Beach Site	n/a (<2x)
I18501	2703	Guam, Naton Beach Site	B4a1a1
I18503	2644	Guam, Naton Beach Site	B4a1a1
I18462	2550	Guam, Naton Beach Site	E1a1b
I16997	2550	Guam, Naton Beach Site	E2
I16998	2728	Guam, Naton Beach Site	E2
I18443	2550	Guam, Naton Beach Site	E2
I18444	2550	Guam, Naton Beach Site	E2
I18447	2632	Guam, Naton Beach Site	M
I18461	2630	Guam, Naton Beach Site	E2
I18496	2708	Guam, Naton Beach Site	E2
I18495	2719	Guam, Naton Beach Site	E2a
I18442	2674	Guam, Naton Beach Site	E2
I16818	2550	Guam, Naton Beach Site	n/a (<2x)
I18440	2550	Guam, Naton Beach Site	n/a (<2x)
I16817	2518	Guam, Naton Beach Site	n/a (<2x)
I16821	2628	Guam, Naton Beach Site	n/a (<2x)
I18446	2632	Guam, Naton Beach Site	n/a (<2x)
I18502	2550	Guam, Naton Beach Site	n/a (<2x)
I18504	2550	Guam, Naton Beach Site	n/a (<2x)
I18958	2732	Guam, Naton Beach Site	n/a (<2x)
I18959	2550	Guam, Naton Beach Site	n/a (<2x)
I24230	705	Naton Beach Site	E1a1b
I24236	475	Naton Beach Site	E2a
I24238	496	Naton Beach Site	E2
I24239	1565	Naton Beach Site	E
I24240	600	Naton Beach Site	E2
I24241	525	Naton Beach Site	E2a
I24242	600	Naton Beach Site	E1a1b
I24243	475	Naton Beach Site	E2a
I24244	525	Naton Beach Site	E1a1b1
I24246	525	Naton Beach Site	E2a
I24248	700	Naton Beach Site	E2a
I24249	700	Naton Beach Site	E2a
I24251	365	Naton Beach Site	E2a
I24253	600	Naton Beach Site	E2a
I24254	525	Naton Beach Site	E2
I24256	425	Naton Beach Site	E2a
I24257	475	Naton Beach Site	E2a
I24258	525	Naton Beach Site	E2a
I24259	708	Naton Beach Site	E2
I24260	475	Naton Beach Site	E2a
I24262	475	Naton Beach Site	E2
I24264	525	Naton Beach Site	E2a
I24265	447	Naton Beach Site	E2a
I24519	525	Naton Beach Site	E2a
I24520	475	Naton Beach Site	E1a1b
I24522	525	Naton Beach Site	E2a
I24523	525	Naton Beach Site	E2a
I24524	525	Naton Beach Site	E2a
I24526	656	Naton Beach Site	E2a
I24527	531	Naton Beach Site	E2a
I24528	475	Naton Beach Site	E2a
I24529	517	Naton Beach Site	E2a
I24530	656	Naton Beach Site	E1a1b
I24532	475	Naton Beach Site	E2a
I24567	475	Naton Beach Site	E2a
I24568	475	Naton Beach Site	E2a
I24572	525	Naton Beach Site	E2a
I24573	525	Naton Beach Site	E2a
I24574	475	Naton Beach Site	E2a
I24575	525	Naton Beach Site	E1a1b
I24576	508	Naton Beach Site	E2a
I24577	475	Naton Beach Site	E2a
I24578	525	Naton Beach Site	E1a1b
I24579	525	Naton Beach Site	E2a
I24580	700	Naton Beach Site	E2
I24581	525	Naton Beach Site	E2a
I24582	475	Naton Beach Site	E2a
I24583	475	Naton Beach Site	E2a
I24584	525	Naton Beach Site	E1a1b
I24585	475	Naton Beach Site	E2a
I24586	525	Naton Beach Site	E2a
I24587	475	Naton Beach Site	E2a
I24594	475	Naton Beach Site	E2a
I24595	704	Naton Beach Site	E2a
I24596	475	Naton Beach Site	E2a
I24610	383	Naton Beach Site	E2a
I24612	475	Naton Beach Site	E2
I24613	475	Naton Beach Site	E2a
I24614	475	Naton Beach Site	E2a
I24615	525	Naton Beach Site	E2a
I24616	525	Naton Beach Site	n/a (<2x)
I24617	525	Naton Beach Site	E2a
I24618	525	Naton Beach Site	E1a1b
I25082	525	Naton Beach Site	E2a
I24237	475	Naton Beach Site	E2a
I24255	601	Naton Beach Site	E2a
I24518	520	Naton Beach Site	E2a
I24263	600	Naton Beach Site	E2a
I24261	500	Naton Beach Site	E2a
I24517	478	Naton Beach Site	E2a
I24250	525	Naton Beach Site	n/a (<2x)
I24531	525	Naton Beach Site	E2
I24252	600	Naton Beach Site	E2
I24247	475	Naton Beach Site	E2a
I24525	602	Naton Beach Site	E2a
I12575	950	Diale	D1
I12576	950	Diale	D1
HU103	0	..	B4b 
I16743	1150	Debrecen Bordás Tanya	K
I16752	1200	Visonta Nagycsapás	H5a3a
I16753	1200	Visonta Nagycsapás	J1c3
I16759	1225	Alsónyek-Elkerülö ut, site 2	U2e1h
I18184	1350	Tiszapüspöki- Holt Tisza part 17/a	HV1b3b
I20802	1700	Derecske-Karakas dűlő	H41a
I16750	1325	Kövegy- Nagyfoldek	H35
I16751	1200	Visonta Nagycsapás	T2a1a1
I18185	1350	Tiszapüspöki- Holt Tisza part 17/c	K1a2
I16744	1325	Hajdúböszörmény Homokbánya IV	I4a
I18174	1350	Tiszapüspöki- Holt Tisza part 17/a	U5a2a1
I18222	1225	Albertirsa-Szentmártoni ut	H8c
I18225	1225	Albertirsa-Szentmártoni ut	D4l2
I18744	1250	Albertirsa Szentmártoni út	C4a2c
I16741	1175	Berettyóújfalu Nagybócs dűlő	HV4a1+16291
I16812	1325	Derecske, Bikás-dűlő	A+152+16362
I20800	1325	Derecske-Karakas dűlő	C4d
I18223	1250	Albertirsa-Szentmártoni ut	C4a1a4
I18224	1250	Albertirsa-Szentmártoni ut	H1b1
I18742	1250	Albertirsa site 22	HV2a3
I18743	1313	Albertirsa site 22	G2a2
I20801	1325	Derecske-Karakas dűlő	Z3
AV1	1360	Szólád	X2m'n
AV2	1348	Szólád	X2m'n
SZ1	3850	Szólád	J1b
I1497	5019	Apc-Berekalya I	H
I1908	6050	Keszthely-Fenékpuszta, Pusztaszentegyházi-dűlő	J2b1a
I1909	6086	Lánycsók, Csata-alja	T2
I2351	6050	Tolna-Mözs TO3	T2c1d+152
I2394	6231	Veszprém Jutasi út	H40
I4189	6050	Alsónyék, site 11	T2b
I1907	6183	Enese elkerül, Kóny, Proletár-dülö, M85 2	K2a
I2353	6200	Pusztataskony-Ledence I	T2c1+146
I2354	6200	Pusztataskony-Ledence I	T2c1+146
I2395	6200	Pusztataskony-Ledence I	H26
I2793	6273	Törökszentmiklos, Road 4, site 3	H1
I2356	6200	Pusztataskony-Ledence I	T2c1+146
I20798	1200	Derecske-Hosszú lapos	J2b1a
I20799	1200	Derecske-Hosszú lapos	U5a2e
I2364	4220	Budapest-Békásmegyer	U5a2b1
I2365	4299	Budapest-Békásmegyer	V3
I2741	4245	Szigetszentmiklós, Felső-Ürge-hegyi-dűlő	H1+16189
I2786	4270	Szigetszentmiklós-Felső-Ürge-hegyi-dűlő	I1
I2787	4254	Szigetszentmiklós, Felső Ürge-hegyi dűlő	T2b
I3528	4364	Budakalász, Csajerszke, M0 Site 12 	HV4a1+16291
I3529	4300	Budakalász, Csajerszke, M0 Site 12 	I3a
I4131	4305	Budapest-Békásmegyer	H1aj
I4178	4300	Szigetszentmiklós, Felső-Ürge-hegyi-dűlő	J1c1b1a
I7044	4300	Szigetszentmiklós-Üdülősor	U5b1d1b
I7045	4231	Szigetszentmiklós-Üdülősor	T2c1d+152
I1502	4026	Kompolt-Kigyoser	K1
I1502	4026	Kompolt-Kigyoser	K1c1
I7040	4300	Szigetszentmiklós-Üdülősor	K1a4b
I7043	4011	Szigetszentmiklós-Üdülősor	H1b1
I7041	4000	Szigetszentmiklós-Üdülősor	H1b1
I25507	2841	Vas county, Kápolnadomb, Gór	T1a5
I25508	2809	Vas county, Kápolnadomb, Gór	H4a1a+195
I18227	2525	Komárom-Esztergom county, Dunaalmás-Kavicsbánya	H10a1
I25525	2550	Nógrád county, Nógrádkövesd-Víztározó	J1c3j
I11683	2586	Mezőkeresztes-Cethalom, M3-10 lelőhely; Great Hungarian Plain, Borsodi-Mezőség	K1a+195
I18211	2725	Heves county, Füzesabony-Kettőshalom	U5a1f1a
I18213	2725	Heves county, Füzesabony-Kettőshalom	T2a1b1a1
I18239	2725	Neves county, Sirok-Akasztómály	H1
I18245	2725	Heves county, Füzesabony-Kettőshalom	U4d1
I18246	2725	Heves county, Novaj-Földvár	J2b1
I18241	2725	Heves county, Füzesabony-Kettőshalom	T2b
I18216	2750	Heves county, Füzesabony-Kettőshalom	n/a (<2x)
I1507	7661	Tiszaszőlős-Domaháza	R1b1
I4971	7599	Tiszaszőlős-Domaháza	K1
I1507	7661	Tiszaszőlős-Domaháza	R1b1
I2373	7700	Törökszentmiklos Tiszapüspöki Karanycs haromag 3. lh.	n/a (<2x)
I2794	7564	Törökszentmiklós, road 4, site 3	K1a+195
I2374	7700	Törökszentmiklos Tiszapüspöki Karanycs haromag 3. lh.	K1a4
I2373	7700	Törökszentmiklos Tiszapüspöki Karanycs haromag 3. lh.	H
I1508	7591	Berettyóújfalu-Morotva-Liget	K
I4972	7700	Tiszaszőlős-Domaháza	J1c1b
I0174	7558	Alsonyek-Bataszek, Mérnöki telep	N1a1a1
I1876	7541	Alsonyek-Bataszek, Mérnöki telep	K1a4
I1878	7687	Alsonyek-Bataszek, Mérnöki telep	T1a2
I1880	7600	Lánycsók, Gata-Csatola	W5
I1877	7567	Alsonyek-Bataszek, Mérnöki telep	X2d
HUN001	1566	Budapest, Vezér street	na
I2783	6010	Nemesnádudvar-Papföld, M9/7 lh.	T2b
I18110	2200	Győr-Moson-Sopron county, Győr-Kert utca	H1ag
I18181	2185	Jász-Nagykun-Szolnok county, Jászberény-Cserőhalom	U4a2
I18220	2312	Jász-Nagykun-Szolnok county, Túrkeve-Burkus-Halom	U5a2b
I18488	2240	Győr-Moson-Sopron county, Markotabödöge-Mohos-tóra-dűlő	T2b2
I18526	2200	Győr-Moson-Sopron county, Győr-Kert utca	J1c2c2
I18527	2200	Győr-Moson-Sopron county, Győr-Kert utca	H3
I18528	2200	Győr-Moson-Sopron county, Győr-Kert utca	K1a4
I18529	2200	Győr-Moson-Sopron county, Győr-Kert utca	W1+119
I18530	2230	Győr-Moson-Sopron county, Győr-Kert utca	H14a
I18531	2200	Győr-Moson-Sopron county, Győr-Kert utca	H
I18834	2210	Győr-Moson-Sopron county, Kópháza-Széles földek	U2e1a1
I18838	2210	Győr-Moson-Sopron county, Kópháza-Széles földek	T2c1+146
I18839	2200	Győr-Moson-Sopron county, Győr-Kert utca	H3
I18840	2200	Győr-Moson-Sopron county, Győr-Kert utca	H7
I20752	2256	Besenyszög Berek-ér partja, Köröm-Kápolnadomb	J1c5
I25510	2150	Somogy county, Kútvölgyi-dűlő, Zamárdi (sites 56 and 89)	H2a1
I25512	2150	Somogy county, Kútvölgyi-dűlő, Zamárdi (sites 56 and 89)	H80
I25516	2150	Somogy county, Kútvölgyi-dűlő, Zamárdi (sites 56 and 89)	U2e1a1
I25518	2150	Somogy county, Kútvölgyi-dűlő, Zamárdi (sites 56 and 89)	H2a5
I25519	2150	Somogy county, Kútvölgyi-dűlő, Zamárdi (sites 56 and 89)	H+16311
I25522	2150	Somogy county, Kútvölgyi-dűlő, Zamárdi (sites 56 and 89)	T2b
I4996	2235	Vas county, Kápolnadomb, Gór	J1c5
I18490	2240	Győr-Moson-Sopron county, Markotabödöge-Mohos-tóra-dűlő	H58
I18835	2210	Győr-Moson-Sopron county, Kópháza-Széles földek	K1a1a
I18988	2200	Győr-Moson-Sopron county, Győr-Kert utca	H10
I25517	2150	Somogy county, Kútvölgyi-dűlő, Zamárdi (sites 56 and 89)	n/a (<2x)
I18182	2185	Jász-Nagykun-Szolnok county, Jászberény-Cserőhalom	T2b
I18183	2239	Jász-Nagykun-Szolnok county, Jászberény-Cserőhalom	J1c1b1a
I18226	2295	Szabolcs-Szatmár-Bereg county, Tiszavasvári-Városföldje	H5a3a
I4998	2250	Vas county, Kápolnadomb, Gór	T2b
I25509	2131	Somogy county, Kútvölgyi-dűlő, Zamárdi (sites 56 and 89)	U5a2b
I25524	2218	Komárom-Esztergom county, Tokod-Altáró	K1a+195
I18832	2210	Győr-Moson-Sopron county, Kópháza-Széles földek	U5a1b
I18833	2210	Győr-Moson-Sopron county, Kópháza-Széles földek	U8b1b2
I18837	2210	Győr-Moson-Sopron county, Kópháza-Széles földek	H2
I1503	2849	Ludas-Varju-Dulo	G2a1
I20766	2100	Kesznyéten-Szérűskert	X2b4a
I20767	2100	Kesznyéten-Szérűskert; Great Hungarian Plain, Borsodi-Mezőség	U5a1j
I20747	2100	Kesznyéten-Szérűskert	H82
DA198	2441	..	H7a1
DA191	2472	..	H2a2
DA194	2328	..	I2a
DA195	2572	..	H+16311
DA197	2426	..	H2a2a1
I18259	2310	Csongrád-Csanád county, Szeged-Kiskundorozsma-Sandpit 5	I1a1
I1508	7591	Berettyóújfalu-Morotva-Liget	K1a
SZ12	1442	Szólád	W6
SZ14	1442	Szólád	I3
SZ16	1442	Szólád	U4b1b
SZ23	1442	Szólád	H13a1a2
SZ24	1442	Szólád	U4b
SZ25	1442	Szólád	n/a (<2x)
SZ30	1442	Szólád	H13a
SZ38	1442	Szólád	HV0
SZ41	1442	Szólád	n/a (<2x)
SZ42	1442	Szólád	K2a6
SZ7	1442	Szólád	T2e
SZ9	1442	Szólád	J1b1a1d
SZ20	1442	Szólád	n/a (<2x)
SZ35	1442	Szólád	n/a (<2x)
SZ19	1456	Szólád	HV9c
SZ31	1442	Szólád	n/a (<2x)
SZ32	1442	Szólád	H74
SZ37	1430	Szólád	H66a
SZ40	1442	Szólád	T2
SZ36	1442	Szólád	U4c2a
SZ43	1393	Szólád	H1e
SZ18	1442	Szólád	H13a1a2
SZ27	1467	Szólád	N1a1a1a1
SZ28	1442	Szólád	H3b5
SZ6	1442	Szólád	n/a (<2x)
SZ45	1442	Szólád	J1c
SZ8	1442	Szólád	n/a (<2x)
SZ22	1442	Szólád	N1b1b1
SZ13	1462	Szólád	N1b1b1
SZ11	1442	Szólád	K2a3a
SZ15	1442	Szólád	H1c1
SZ2	1442	Szólád	T1a1
SZ3	1442	Szólád	H18
SZ4	1442	Szólád	H1c9
SZ5	1442	Szólád	J2b1
I1497	5019	Apc-Berekalya I	H
I2369	5186	Budakalász-Luppa csárda	J2a1a1
I2370	5122	Alsónémedi	T2b
I2371	5169	Alsónémedi	U5b
I2752	5175	Balatonlelle-Felső-Gamász	K1a
I2753	5085	Balatonlelle-Felső-Gamász	U5a1
I2754	5140	Balatonlelle-Felső-Gamász	J1c+16261+189
I2755	5175	Balatonlelle-Felső-Gamász	U8b1a1
I2763	5172	Vörs	T2
I2785	5175	Vámosgyörk MHAT telep	T2c1d1
I2368	5025	Budakalász-Luppa csárda	U
I2366	5118	Budakalász, Luppa csárda	H26a
I2367	5085	Budakalász, Luppa csárda	HV
I5117	5100	Mezőcsát-Hörcsögös	K1a2
I5118	5100	Mezőcsát-Hörcsögös	H+16129
I5119	5097	Mezőcsát-Hörcsögös	J1c2
I5116	5100	Mezőcsát-Hörcsögös	W
I2788	5685	Abony, Turjányos-dűlő	H
I2789	5650	Abony, Turjányos-dűlő	J1c3b
I2790	5625	Abony, Turjános-dülö	N1a1a3
I2791	5523	Abony, Turjános-dülö	U5a1c1
I18489	2240	Győr-Moson-Sopron county, Markotabödöge-Mohos-tóra-dűlő	H58
I18491	2240	Győr-Moson-Sopron county, Markotabödöge-Mohos-tóra-dűlő	J1c3
I18492	2240	Győr-Moson-Sopron county, Markotabödöge-Mohos-tóra-dűlő	H58
I18493	2240	Győr-Moson-Sopron county, Markotabödöge-Mohos-tóra-dűlő	H1+16311
I20751	3200	Besenyszög Berek-ér partja, Köröm-Kápolnadomb	H26c
I25504	2875	Vas county, Kápolnadomb, Gór	H79
I25505	2911	Vas county, Kápolnadomb, Gór	H60a
I20749	3200	Hajdudorog-Szallasfold	J1c3
I25523	2950	Somogy county, Kútvölgyi-dűlő, Zamárdi (sites 56 and 89)	H2a
I1504	2858	Ludas-Varjú dűlő	K1a1a
I1504	2858	Ludas-Varjú dűlő	K1a1a
I1495	6367	Apc-Berekalya I	N1a1a+152
I18691	6000	Tolna county, Proletár trail, Dunaszentgyörgy	J1c+16261+189
I1899	6550	Veszprém Jutasi út	T2b
I1900	6686	Veszprém Jutasi út	W1+119
I1901	6550	Veszprém Jutasi út	J1c2
I1906	6550	Csabdi-Télizöldes	H
I2352	6550	Veszprém Jutasi út	U8b1a2b
I1495	6367	Apc-Berekalya I	N1a1a1a
I1902	6550	Felsörs, Bárókert	H44
I1905	6664	Csabdi, Télizöldes	T2b
I1903	6550	Bátaszék-Lajvér	T2
I1890	6875	Fajsz Garadomb	HV0a
I1891	6913	Fajsz Garadomb	H
I1893	6895	Alsónyék-Elkerülő 2	U8b1b
I4184	6754	Szemely-Hegyes	K1a
I4185	6873	Alsónyék-Elkerülö 2	T2c1+146
I4183	6743	Szemely-Hegyes	K1b1a
I0449	6700	Hódmezővásárhely-Gorzsa, grave 18	U5b2c
I2358	6700	Pusztataskony-Ledence I	K1a4
I2387	6700	Hódmezővásárhely-Kökénydomb Vörös tanya	K1b1+(16093)
I2746	6700	Vésztő-Mágor	H26
I2359	6700	Pusztataskony-Ledence I	T2
I0447	6700	Hódmezővásárhely-Gorzsa, grave 4	T1a
RISE349	3893	Battonya Vörös Oktober	T2b3
RISE371	3982	Szöreg-C (Sziv Utca)	U5a2b
RISE373	3751	Szöreg-C (Sziv Utca)	K1a2a
RISE374	3643	Szöreg-C (Sziv Utca)	T2b
I20750	3900	Polgar Kenderfold	U4b2
RISE254	3948	Százhalombatta-Földvár	J1c9
RISE479	3700	Erd 4	T2b
RISE247	3607	Százhalombatta-Földvár	H11a
RISE480	3550	Erd 4	U5a2a
RISE483	3700	Erd 4	H2a1
RISE484	3700	Erd 4	T1a1
DA199	703	..	H1ba
I7042	6086	Szigetszentmiklós-Üdülősor	H
I2355	7050	Pusztataskony-Ledence I	T2c1d1
I2357	7050	Pusztataskony-Ledence I	H1e
I1498	7094	Debrecen Tocopart Erdoalja	H
I1500	7058	Kompolt-Kigyoser	J1c1
I1505	7057	Polgár-Ferenci hát, M3-31	J1c5
I1506	7146	Polgár-Ferenci hát, M3-31	U5b2c
I3535	7068	Hajdúnánás-Eszlári út	J2b1
I4188	7050	Polgár-Piócás	K1a
I1499	7077	Garadna	X2b+226
I1499	7077	Garadna	X2b-T226C
I2383	7050	Hajdúnánás-Eszlári út	T2b
I4186	7050	Ebes-Sajtgyár	K1a
I4187	7050	Ebes-Zsongvölgy	V1a
I4188	7050	Polgár-Piócás	K1a
I2384	7114	Hajdunánás, Eszlári út	K1a
I1498	7094	Debrecen Tocopart Erdoalja	H
I2743	7050	Cegléd, site 4/1	H
I2744	7050	Cegléd, site 4/1	J2b1
I2745	7050	Cegléd, site 4/1	J1c1
I2380	7350	Mezőkövesd-Mocsolyás	K1a1
I2382	7350	Mezőkövesd-Mocsolyás	U8b1b
I3537	7366	Mezőkövesd-Mocsolyás	HV
I2375	7050	Tiszadob-Ó-Kenéz	H7
I2376	7050	Tiszadob-Ó-Kenéz	HV0a
I2377	7001	Tiszadob-Ó-Kenéz	J1c2
I2378	7050	Hejőkürt-Lidl logisztikai központ	U8b1b
I2379	6984	Hejőkürt-Lidl logisztikai központ	N1a1a
I4199	7050	Tiszadob-Ó-Kenéz	U5b2b1a
I1500	7058	Kompolt-Kigyoser	J1c1
I1505	7057	Polgár-Ferenci hát, M3-31	J1c5
I11929	6150	Polgár-Ferenci hát, M3-31	K1
I11933	6950	Polgár-Ferenci hát, M3-31	K1a2
I0176	7002	Szemely-Hegyes	N1a1a1a3
I1496	7040	Apc-Berekalya I	K1a3a3
I1882	7050	Budakeszi, Szőlőskert-Tangazdaság	T1a
I1904	7010	Bátaszék-Lajvér	K1b1a
I3536	7050	Enese elkerülő, Kóny, Proletár-dülö, M85, Site 2	T2b
I4196	7050	Budakeszi, Szőlőskert-Tangazdaság	U2+152
I4181	7050	Bölcske-Gyűrűsvölgy	H
I1883	7146	Tolna-Mözs TO26	K1a
I2739	7158	Alsonyek-Bataszek, Mérnöki telep	T2c1+146C!
I1496	7040	Apc-Berekalya I	K1a3a3
I1506	7146	Polgár-Ferenci hát, M3-31	U5b2c
I1887	7150	Versend-Gilencsa	T2b
I1889	6943	Szederkény-Kukorica-dülö	K1a2
I1894	7150	Versend-Gilencsa	U2+152
I1896	7190	Szederkény-Kukorica-dülö	K2a
I1885	7228	Versend-Gilencsa	T
I1895	7195	Szederkény Kukorica-dulo	H26
MS10614	2217	Balearic Islands, Ibiza, Saint Antoni de Portmany, Can Portes d'es Jurat hipogeo Ca's Moli	T2b
KOV-A2	236	Kopavogur	H1
FOV-A1	603	Fossvellir	HV17a 
TSK-A26	825	Skeljastadir	J1b1a1a 
DAV-A8	1000	Dalvik, Brimnes	H1
DKS-A1	1025	Ondverdarnes	U5a1h 
FSS-A1	1015	Fremri-Svartardalur	U4a2 
GRS-A1	1015	Grimsstadir	K1a1b1b 
GTE-A1	1015	Gilsarteigur	H4a1a4b 
HSJ-A1	1015	Hrolfsstadir	H3g1 
KNS-A1	950	Karlsnes	H5
MKR-A1	1015	Vidar, Masvatn	K1c1b 
NNM-A1	1015	Njarovik	H2a2b5a 
NTR-A2	1015	Neori-Tvera	K1a2a
ORE-A1	1000	Ormsstadir	K1a3a 
SBT-A1	1015	Smyrlaberg	H3g1a 
SSG-A2	1025	Silastadir	J1c3g 
SSG-A3	1025	Silastadir	T2b2b 
SSG-A4	1025	Silastadir	J1b1a1a 
SSJ-A2	1025	Surtsstadir	U5a1a1 
STT-A2	1000	Straumur	U4b1b1 
SVK-A1	1015	Svinadalur	I2
TGS-A1	854	Tunga I Gönguskördum	T2e1
VDP-A5	1000	Vatnsdalur	H3
VDP-A6	1000	Vatnsdalur	H1c3a 
VDP-A7	1000	Vatnsdalur	H4a1a1 
YGS-B2	1015	Ytra-Gardshorn	J1c1a 
DAV-A9	950	Dalvik, Brimnes	H1
VK111	850	Hofstadir	H10+(16093)
VK110	850	Hofstadir	H10+(16093)
VK101	850	Hofstadir	U5b1g
VK102	850	Hofstadir	J1c3f
VK122	850	Hofstadir	H24a
VK123	850	Hofstadir	J1c9
VK127	1000	Hringsdalur	H3g1b
VK128	1000	Hringsdalur	H+195
VK129	1000	Ingiridarstadir	U5b1b1a
VK225	850	Hofstadir	H3v+16093
VK226	850	Hofstadir	H3a1a
VK227	850	Hofstadir	K1b2a2
VK228	850	Hofstadir	T2b4
VK230	850	Hofstadir	H10+(16093)
VK95	850	Hofstadir	H6a1a3a
VK98	850	Hofstadir	T2b3b
VK99	850	Hofstadir	I2a1
IL-01	0	Irula	U2c1 
IL-04	0	Irula	R5a2b 
IL-07	0	Irula	R6a1 
IL-08	0	Irula	U2c1 
IL-09	0	Irula	C4a4a 
IL-10	0	Irula	R30a 
IL-11	0	Irula	U2c1 
IL-12	0	Irula	M6a1 
IL-15	0	Irula	M3c1b1b 
IL-16	0	Irula	M3c1b1 
I6113	4300	Rakhigarhi	U2b2
I2868	1011	Uttaranchal, Himalaya, Roopkund	M33d
I2871	1099	Uttaranchal, Himalaya, Roopkund	M3c1a
I2872	1099	Uttaranchal, Himalaya, Roopkund	M3c2
I3342	1099	Uttaranchal, Himalaya, Roopkund	M3a2
I3343	1109	Uttaranchal, Himalaya, Roopkund	M3d1a
I3344	1107	Uttaranchal, Himalaya, Roopkund	U2c1
I3346	1129	Uttaranchal, Himalaya, Roopkund	M30c
I3349	1101	Uttaranchal, Himalaya, Roopkund	M5a
I3351	1118	Uttaranchal, Himalaya, Roopkund	M4
I3352	1166	Uttaranchal, Himalaya, Roopkund	HV14
I3406	1016	Uttaranchal, Himalaya, Roopkund	M30+16234
I3407	1070	Uttaranchal, Himalaya, Roopkund	M3a1+204
I6938	1152	Uttaranchal, Himalaya, Roopkund	X2p
I6941	1007	Uttaranchal, Himalaya, Roopkund	J1b1a1
I6942	1118	Uttaranchal, Himalaya, Roopkund	R30b2a
I6943	1228	Uttaranchal, Himalaya, Roopkund	M3a1
I6944	1125	Uttaranchal, Himalaya, Roopkund	U4d3
I6945	1178	Uttaranchal, Himalaya, Roopkund	M30+16234
I6946	1109	Uttaranchal, Himalaya, Roopkund	U8b1a1
I7035	1015	Uttaranchal, Himalaya, Roopkund	U7a2
I7036	1023	Uttaranchal, Himalaya, Roopkund	H13a2a
I2869	143	Uttaranchal, Himalaya, Roopkund	H6b
I2870	128	Uttaranchal, Himalaya, Roopkund	T1a
I3345	124	Uttaranchal, Himalaya, Roopkund	H1+152
I3348	126	Uttaranchal, Himalaya, Roopkund	H1c15
I3350	131	Uttaranchal, Himalaya, Roopkund	H60a
I3403	128	Uttaranchal, Himalaya, Roopkund	X2d
I3404	129	Uttaranchal, Himalaya, Roopkund	H12a
I3405	193	Uttaranchal, Himalaya, Roopkund	J1b4
I6936	127	Uttaranchal, Himalaya, Roopkund	H1
I6937	188	Uttaranchal, Himalaya, Roopkund	H12a
I6939	128	Uttaranchal, Himalaya, Roopkund	H1
I6947	131	Uttaranchal, Himalaya, Roopkund	K1a
I3401	150	Uttaranchal, Himalaya, Roopkund	W1+119
I6940	199	Uttaranchal, Himalaya, Roopkund	M24a
Andaman	90	Great Andaman Island	M*
In662	2161	Sumatra, Northwest Aceh, Loyang Ujung Cave	M20
In661	1827	Sumatra, Northwest Aceh, Loyang Ujung Cave	F1a1a
I1661	6539	Seh Gabi	H29
I1662	6677	Seh Gabi	K1a12a
I1665	5819	Seh Gabi	U7a
I1670	6690	Seh Gabi	U3a'c
I1674	5831	Seh Gabi	I1c
I2337	5522	Tepe Hissar	N
I2512	4838	Tepe Hissar	HV
I2513	4564	Tepe Hissar	W3b
I2514	4347	Tepe Hissar	W3b
I2918	5566	Tepe Hissar	U7
I2921	5533	Tepe Hissar	J1d
I2922	4043	Tepe Hissar	W3b
I2923	4707	Tepe Hissar	W3b
I2924	4715	Tepe Hissar	U5b2
I2925	4715	Tepe Hissar	X2p
I2927	4447	Tepe Hissar	T2h2
I2928	4625	Tepe Hissar	U7a
I2337	5522	Tepe Hissar	N
I2921	5533	Tepe Hissar	J1d
I4274	3771	Dinkha Tepe	N1b1a5
I4341	3775	Dinkha Tepe	U2e2
I3911	3450	Dinkha Tepe	J1b8
I3913	3842	Dinkha Tepe	U2d
I4237	2898	Dinkha Tepe	K1a12a
I4272	3774	Dinkha Tepe	U7a4
I4236	3450	Dinkha Tepe	H2a1
I4340	3291	Dinkha Tepe	T2c1c
I3912	3743	Dinkha Tepe	J1d6
I3914	3028	Dinkha Tepe	J1b6
I3915	2877	Dinkha Tepe	U2e1b
I4238	3112	Dinkha Tepe	U3b3
I4239	3257	Dinkha Tepe	T2
I4273	2967	Dinkha Tepe	T2d2
I1955	389	Ganj Dareh	U1a1a3
I1290	9806	Ganj Dareh	X1'2'3
I1944	9800	Ganj Dareh	R2+13500
I1945	9800	Ganj Dareh	J1
I1947	9992	Ganj Dareh	R2b
I1949	10042	Ganj Dareh	R2b
I1951	9848	Ganj Dareh	HV
I1954	10162	Ganj Dareh	R2b
I1946	10000	Ganj Dareh	U7
I1952	9952	Ganj Dareh	R
I4243	4312	Hajji Firuz	I1b
I4243	4312	Hajji Firuz	I1b
I2327	3050	Hajji Firuz	K1a17
I2327	3050	Hajji Firuz	K1a17
I2323	7910	Hajji Firuz	K1a19
I2328	7900	Hajji Firuz	K1b1
I4241	7904	Hajji Firuz	K1a3
I4349	7747	Hajji Firuz	U1a1d
I4351	7920	Hajji Firuz	HV
I2323	7910	Hajji Firuz	K1a19
I2328	7900	Hajji Firuz	K1b1
I4241	7904	Hajji Firuz	K1a3
I4338	2582	Hasanlu	T2d2
I4353	2911	Hasanlu	HV1a'b'c
I4355	2898	Hasanlu	J2b1
I4356	2967	Hasanlu	U3b3
I4357	2821	Hasanlu	H13a
I6388	3015	Hasanlu	J1d1b1
I6426	3198	Hasanlu	U2d1
I6428	2977	Hasanlu	K1a
I6429	2907	Hasanlu	J1b1a3
I6430	2850	Hasanlu	U1a1
I6431	3022	Hasanlu	H2a
I6432	3128	Hasanlu	J1d3a
I4099	3151	Hasanlu	T1a10
I4100	2911	Hasanlu	U5a2b
I4232	2824	Hasanlu	H13a2c
I4233	2806	Hasanlu	H14a
I4269	2753	Hasanlu	H+195
I4280	2737	Hasanlu	X2d
I4097	3304	Hasanlu	R2+13500
F38	2833	Hasanlu	N1a3a
I4098	3378	Hasanlu	W6
I4354	4042	Hasanlu	J2a2
I2312	11950	Alborz Mountains, near Behshahr, Belt Cave	HV2a
I2312	11950	Alborz Mountains, near Behshahr, Belt Cave	K2a
I1293	10800	Alborz Mountains, near Behshahr, Hotu Cave	n/a (<2x)
I11462	4844	Seistan, Shahr-i Sokhta	M33a2a
I11474	4600	Seistan, Shahr-i Sokhta	R5a2b
I11476	4600	Seistan, Shahr-i Sokhta	T1a3
I11478	4500	Seistan, Shahr-i Sokhta	U1a1c1d
I11479	4796	Seistan, Shahr-i Sokhta	R30b
I11483	4942	Seistan, Shahr-i Sokhta	U1a1a
I8724	4900	Seistan, Shahr-i Sokhta	I1
I8725	4862	Seistan, Shahr-i Sokhta	J1
I11468	4900	Seistan, Shahr-i Sokhta	W
I11461	4600	Seistan, Shahr-i Sokhta	L3f2b
I11469	5000	Seistan, Shahr-i Sokhta	H40a
I11456	4500	Seistan, Shahr-i Sokhta	W3a1b
I11459	4699	Seistan, Shahr-i Sokhta	W3a1
I11466	4200	Seistan, Shahr-i Sokhta	M30b
I11480	4800	Seistan, Shahr-i Sokhta	n/a (<2x)
I8726	5000	Seistan, Shahr-i Sokhta	U2c1
I8728	4500	Seistan, Shahr-i Sokhta	R7
I11460	4600	Seistan, Shahr-i Sokhta	n/a (<2x)
I11488	4600	Seistan, Shahr-i Sokhta	n/a (<2x)
I11456	4500	Seistan, Shahr-i Sokhta	W3a1b
I11458	4600	Seistan, Shahr-i Sokhta	M3a2
I11459	4699	Seistan, Shahr-i Sokhta	W3a1b
I11466	4200	Seistan, Shahr-i Sokhta	M30b
I8728	4500	Seistan, Shahr-i Sokhta	R7
I11471	5115	Seistan, Shahr-i Sokhta	U1a1c1
I11480	4800	Seistan, Shahr-i Sokhta	W6
I11460	4600	Seistan, Shahr-i Sokhta	H2a
I11488	4600	Seistan, Shahr-i Sokhta	R
I11472	4750	Seistan, Shahr-i Sokhta	T2d2
AH1	9925	Tepe Abdul Hosein, Central Zagros	R2
AH2	9921	Tepe Abdul Hosein, Central Zagros	R2
AH4	9918	Tepe Abdul Hosein, Central Zagros	T2c
WC1	9214	Wezmeh Cave, Central Zagros	J1d6
I8959	9450	Bestansur	N
I8843	9450	Bestansur	n/a (<2x)
I8936	9450	Bestansur	n/a (<2x)
I8955	9450	Bestansur	HV2a2
I6457	10700	Nemrik 9	U1a1
I6443	10700	Nemrik 9	n/a (<2x)
I2516	10059	Shanidar	J1d
I3882	10125	Shanidar	N1a1b
I3883	10281	Shanidar	H
rath1	3897	Rathlin Island,  County Antrim	U5a1b1e
rath2	3819	Rathlin Island,  County Antrim	U5b2a2
rath3	3580	Rathlin Island,  County Antrim	J2b1a
ASH3	5609	Ireland, Tipperary, Ashleypark	T2c1d1
PB357	5545	Ireland, Clare, Parknabinnia	U8b1b
PN02	5546	Ireland, Clare, Poulnabrone	U5b1c1
PN112	5558	Ireland, Clare, Poulnabrone	U5b2b
PN13	5572	Ireland, Clare, Poulnabrone	V
PN04	5742	Ireland, Clare, Poulnabrone	H1+16189
PN05	5729	Ireland, Clare, Poulnabrone	K1a+195
PN107	5705	Ireland, Clare, Poulnabrone	U4a2f
KIL001	950	Roscommon, Kilteasheen	T2b+152
KIL002	950	Roscommon, Kilteasheen	U1a1a3
KIL003	950	Roscommon, Kilteasheen	H3as
KIL004	950	Roscommon, Kilteasheen	U5a1f1a1
KIL006	950	Roscommon, Kilteasheen	H4a1a3a
KIL007	950	Roscommon, Kilteasheen	T2b19b
KIL008	950	Roscommon, Kilteasheen	U4a1a2
KIL009	950	Roscommon, Kilteasheen	K1a4a1
KIL012	950	Roscommon, Kilteasheen	V3
KIL013	950	Roscommon, Kilteasheen	H13a1a4
KIL014	950	Roscommon, Kilteasheen	J1c1a
KIL015	950	Roscommon, Kilteasheen	V10a
KIL016	950	Roscommon, Kilteasheen	J1c
KIL017	950	Roscommon, Kilteasheen	H1o
KIL018	950	Roscommon, Kilteasheen	H1
KIL019	950	Roscommon, Kilteasheen	K1c2
KIL020	950	Roscommon, Kilteasheen	V1a
KIL022	950	Roscommon, Kilteasheen	U4b1b2
KIL023	950	Roscommon, Kilteasheen	J2a1a1
KIL024	950	Roscommon, Kilteasheen	J1c3f
KIL025	950	Roscommon, Kilteasheen	U5a1a
KIL026	950	Roscommon, Kilteasheen	T2b
KIL027	950	Roscommon, Kilteasheen	H7a1b
KIL028	950	Roscommon, Kilteasheen	K2b1a
KIL031	950	Roscommon, Kilteasheen	T2e
KIL032	950	Roscommon, Kilteasheen	U4a1a
KIL033	950	Roscommon, Kilteasheen	K1a4a1
KIL034	950	Roscommon, Kilteasheen	H3ao
KIL035	950	Roscommon, Kilteasheen	H1b
KIL037	950	Roscommon, Kilteasheen	H13a1a
KIL038	950	Roscommon, Kilteasheen	I4a
KIL041	950	Roscommon, Kilteasheen	V3a1
KIL042	950	Roscommon, Kilteasheen	J1
KIL043	950	Roscommon, Kilteasheen	I2
KIL044	950	Roscommon, Kilteasheen	U5b2c2b
KIL045	950	Roscommon, Kilteasheen	U5a1g
KIL047	950	Roscommon, Kilteasheen	H
KIL030	950	Roscommon, Kilteasheen	U5a1a1
CAK530	4711	Ireland, Sligo, Carrowkeel	W5b
CAK531	4701	Ireland, Sligo, Carrowkeel	H1
CAK532	4892	Ireland, Sligo, Carrowkeel	J1c3
CAK533	4926	Ireland, Sligo, Carrowkeel	H
CAK68	4503	Ireland, Sligo, Carrowkeel	H
car004	5517	Carrowmore	T2c1d1
prs002	5665	Primrose Grange	H1+16189
prs003/015	5643	Primrose Grange	H1i
prs006/011	5480	Primrose Grange	K1a+195
prs008/009	5398	Primrose Grange	U5b2c
prs010	5522	Primrose Grange	K1a+195
prs012	5650	Primrose Grange	W1+119
prs013/014	5403	Primrose Grange	T2b3c
prs016	5539	Primrose Grange	K1a4a1
prs018	5643	Primrose Grange	K1a+195
prs017	5657	Primrose Grange	K1a+195
KGH6	6658	Ireland, Limerick, Killuragh	U5b2a
SRA62	6001	Ireland, Leitrim, Sramore	U5a2d
JP14	5483	Ireland, Kilkenny, Jerpoint West	T2c1d1
ANN1	5405	Ireland, Limerick, Annagh	K1a+195
ANN2	5521	Ireland, Limerick, Annagh	H4a1a1
ARD2	5401	Ireland, Tipperary, Ardcrony	J2b1a
ASH1	5501	Ireland, Tipperary, Ashleypark	K2a9
BG72	5467	Ireland, Carlow, Baunogenasraid	K1a4a1
CH448	5517	Ireland, Cavan, Cohaw	H1
GNM1007	5288	Ireland, Mayo, Glennamong	K1a+195
GNM1076	5135	Ireland, Mayo, Glennamong	H1c
MB6	5192	Ireland, Down, Millin Bay, Keentagh Td.	J1c3
NG10	5151	Newgrange	U5b1+16189+16192
NGZ1	5024	Ireland, Meath, Site Z, Newgrange	X2b+226
PB1327	5407	Ireland, Clare, Parknabinnia	T2b3
PB1794	5486	Ireland, Clare, Parknabinnia	J1c6
PB186	5393	Ireland, Clare, Parknabinnia	X2b+226
PB2031	5431	Ireland, Clare, Parknabinnia	K1a2b
PB443	5474	Ireland, Clare, Parknabinnia	K1b1a1
PB581	5413	Ireland, Clare, Parknabinnia	T2b
PB672	5442	Ireland, Clare, Parknabinnia	T2c1d+152
PB675	5171	Ireland, Clare, Parknabinnia	H1
PB754	5375	Ireland, Clare, Parknabinnia	U5b2a3
PB768	5475	Ireland, Clare, Parknabinnia	H4a1a1
PN03	5460	Ireland, Clare, Poulnabrone	K1a1
PN06	5459	Ireland, Clare, Poulnabrone	H
PN07	5410	Ireland, Clare, Poulnabrone	U5b1c
PN12	5383	Ireland, Clare, Poulnabrone	H
PN16	5442	Ireland, Clare, Poulnabrone	K1b1a1
bally	5131	Ballynahatty,  County Down	HV0+195
CAK534	4800	Ireland, Sligo, Carrowkeel	X2b4
VK543	1100	Eyrephort	I2
VK544	1100	Dublin, Finglas	H24a
VK545	1185	Dublin, Ship Street Great	H1bb
VK546	1100	Dublin, Islandbridge	HV6
I8582	4025	Isle of Man, Rushen, Strandhall	H2a1e1
VK170	1050	IsleOfMan, Balladoole	HV9b
ASH066	3184	Ashkelon	T2c1c
ASH067	3206	Ashkelon	H92
ASH2-3	3213	Ashkelon	I1
ASH068	3167	Ashkelon	T1a1
ASH008	3095	Ashkelon	H2c
ASH087	3100	Ashkelon	H4a1c
ASH135	3100	Ashkelon	JT
ASH029	3513	Ashkelon	H66
ASH033	3639	Ashkelon	N
ASH034	3550	Ashkelon	U3b1a
I0644	5950	Upper Galilee, Peki'in	H2
I1152	5950	Upper Galilee, Peki'in	J2a2
I1154	5950	Upper Galilee, Peki'in	T2c1c1
I1160	5950	Upper Galilee, Peki'in	I6
I1164	5950	Upper Galilee, Peki'in	J2a2d
I1165	5950	Upper Galilee, Peki'in	HV1a'b'c
I1168	5950	Upper Galilee, Peki'in	T2e
I1169	5950	Upper Galilee, Peki'in	J2a2d
I1170	5950	Upper Galilee, Peki'in	T1a2
I1171	5950	Upper Galilee, Peki'in	K1a+150
I1172	5950	Upper Galilee, Peki'in	K1a
I1178	5950	Upper Galilee, Peki'in	I6
I1179	5950	Upper Galilee, Peki'in	T2e
I1182	5950	Upper Galilee, Peki'in	T1a+152
I1184	5950	Upper Galilee, Peki'in	T1
I1187	5950	Upper Galilee, Peki'in	R0
I1180	5950	Upper Galilee, Peki'in	T2+150
I1166	5950	Upper Galilee, Peki'in	R0a
I1183	5950	Upper Galilee, Peki'in	n/a (<2x)
I1155	5950	Upper Galilee, Peki'in	K1a+150
I1177	5950	Upper Galilee, Peki'in	N1b1
I1181	5950	Upper Galilee, Peki'in	T2+150
I4517	2951	Megiddo, Jezreel Valley	K1a
I2201	2889	Abel Beth Maacah	X2
I4521	4194	Megiddo, Jezreel Valley	H20a
I11095	400	Southwest Israel, Tell el-Hesi	J2b1a
I11094	400	Southwest Israel, Tell el-Hesi	J2b1a
KFH2	9591	Kfar HaHoresh	N1a1b 
I10092	3750	Megiddo, Jezreel Valley	N1b1a2
I10093	3750	Megiddo, Jezreel Valley	N1b1
I10097	3500	Megiddo, Jezreel Valley	T1a
I10099	3500	Megiddo, Jezreel Valley	T2c1a
I10101	3500	Megiddo, Jezreel Valley	U2e1b
I10104	3825	Megiddo, Jezreel Valley	T2e
I10106	3550	Megiddo, Jezreel Valley	T2b7a
I10264	3750	Megiddo, Jezreel Valley	T1a
I10268	3853	Megiddo, Jezreel Valley	K
I10768	3500	Megiddo, Jezreel Valley	J2a2a2
I10770	3450	Megiddo, Jezreel Valley	T2c1+146
I10771	3550	Megiddo, Jezreel Valley	U1a1a3
I2062	3170	Tel Shadud	H+16129
I2190	3351	Megiddo, Jezreel Valley	H14a
I2195	3372	Megiddo, Jezreel Valley	U3b
I2198	3420	Megiddo, Jezreel Valley	H5'36
I3832	3300	Hazor	N1b1a2
I3965	3650	Hazor	HV1b3
I4518	3375	Megiddo, Jezreel Valley	HV2a1
I4519	3425	Megiddo, Jezreel Valley	H+152
I4525	3500	Megiddo, Jezreel Valley	K1a18
I6928	3725	Yehud	H40a
I7002	3725	Yehud	J1c2i
I7003	3725	Yehud	N1b1a2
I7182	3725	Yehud	T1a2
I8187	3675	Megiddo, Jezreel Valley	H2a2a
I10361	3500	Megiddo, Jezreel Valley	J1d
I10769	3450	Megiddo, Jezreel Valley	T2c1+146
I10096	3500	Megiddo, Jezreel Valley	X
I6925	3725	Yehud	n/a (<2x)
I6932	3725	Yehud	n/a (<2x)
I7177	3725	Yehud	n/a (<2x)
I7179	3725	Yehud	n/a (<2x)
I7180	3725	Yehud	T1a
I7184	3725	Yehud	U1a1
I10100	3548	Megiddo, Jezreel Valley	T2
I2200	3500	Megiddo, Jezreel Valley	U3b
I10359	3512	Megiddo, Jezreel Valley	J1d1a1
I1934	3200	Tel Shadud	I5a1
I6461	3300	Baq'ah	N1b1a
I10270	3500	Megiddo, Jezreel Valley	U2e1b
I8188	3675	Megiddo, Jezreel Valley	U2d
I0861	12700	Raqefet Cave	n/a (<2x)
I1685	12700	Raqefet Cave	J2a2
I1685	12700	Raqefet Cave	n/a (<2x)
I1687	13293	Raqefet Cave	n/a (<2x)
I0861	12700	Raqefet Cave	JT
I1069	12700	Raqefet Cave	HV
I1690	12700	Raqefet Cave	n/a (<2x)
I1687	13293	Raqefet Cave	H2a
I0867	8700	Motza	K1a4b
VEN001	1225	Basilicata, Potenza, Venosa	N3a
VEN002	1225	Basilicata, Potenza, Venosa	U5a1c
VEN005	1250	Basilicata, Potenza, Venosa	HV0e
VEN006	1250	Basilicata, Potenza, Venosa	T1a
VEN008	1250	Basilicata, Potenza, Venosa	H6c
VEN009	1250	Basilicata, Potenza, Venosa	L2b1a
VEN010	1250	Basilicata, Potenza, Venosa	W6
VEN012	1250	Basilicata, Potenza, Venosa	J1c3
VEN013	1250	Basilicata, Potenza, Venosa	H14a
VEN014	1250	Basilicata, Potenza, Venosa	H
VEN015	1250	Basilicata, Potenza, Venosa	H1
VEN016	1250	Basilicata, Potenza, Venosa	I1b
VEN018	1250	Basilicata, Potenza, Venosa	H5a1g1a
VEN021	1250	Basilicata, Potenza, Venosa	U5a2d1
VEN022	1250	Basilicata, Potenza, Venosa	H7a1
VEN017	1250	Basilicata, Potenza, Venosa	H35
BRC003	3447	Vicenza, Berici Hills, Grottina dei Covoloni del Broion	U4a2f
BRC007	3491	Vicenza, Berici Hills, Grottina dei Covoloni del Broion	K1a1b1
BRC001	5061	Vicenza, Berici Hills, Grottina dei Covoloni del Broion	J2a1a1
BRC022	5152	Vicenza, Berici Hills, Grottina dei Covoloni del Broion	H5a1
BRC010	3804	Vicenza, Berici Hills, Grottina dei Covoloni del Broion	H+16291T
BRC030	3772	Vicenza, Berici Hills, Grottina dei Covoloni del Broion	K1a4a1e
R1014	7074	Monte San Biagio	N1a1a1a3
I16762	7146	Marche, Ripabianca di Monterado	U5b3a1
R16	7202	Marche, Ripabianca di Monterado	U5b2b3
R17	7216	Marche, Ripabianca di Monterado	U8b1b
R18	7271	Marche, Ripabianca di Monterado	H2a
GLR003	4723	Forlì-Cesena, Cesena, Necropoli di Gattolino	n/a (<2x cov)
R1_Italy	2832	Martinsicuro	U5a2b
R475	2600	Civitavecchia	T2b32
R437	2250	Palestrina Selciata	H10
R850	2600	Ardea	T2c1f
R1015	2800	Veio Grotta Gramiccia	K1a4
R1016	2750	Castel di Decima	H1aj1a
R1021	2600	Boville Ernica	U4a1a
R435	2350	Palestrina Colombella	H11a
R473	2600	Civitavecchia	U5a1
R474	2600	Civitavecchia	H
R851	2600	Ardea	H2a
R45	1750	Isola Sacra	U3b1
R80	1840	Viale Rossini (Necropoli Salaria)	U6a5
R111	1850	Via Paisiello (Necropoli Salaria)	H
R1551	1797	Monterotondo	H
R68	1750	ANAS (Azienda Nazionale Autonoma delle Strada)	U7a4a1a
R1547	1814	Monterotondo	K1a7
R1550	1814	Monterotondo	T2c1c
R42	1863	Isola Sacra	U1a1
R70	1750	ANAS (Azienda Nazionale Autonoma delle Strada)	T1a
R67	1750	ANAS (Azienda Nazionale Autonoma delle Strada)	T2c1
R132	1670	Marcellino & Pietro	R0a2j
R116	1850	Via Paisiello (Necropoli Salaria)	U3a2
R37	1750	Isola Sacra	U6a6a1
R113	1850	Via Paisiello (Necropoli Salaria)	H26a1
R114	1850	Via Paisiello (Necropoli Salaria)	U1b1
R115	1850	Via Paisiello (Necropoli Salaria)	U4
R123	1780	Casale del dolce	T2a1b
R125	1750	Casale del dolce	T2k
R126	1650	Casale del dolce	U6a7c1
R128	1750	Casale del dolce	HV+16311
R131	1850	Via Paisiello (Necropoli Salaria)	T1a12
R1543	1750	Mazzano Romano	H1e
R1544	1750	Mazzano Romano	J1c
R1545	1750	Mazzano Romano	H8c
R1548	1814	Monterotondo	H2a
R1549	1814	Monterotondo	U5b2b3
R38	1750	Isola Sacra	T2d2
R39	1798	Isola Sacra	J2b1c1
R40	1750	Isola Sacra	K1a4a
R41	1750	Isola Sacra	H5a1
R43	1750	Isola Sacra	H7f
R436	1850	Palestrina Antina	U5b3a
R44	1750	Isola Sacra	T2
R47	1655	Centocelle	J1c1c
R49	1750	Centocelle	H1u
R50	1699	Centocelle	H5
R51	1750	Centocelle	U3b1
R66	1750	ANAS (Azienda Nazionale Autonoma delle Strada)	T2
R69	1750	ANAS (Azienda Nazionale Autonoma delle Strada)	X2l
R71	1750	ANAS (Azienda Nazionale Autonoma delle Strada)	H5+709
R72	1750	ANAS (Azienda Nazionale Autonoma delle Strada)	T2g
R73	1750	ANAS (Azienda Nazionale Autonoma delle Strada)	J2a1a1a
R75	1850	Viale Rossini (Necropoli Salaria)	H14a
R76	1850	Viale Rossini (Necropoli Salaria)	T2c1a
R78	1850	Viale Rossini (Necropoli Salaria)	D4j11
R81	1850	Viale Rossini (Necropoli Salaria)	K1b1c
R835	1814	Civitanova Marche	H2a5
R836	1814	Civitanova Marche	H5n
R105	1450	Crypta Balbi	T1a
R108	1450	Crypta Balbi	T2b+150
R109	1450	Crypta Balbi	H1ba
R110	1450	Crypta Balbi	H1e
R33	1450	Mausoleo di Augusto	K1a
R106	1450	Crypta Balbi	J2a1a1a2
R31	1538	Mausoleo di Augusto	K1c1
R104	1319	Crypta Balbi	U5b3a1a
R107	1450	Crypta Balbi	T2h
R117	1450	San Ercolano	T2b
R118	1450	San Ercolano	H1e1a
R120	1450	San Ercolano	I1c
R121	1450	San Ercolano	H17
R122	1450	San Ercolano	J1c+16261
R130	1550	Marcellino & Pietro	H107
R133	1550	Marcellino & Pietro	HV1a3
R134	1550	Marcellino & Pietro	K1a4c1
R136	1550	Marcellino & Pietro	T2d2
R137	1550	Marcellino & Pietro	U5b2a1a
R30	1450	Mausoleo di Augusto	L4a2
R32	1450	Mausoleo di Augusto	H2a1
R34	1450	Mausoleo di Augusto	H+195+146
R35	1450	Celio	H32
R36	1450	Celio	T1a1
LSC002	4619	Latino, Sonnino, Grotta La Sassa	H1bv1
LSC005	4633	Latino, Sonnino, Grotta La Sassa	H1e5a
LSC011	4586	Latino, Sonnino, Grotta La Sassa	J1c1
TAQ003	1109	Lazio, Viterbo, Tarquinia	X2n
TAQ009	972	Lazio, Viterbo, Tarquinia	T1b2
TAQ011	991	Lazio, Viterbo, Tarquinia	L2a1c3a
TAQ022	859	Lazio, Viterbo, Tarquinia	H
TAQ002	1960	Lazio, Viterbo, Tarquinia	H
TAQ004	2151	Lazio, Viterbo, Tarquinia	H
TAQ006	2151	Lazio, Viterbo, Tarquinia	HV22
TAQ007	2240	Lazio, Viterbo, Tarquinia	H5
TAQ008	2151	Lazio, Viterbo, Tarquinia	HV0
TAQ010	2151	Lazio, Viterbo, Tarquinia	H13a1a1d
TAQ012	2151	Lazio, Viterbo, Tarquinia	H1
TAQ013	2151	Lazio, Viterbo, Tarquinia	U5a1a2a
TAQ015	2096	Lazio, Viterbo, Tarquinia	H5a7
TAQ016	2151	Lazio, Viterbo, Tarquinia	H1bz
TAQ019	2173	Lazio, Viterbo, Tarquinia	J1c3
TAQ023	2265	Lazio, Viterbo, Tarquinia	U5b2a3
TAQ024	2167	Lazio, Viterbo, Tarquinia	T2e
TAQ017	2100	Lazio, Viterbo, Tarquinia	T2e
TAQ005	2118	Lazio, Viterbo, Tarquinia	T2d2
TAQ001	2100	Lazio, Viterbo, Tarquinia	T2e
TAQ018	2118	Lazio, Viterbo, Tarquinia	W6a
TAQ020	1754	Lazio, Viterbo, Tarquinia	H44a
TAQ021	1564	Lazio, Viterbo, Tarquinia	X1
R970	300	Tivoli Palazzo Cianti	J1b3
R1219	508	Cancelleria	H11a
R1220	465	Cancelleria	T2f1a1
R1221	465	Cancelleria	H1e2
R1224	465	Cancelleria	T2b4f
R1286	520	Cancelleria	H1g1
R1288	525	Cancelleria	I3a1
R1289	525	Cancelleria	K1a4a1
R55	595	Villa Magna	J2b1a
R61	595	Villa Magna	HV
R62	735	Villa Magna	HV0a
R63	960	Villa Magna	K1a2a
R1283	1095	Cancelleria	H12
R1285	935	Cancelleria	T2c1a
R1287	525	Cancelleria	T2b
R1290	602	Cancelleria	H1c3a
R52	595	Villa Magna	T1a1
R53	595	Villa Magna	U2e1c1
R54	595	Villa Magna	H4a1
R56	595	Villa Magna	U5b3f
R57	595	Villa Magna	I1a1a3
R58	850	Villa Magna	H1c3
R59	1045	Villa Magna	N1b1a
R60	1045	Villa Magna	T2c1
R64	840	Villa Magna	HV0a
R65	840	Villa Magna	T2b
R969	300	Tivoli Palazzo Cianti	U5b
R973	300	Tivoli Palazzo Cianti	HV+16311
VK538	800	Foggia, Cancarro	H+16291
VK537	800	Foggia, Cancarro	V
VK534	766	Foggia, San Lorenzo	H1
VK535	700	Foggia, San Lorenzo	T1a5
VK536	800	Foggia, Cancarro	H3h6
I26770	10706	Abruzzo, Grotta de Continenza	U5b1+16189+@16192
I26771	11868	Abruzzo, Grotta de Continenza	U5b1+16189+@16192
I26772	9086	Abruzzo, Grotta de Continenza	U5b3
I1979	4015	Emilia Romagna, Parma, Via Guidorossi	T2b3
I2477	4015	Emilia Romagna, Parma, Via Guidorossi	T2b3+151
I2478	4006	Emilia Romagna, Parma, Via Guidorossi	K
CL102	1345	Piedmont, Collegno	H1i2
CL146	1345	Piedmont, Collegno	T2b3
CL84	1345	Piedmont, Collegno	H1t
CL93	1345	Piedmont, Collegno	J2b1a
CL97	1345	Piedmont, Collegno	n/a (<2x)
CL145	1345	Piedmont, Collegno	T2b
CL83	1345	Piedmont, Collegno	H1
CL151	1345	Piedmont, Collegno	T2b
CL87	1345	Piedmont, Collegno	H1
CL92	1345	Piedmont, Collegno	H
CL23	1345	Piedmont, Collegno	H
CL36	1345	Piedmont, Collegno	X2b
CL47	1345	Piedmont, Collegno	H11a
CL49	1345	Piedmont, Collegno	n/a (<2x)
CL53	1345	Piedmont, Collegno	H11a
CL57	1345	Piedmont, Collegno	H24a
CL63	1345	Piedmont, Collegno	H
CL94	1345	Piedmont, Collegno	K1c1
CL121	1345	Piedmont, Collegno	T2b
CL25	1345	Piedmont, Collegno	H
CL30	1345	Piedmont, Collegno	I1b
CL38	1345	Piedmont, Collegno	X2
CL110	1345	Piedmont, Collegno	n/a (<2x)
CL31	1345	Piedmont, Collegno	H18
Iceman	5199	Trentino-South Tyrol, Oetz valley	K1
RISE487	5207	Lombardy, Remedello di Sotto	H2a
RISE489	4702	Lombardy, Remedello di Sotto	X2c1
RISE486	3902	Lombardy, Remedello di Sotto	J1c1b
Villabruna	14021	Veneto, Villabruna	U5b2b
GCP003	3497	Lazio, Collepardo, Grotta Regina Magherita	H3am
JK2720	3112	Sardinia, Seulo, CA, Riparo sotto roccia Su Asedazzu	H1
ORC001	3163	Sardinia, Perdasdefogu, NUO, S’Orcu ‘e Tueri	J1c3
ORC003	3181	Sardinia, Perdasdefogu, NUO, S’Orcu ‘e Tueri	K1a4a1
ORC004	3226	Sardinia, Perdasdefogu, NUO, S’Orcu ‘e Tueri	H3
ORC005	3140	Sardinia, Perdasdefogu, NUO, S’Orcu ‘e Tueri	J1c3
ORC006	3123	Sardinia, Perdasdefogu, NUO, S’Orcu ‘e Tueri	H1
ORC007	3173	Sardinia, Perdasdefogu, NUO, S’Orcu ‘e Tueri	H1e1a
ORC008	3023	Sardinia, Perdasdefogu, NUO, S’Orcu ‘e Tueri	H1
ORC009	3062	Sardinia, Perdasdefogu, NUO, S’Orcu ‘e Tueri	T2b3
SUA006	3128	Sardinia, Seulo, CA, Riparo sotto roccia Su Asedazzu	H3ay
JK2728	3427	Seulo, CA, Riparo sotto roccia Su Cannisoni 1	H1
JK2744	2988	Seulo, CA, Riparo sotto roccia Su Asedazzu	J2b1a
JK2825	3097	Donori, CA, Ingurtosu Mannu	T2b3
JK2839	3111	Cabras, OR, Is Arutas	V
JK2840	3096	Cabras, OR, Is Arutas	H5a
FIL004	5155	Sardinia, Macomer, NUO, Filigosa, t.1	H1
I16164	4415	Sardinia, Sa Ucca de su Tintirriolu	K1a3
SID006	4663	Sardinia, Ossi, SS, S'isteridolzu	J1c1
R22	3868	Sardinia, Su Crocefissu	HV0a
R27	4150	Sardinia, Su Crocefissu	H1e1a
R29	4150	Sardinia, Su Crocefissu	J2b1a
I14675	4021	Sardinia, Serra Cabriles	J2b1a
I14677	4329	Sardinia, Serra Cabriles	K1a1b1
I14678	4247	Sardinia, Serra Cabriles	V+@72
I14676	4053	Sardinia, Serra Cabriles	J1c3
JK2804	5198	Carbonia, CI, Cannas di Sotto, t. 12	K1b1a1
COR002	1106	Bonnanaro, SAS, Corona Moltana/ Zarau	K1b1a1
COR001	1017	Bonnanaro, SAS, Corona Moltana/ Zarau	K1b1a1
I12221	1005	Sardinia, Sant'Elia Cape, Grotta Colombi	U5a2b3
I0206	3650	Sardinia, Seulo, CA, Su Grutta ’e is Bittuleris	K1a4a1
I0207	3650	Sardinia, Seulo, CA, Su Grutta ’e is Bittuleris	T2b3
I0209	3650	Sardinia, Seulo, CA, Su Grutta ’e is Bittuleris	X2b3
I0210	3650	Sardinia, Seulo, CA, Su Grutta ’e is Bittuleris	V
I18945	3667	Sardinia, Porto Torres, SAS, Su Crucifissu Mannu, t.22	J2a1a1
I3743	3985	Sardinia, Seulo	H
JK2716	4076	Sardinia, Seulo, CA, Riparo sotto roccia Su Asedazzu	H3
JK2723	3775	Sardinia, Seulo, CA, Grutta I de Longu Fresu	J2b1a8
JK2739	3735	Sardinia, Seulo, CA, Su Grutta ’e is Bittuleris	H1
PJU002	4145	Sardinia, Seneghe, OR, Padru Jossu	U5b2b5
SUA005	4170	Sardinia, Seulo, CA, Riparo sotto roccia Su Asedazzu	H1
SUA007	3904	Sardinia, Seulo, CA, Riparo sotto roccia Su Asedazzu	T2c1d
SUC001	4020	Sardinia, Porto Torres, SAS, Su Crucifissu Mannu, t.16	U5b3
SUC003	3963	Sardinia, Porto Torres, SAS, Su Crucifissu Mannu, t.16	J1c3
SUC004	4185	Porto Torres, SAS, Su Crucifissu Mannu, t.16	K1a
SUC005	4146	Sardinia, Porto Torres, SAS, Su Crucifissu Mannu, t.16	K1a4a1
SUC006	4347	Porto Torres, SAS, Su Crucifissu Mannu, t.16	H1av
SUC007	4321	Sardinia, Porto Torres, SAS, Su Crucifissu Mannu, t.16	J2a1a1
SUC004	4185	Porto Torres, SAS, Su Crucifissu Mannu, t.16	K1a+195
SUC006	4347	Porto Torres, SAS, Su Crucifissu Mannu, t.16	H1j9
ISC001	4175	Sardinia, Usini, SS, S’Iscia ‘e sas Piras	T2b3
SUC002	4081	Sardinia, Porto Torres, SAS, Su Crucifissu Mannu, t.16	J1c3
SUC002	4081	Sardinia, Porto Torres, SAS, Su Crucifissu Mannu, t.16	J1c3
JK2712	3990	Seulo, CA, Riparo sotto roccia Su Asedazzu	H3u
JK2742	3881	Seulo, CA, Su Stampu Erdi	H1e1a
JK2746	4177	Seulo, CA, Riparo sotto roccia Su Asedazzu	U5b2b5
I16163	2576	Sardinia, Anghelu Ruju	J1c2
VIL006	2622	Sardinia, Villamar, VS, Villamar	L2a1c3b1
VIL007	2409	Sardinia, Villamar, VS, Villamar	K1a3a
VIL009	2400	Sardinia, Villamar, VS, Villamar	V
VIL010	2741	Sardinia, Villamar, VS, Villamar	H3
VIL011	2754	Sardinia, Villamar, VS, Villamar	K1a3a
MSR002	2674	Sardinia, Carbonia, CI, Monte Sirai	H13b1
MSR003	2500	Sardinia, Carbonia, CI, Monte Sirai	J1c3
ORC002	2249	Sardinia, Perdasdefogu, NUO, S’Orcu ‘e Tueri	HV0j
VIL004	2381	Sardinia, Villamar, VS, Villamar	I
I12220	1306	Sardinia, Sant'Elia Cape, Grotta Colombi	U5a2a1
I12223	1597	Sardinia, Sant'Elia Cape, Grotta Colombi	H
I18967	4348	Sardinia, Sennori, SS, Serra Crabiles, t.3	J1c3n'o'p
I18968	4352	Sardinia, Sennori, SS, Serra Crabiles, t.3	J1c3
I18970	4237	Sardinia, Sennori, SS, Serra Crabiles, t.3	J2b1a
SEC004	4337	Sardinia, Sennori, SS, Serra Crabiles, t.3	K2b1a
SEC006	4331	Sardinia, Sennori, SS, Serra Crabiles, t.3	J2b1a
I10552	3234	Sardinia, Perdasdefogu	HV0+195
I10553	3110	Sardinia, Perdasdefogu	J1c2
I10554	3122	Sardinia, Perdasdefogu	J1c3
I3642	2994	Sardinia, Alghero	R
I3741	3088	Sardinia, Persasdefogu	V
I10502	3151	Sardinia, Anulù Seui	T2b3
I16161	3434	Sardinia, Anghelu Ruju	J1c3
I16170	3337	Sardinia, Anghelu Ruju	H3
I15939	3500	Sardinia, Anghelu Ruju	J
I16170	3337	Sardinia, Anghelu Ruju	H3
SNN001	603	Sassari, SAS, San Nicola Necropoli Esterna	U5a1d2a
SNN002	604	Sassari, SAS, San Nicola Necropoli Esterna	H1j2a
SNN003	481	Sassari, SAS, San Nicola Necropoli Esterna	H3f1
SNN004	674	Sassari, SAS, San Nicola Necropoli Esterna	J2b1a7
I15941	4196	Sardinia, Anghelu Ruju	H1k
I15942	4297	Sardinia, Anghelu Ruju	H4a1a
I15945	5825	Sardinia, Anghelu Ruju	J2b1a
I15946	5968	Sardinia, Anghelu Ruju	T2c1d+152
I16165	5671	Sardinia, Sa Ucca de su Tintirriolu	V
I16166	5746	Sardinia, Sa Ucca de su Tintirriolu	J1c1
I16168	5807	Sardinia, Anghelu Ruju	U5b2b3
I16169	4177	Sardinia, Anghelu Ruju	T2b3
I16183	5164	Sardinia, Anghelu Ruju	J2a1a1
LON003_LON004	6274	Sardinia, Seulo, CA, Grutta I de Longu Fresu	K1a2a
NOE001	6090	Sardinia, Ossi, SS, Noeddale	H1
NOE002	6132	Sardinia, Ossi, SS, Noeddale	HV0a
SID005	6095	Sardinia, Ossi, SS, S'isteridolzu	K1a
SUC008	5817	Sardinia, Porto Torres, SAS, Su Crucifissu Mannu, t.22	H4a1a
I15947	5575	Sardinia, Anghelu Ruju	R
I15944	5575	Sardinia, Anghelu Ruju	n/a (<2x)
I15947	5575	Sardinia, Anghelu Ruju	R
JK2724	6045	Seulo, CA, Grutta I de Longu Fresu	U5b2b3
R24	5396	Sardinia, Su Crocefissu	U8b1b1
I15940	4203	Sardinia, Anghelu Ruju	M1a1b1
I15943	5723	Sardinia, Anghelu Ruju	U1a1a
AMC005	1775	Alghero, SS, Aho M. Carru	L2a1
AMC014	1745	Alghero, SS, Aho M. Carru	T2b
AMC001	1772	Alghero, SS, Aho M. Carru	U6a7a
I4933	4150	Sicily, Partanna, Pergole 2	R0a
I4936	4150	Sicily, Salaputra, Partanna, Pergole 2	K1a
I4930	4709	Sicily, Partanna, Pergole 2	H1e
I11442	4131	Sicily, Buffa	K1a3a
I3122	4073	Sicily, Buffa	T2b
I3123	4121	Sicily, Buffa	U8b1b1
I3124	3824	Sicily, Buffa	H71
I4383	3950	Sicily, Vallone Inferno	n/a (<2x)
I7774	3875	Sicily, Contrada Paolina, Castellucciana	n/a (<2x)
I7796	3731	Sicily, Contrada Paolina, Castellucciana	H
I7800	3945	Sicily, Contrada Paolina, Castellucciana	H5a
I7805	3860	Sicily, Contrada Paolina, Castellucciana	U8b1b1
I7807	4038	Sicily, Contrada Paolina, Castellucciana	T2c1+146
I8561	4212	Sicily, Isnello	K1b1+(16093)
I11443	4090	Sicily, Buffa	U5b2c
I2158	12000	Sicily, Egadi Islands, Favignana Island, Grotta d'Oriente	U2'3'4'7'8'9
I10371	3100	Sicily, Marcita	T2c1d+152
I10372	3198	Sicily, Marcita	K1a3a
I3876	2928	Sicily, Marcita	H1e5
I3878	3216	Sicily, Marcita	K1a
I10373	3200	Sicily, Marcita	K1a
I3125	3490	Sicily, Buffa	K1a3a
I4109	3516	Sicily, Buffa	K2b1
I4062	6815	Sicily, Fossato di Stretto Partana	H1e
I4063	6832	Sicily, Fossato di Stretto Partana	K1b1
I4064	6718	Sicily, Fossato di Stretto Partana	H1e
I4065	6815	Sicily, Fossato di Stretto Partana	K2b1
R4	4841	Abruzzo, Grotta de Continenza	K1a+195
R5_Italy	4832	Abruzzo, Grotta de Continenza	I1
Continenza	10875	Abruzzo, Grotta de Continenza	U5b1
Ostuni1	27614	Apulia, Ostuni	M
Ostuni2	29116	Apulia, Ostuni	U2
Paglicci108	27900	Apulia, Paglicci	U2'3'4'7'8'9
Paglicci133	33150	Apulia, Paglicci	U8c
R6	7202	Abruzzo, Grotta de Continenza	K1a1
R10	7628	Abruzzo, Grotta de Continenza	T2c1+146
R2	7981	Abruzzo, Grotta de Continenza	K1a2
R3	7716	Abruzzo, Grotta de Continenza	N1a1a1
R8_Italy	7708	Abruzzo, Grotta de Continenza	K1a3
R9	7481	Abruzzo, Grotta de Continenza	K1a4a1
RIP001	16736	Verona, Stallavena di Grezzana, Riparo Tagliente	U2'3'4'7'8'9
POP001	1089	Tuscany, Grosseto, Poggio Pelliccia	H4a1a
CSN001	2350	Tuscany, Grosseto, Casenovole	H1
CSN003	2231	Tuscany, Grosseto, Casenovole	H1at1
CSN004	2350	Tuscany, Grosseto, Casenovole	X2b
CSN005	2350	Tuscany, Grosseto, Casenovole	H2a1
CSN006	2396	Tuscany, Grosseto, Casenovole	J1c2
CSN007	2350	Tuscany, Grosseto, Casenovole	H1b
CSN008	2350	Tuscany, Grosseto, Casenovole	H7c1
CSN009	2050	Tuscany, Grosseto, Casenovole	H45
CSN010	2060	Tuscany, Grosseto, Casenovole	HV0
CSN013	2350	Tuscany, Grosseto, Casenovole	H4a1a
MAG001	2617	Tuscany, Grosseto, Magliano in Toscana	T2b
MAS001	2136	Tuscany, Grosseto, Marsiliana d'Albegna	T2h2
MAS004	2675	Tuscany, Grosseto, Marsiliana d'Albegna	R1b1
VET001	2500	Tuscany, Grosseto, Vetulonia	H5'36
VET002	2614	Tuscany, Grosseto, Vetulonia	J1c3
VET003_4	2705	Tuscany, Grosseto, Vetulonia	J1c9
VET005	2226	Tuscany, Grosseto, Vetulonia	H79
VET006_9	2225	Tuscany, Grosseto, Vetulonia	J1c3
VET007	2721	Tuscany, Grosseto, Vetulonia	T2b
VET008	2229	Tuscany, Grosseto, Vetulonia	H3
VET010	2603	Tuscany, Grosseto, Vetulonia	H58
VET011	2533	Tuscany, Grosseto, Vetulonia	J1b1a1
VEU001	2615	Tuscany, Grosseto, Vetulonia	V
CSN002	2342	Tuscany, Grosseto, Casenovole	H45
CSN012	2350	Tuscany, Grosseto, Casenovole	U4a1a1
MAS002	1638	Tuscany, Grosseto, Marsiliana d'Albegna	H74
VOL001	2072	Tuscany, Pisa, Volterra	H13a1a1
ETR003	877	Tuscany, Siena, Chiusi	HV0
ETR004	1000	Tuscany, Siena, Chiusi	HV
ETR006	1114	Tuscany, Siena, Chiusi	H1e
ETR007	1088	Tuscany, Siena, Chiusi	J1c15
ETR010	1000	Tuscany, Siena, Chiusi	H5
ETR012	1000	Tuscany, Siena, Chiusi	HV2a
ETR013	982	Tuscany, Siena, Chiusi	J1c8a
ETR014	944	Tuscany, Siena, Chiusi	H26b
CAM001	2597	Tuscany, Siena, Campiglia dei Foci	H1at1
CAM002	2589	Tuscany, Siena, Campiglia dei Foci	H18
CAM003	2594	Tuscany, Siena, Campiglia dei Foci	J2a1a1
ETR005	2737	Tuscany, Siena, Chiusi	V15
PRZ001	2610	Tuscany, Siena, Poggio Renzo	U5b3b
PRZ002	2579	Tuscany, Siena, Poggio Renzo	H1
I13882	3234	Rokutsu Shell Mound	N9b
I13883	2859	Rokutsu Shell Mound	N9b2a
I13884	4351	Rokutsu Shell Mound	N9b
I13885	3216	Rokutsu Shell Mound	N9b
I13886	4003	Rokutsu Shell Mound	N9b1
I6341	3200	Funadomari	N9b1
I13887	4032	Rokutsu Shell Mound	N9b1
JpFu1	5526	Honshu, Kurashiki, Funagura Shell Midden	M7a1 
JpOd181	5824	Honshu, Toyama, Kureha Hills, Odake Shell Midden	N9b1 
JpOd274	6221	Honshu, Toyama, Kureha Hills, Odake Shell Midden	M7a 
JpOd282	5818	Honshu, Toyama, Kureha Hills, Odake Shell Midden	M7a1 
JpOd6	6044	Honshu, Toyama, Kureha Hills, Odake Shell Midden	N9b3 
JpIw31	1338	Honshu, Ishikawa Prefecture, Kanazawa, Iwade horizontal cave tombs	D5c1a 
JpIw32	1379	Honshu, Ishikawa Prefecture, Kanazawa, Iwade horizontal cave tombs	B5a2a1b 
JpIw33	1325	Honshu, Ishikawa Prefecture, Kanazawa, Iwade horizontal cave tombs	M7b1a1a1
JpKo13	3917	Honshu, Funabashi, Kosaku Shell Midden	N9b1 
JpKo2	4385	Honshu, Funabashi, Kosaku Shell Midden	N9b 
Sanganji131421-3	3177	Tohoku, Fukushima, Sanganji Shell Mound	N9b
Sanganji131421-3	3177	Tohoku, Fukushima, Sanganji Shell Mound	N9b
Sanganji131464	3280	Tohoku, Fukushima, Sanganji Shell Mound	N9b
IK002	2782	Honshu, Central Aichi, Ikawazu	N9b1
Sanganji131464	3280	Tohoku, Fukushima, Sanganji Shell Mound	N9b
JpKa6904	8820	Shikoku, Ehime Prefecture, Kamiukena District, Kamikuroiwa Rock Shelter	N9b3 
JpHi01	1818	Shikoku, Ainan, Hijaro Shell Midden	M7a1a 
JAR-27	0	Jarawa	M32a 
JAR-32	0	Jarawa	M31a1b 
JAR-54	0	Jarawa	M31a1b 
JAR-61	0	Jarawa	M32a 
I1705	4029	'Ain Ghazal	H14a
I1706	4345	'Ain Ghazal	X2n
I1730	4356	'Ain Ghazal	R0a1a
BAJ001	8850	Ba’ja	N1b1a 
I3705	3344	Baq'ah	J1b2
I3706	3304	Baq'ah	L0f2b
I3707	3286	Baq'ah	N1b1a
I3985	3280	Baq'ah	N1b1a2
I3987	3309	Baq'ah	N2a1
I6459	3234	Baq'ah	T1a1
I6460	3300	Baq'ah	U4a
I6462	3300	Baq'ah	U3a3
I6464	3300	Baq'ah	U3b1a
I6564	3300	Baq'ah	U3b3
I6565	3300	Baq'ah	H1+152
I6566	3300	Baq'ah	U3b
I6567	3300	Baq'ah	H
I6569	3300	Baq'ah	T2c1a
I6570	3300	Baq'ah	T2c1a
I6571	3385	Baq'ah	I5
I6463	3300	Baq'ah	H23
I3703	3300	Baq'ah	U3b3
I3986	3300	Baq'ah	U3a2a
I1414	10050	'Ain Ghazal	K1a18
I1700	10050	'Ain Ghazal	T1a2
I8554	9900	'Ain Ghazal	n/a (<2x)
I1414	10050	'Ain Ghazal	K1a18
I1700	10050	'Ain Ghazal	T1a2
I3767	3684	Ak-Moustafa	U5b2b
DA231	3439	Tian Shan, Central Steppe	U2e1h
BRE003	2100	Central Kazakhstan, Berel Necropolis, object 80A/80E	B5b2a
BRE004	1627	Central Kazakhstan, Berel Necropolis, object 69	A
BRE005	1905	Central Kazakhstan, Berel Necropolis, object 80A/80E	J2b1a2a
BRE006	2100	Central Kazakhstan, Berel Necropolis, object 67A	U1b2
BRE009	1886	Central Kazakhstan, Berel Necropolis, object 105	B5b2a2
BRE010	2100	Central Kazakhstan, Berel Necropolis, object 108A	J1b1a1e
BRE011	1615	Central Kazakhstan, Berel Necropolis, object 90	W3a1
BRE012	1886	Central Kazakhstan, Berel Necropolis, object 76B	A8a1
BRE013	1716	Central Kazakhstan, Berel Necropolis, object 68, no. 2	D4j8
BRE001	2224	Central Kazakhstan, Berel Necropolis, mound 5	H7b
BRE007	1667	Central Kazakhstan, Berel Necropolis, object 76	C4
BRE002	2223	Central Kazakhstan, Berel Necropolis, mound 44	D4m2
BRE008	1629	Central Kazakhstan, Berel Necropolis, object 90A	F1b1f
BRE014	1630	Central Kazakhstan, Berel Necropolis, object 68, no. 1	A
I3867	2551	Almaty, Talgar, Birlik	F2
I3773	2226	Almaty, Talgar, Birlik	D4b1
I3762	2585	Almaty, Talgar, Birlik	Y1a1
BOT14	5337	Botai	K1b2
BOT2016	5396	Botai	Z1
BOT14	5337	Botai	K1b2
BOT15	5143	Botai	R1b1
BOT2016	5396	Botai	Z1a
DA11	2578	Tian Shan, Central Steppe	F1b1+@152
DA13	2568	Tian Shan, Central Steppe	A+152+16362+16189
DA14	2557	Tian Shan, Central Steppe	H101
DA15	2557	Tian Shan, Central Steppe	C4d
DA16	2553	Tian Shan, Central Steppe	U2e1'2'3
MJ-51	2587	Taldy-2, Mound 4	U5a1f1 
EBA1	4108	Gregorievka 2	C4+152
EBA2	4480	Sjolpan 4	C4a1a4a
MJ-52	2621	Aksu-Ayuly-4, Mound 3	A23
MJ-53	2246	Nurken-2, Mound 6	U5b2b 
DA10	2550	Tian Shan, Central Steppe	C4a1a
DA17	2704	Tian Shan, Central Steppe	H10
DA19	2631	Tian Shan, Central Steppe	U7a4
I11538	3614	Chanchar	U5b2b
I3447	4577	Byan Zherek, eastern spur, Dali	R1b
I11537	2554	Chanchar	U4a1
Yamnaya	4890	Karagash	R1a1a
I11541	3684	Georgievsky Bugor	N1a1a1a1
DA28	550	Tian Shan, Central Steppe	D4m2
DA29	550	Tian Shan, Central Steppe	I1b
DA207	200	Tian Shan, Central Steppe	H2a
DA208	200	Tian Shan, Central Steppe	H1
KRY001	1552	Aktobe Region, Kurayly Village, Georgievka Quarry, Kurayly	D4j11
I0562	2300	Berel	A16
I0563	2300	Berel	C4a1a+195
I3752	2603	Izmaylovka Kurgan, East Kazakhstan	HV_CRS
I7110	2563	Tian Shan, Central Steppe, Kargaly 1	J1b1a1
I3451	2816	Tasbas, Byan Zherek	D4e1
I6708	4042	Northeastern Kazakhstan, Kanai Cemetery	T
DA121	1588	Tian Shan, Central Steppe	H6a1a
I10514	1765	Tian Shan, Central Steppe, Karatuma, Kaynar Bulak 2	A8a1
DA123	1700	Tian Shan, Central Steppe	C4a1
DA206	1697	Tian Shan, Central Steppe	HV13b
DA125	1688	Tian Shan, Central Steppe	U2e2a1
DA226	1700	Tian Shan, Central Steppe	U2e1h
I12113	1017	Tian Shan, Central Steppe, Butakty	A+152+16362+16189
I12117	1100	Tian Shan, Central Steppe, Butakty	A+152+16362
I12116	883	Tian Shan, Central Steppe, Butakty	F1b1e
KLK002	1050	Almaty Region, Koylyk Village, Aschy-Bulak River bank, Kayalyk Mausoleum	D4o2a
DA87	1259	Tian Shan, Central Steppe	A+152+16362
DA179	850	Tian Shan, Central Steppe	D4
DA23	840	Tian Shan, Central Steppe	F1b1b
KBO001	2297	East Kazakhstan Region, Beskaragai District, Krivinka Village, Karaoba, mound 16	G2a1d2
I11501	5164	Kumsay, Kyirik Oba	C5c+16234
I11531	4937	Kumsay, Kyirik Oba	C5c+16234
I11732	4921	Kumsay, Kyirik Oba	H6a
I11734	4918	Kumsay, Kyirik Oba	U4a
I4323	3622	Kyzyl Bulak 1	U2e1'2'3
I11540	1723	Georgievsky Bugor	A1a
I11542	3250	Guruldek	J2b1a2a
I3769	3150	Talpaty II, Almaty, Karasu, Molaly Kurgan	T1a1
I6709	3234	East Kazakhstan region, Katon Karagai district, Ul’ken Narym, Malaya Krasnoyarka	U5a1g1
I3456	2994	Tasbas, Byan Zherek	H2a
I3453	3100	Tasbas, Byan Zherek	n/a (<2x)
I6789	3732	Maitan	T1a1
I6790	3695	Maitan	T2b34
I6791	3674	Maitan	T1a1
I6793	3631	Maitan	HV6
I6794	3715	Maitan	U4b1a1a1
I6796	3761	Maitan	T2b34
I6797	3695	Maitan	T1a1
I6792	3724	Maitan	T2b34
I6795	3642	Maitan	T2e2
DA124	1245	Tian Shan, Central Steppe	HV19
DA126	991	Tian Shan, Central Steppe	F2c1
DA128	692	Tian Shan, Central Steppe	D4o2a
DA93	1126	Tian Shan, Central Steppe	D4j8
DA94	1000	Tian Shan, Central Steppe	Z1a1
I11735	4328	Mereke, Taskala district, Zapadno-Kazahstanskaya Oblast	I1b
I11737	4046	Mereke, Taskala district, Zapadno-Kazahstanskaya Oblast	U5a1b
I11736	5021	Mereke, Taskala district, Zapadno-Kazahstanskaya Oblast	U4
I10140	3575	Aktogai	U4a1
I4264	3551	Aktogai	T1a1
I4265	3522	Aktogai	N1a1a1a1
I4773	3508	Aktogai	U5a1a2a
I4774	3503	Aktogai	J1c5a
I6788	3674	Lisakovskiy	T1a1
I6800	3656	Lisakovskiy	H3g
I6799	3715	Satan	T1a1
I6707	3432	Karaganda region, Bylkyldak	U4a1
I0507	3668	Byan Zherek, eastern spur, Dali	U5a1a2a
I1931	3343	Byan Zherek, eastern spur, Dali	J2b1a2a
I3448	3700	Byan Zherek, eastern spur, Dali	T1a1+@152
I4318	3656	Kairan	J2b1a2a
I4568	3631	Kairan	H6a1a
I4776	3656	Kairan	U5b2a1a2
I4779	3631	Kairan	H27+16093
I5762	3500	Kairan	n/a (<2x)
I4566	3573	Kairan	Z1
I4780	3649	Kairan	U2e1b
I4319	3632	Kairan	n/a (<2x)
I5761	3796	Kairan	T1a1
I4567	3626	Kairan	U4a1
I4262	3743	Karagash 2	K1a+195
I4263	3658	Karagash 2	U5a1d2b
I4778	3562	Karagash 2	H7b
I4321	3522	Kazakh Mys	J1c2m
I4322	3484	Kazakh Mys	U2e1h
I4782	3609	Kazakh Mys	U5b2b
I4783	3456	Kazakh Mys	H1
I4784	3508	Kyzyl Bulak 1	G2a1
I4785	2675	Myrzhyk	n/a (<2x)
I3788	3536	Oy-Dzhaylau III	U4b1a1a
I3861	3695	Oy-Dzhaylau III	U4a1
I4789	3487	Oy-Dzhaylau III	U5a1a1
I4790	3425	Oy-Dzhaylau III	W1
I4791	3449	Oy-Dzhaylau III	J1b1a1
I7060	3439	Oy-Dzhaylau III	T1a1
I3860	3603	Oy-Dzhaylau III	R1b1
RISE391	3924	Tanabergen II	N1a1a1a1
I3864	3562	Solyanka Vodokhranilische, West Kazakhstan	R1b1
I3763	3445	Zevakinskiy stone fence	U2a
DA177	1600	Tian Shan, Central Steppe	D4j1b
DA95	1596	Tian Shan, Central Steppe	D4b1
DA20	2224	Tian Shan, Central Steppe	C4a1a+195
DA27	1508	Tian Shan, Central Steppe	C4b1
DA18	2549	Tian Shan, Central Steppe	U5b1c2
DA129	2333	Tian Shan, Central Steppe	W3b
DA92	1899	Tian Shan, Central Steppe	J1b1a1+146
NUL001	2584	Almaty Region, Kerbulak District, Kaspan Valley, Kaspan-2, mound 3	W3a1
CSP003	2654	Almaty Region, Kerbulak District, Kaspan Valley, Kaspan-6, mound 4	I1b
CSP002	2739	Almaty Region, Kerbulak District, Kaspan Valley, Kaspan-6, mound 1	T2b4e
CSP001	2241	Almaty Region, Kerbulak District, Kaspan Valley, Kaspan-2, mound 3	G2a3
AIG001	2350	Mangistau Region, Tupkaragan District, Taushyk Village, Aigirly Sanctuary	U4a1
AIG002	2350	Mangistau Region, Tupkaragan District, Taushyk Village, Aigirly Sanctuary	D4j3a
AIG003	2234	Mangistau Region, Tupkaragan District, Taushyk Village, Aigirly Sanctuary	U2e1b
AIG006	2350	Mangistau Region, Tupkaragan District, Taushyk Village, Aigirly Sanctuary	U5a1g1
BSB001	2592	Aktobe Region, Martuk District, Bisoba, mound 3	T1a1
BSB002	2300	Aktobe Region, Martuk District, Bisoba, mound 3	U5b2c
CLK001	2400	Western Kazakhstan, Chelkar Lake, Chelkar Burial Ground	A8a1
KBU001	2300	Western Kazakhstan, Petropavlovka Village, Kaynbulak II, mound 4	U5b2c
KBU002	2300	Western Kazakhstan, Petropavlovka Village, Kaynbulak II, mound 4	I4a
KBU003	2300	Western Kazakhstan, Petropavlovka Village, Kaynbulak II, mound 4	I4a
SGZ001	2226	Aktobe Region, Wil Village, Wil River bank, Segizsay, mound 1	K1b1a
SGZ002	2350	Aktobe Region, Wil Village, Wil River bank, Segizsay, mound 2	A
KSK002	2300	Aqmola Region, Krasnoselsky	U5a2a1e
SBL001	2350	Aktobe Region, Alginskiy District, Ilek River Basin, Sapibulak, mound 7	X2b4a
AIG005	1790	Mangistau Region, Tupkaragan District, Taushyk Village, Aigirly Sanctuary	K2a5b
BSB003	2300	Aktobe Region, Martuk District, Bisoba, mound 3	T1a1
KKB001	1109	East Kazakhstan, Karakaba River Valley, Karakaba, mound 9	T2c1
KKB002	1250	East Kazakhstan, Karakaba River Valley, Karakaba, mound 11	C4a1a
DA26	2300	Tian Shan, Central Steppe	U4a2
DA30	1948	Central Steppe	U4a2
I11523	2476	Tengiz, Caspian steppe	U5a1
I10110	3100	Shoendykol	U2e2a1d
I10111	3396	Shoendykol	U2e1h
I10112	3497	Shoendykol	H2a1a
I25911	1000	Tian Shan, Central Steppe, Butakty	G2a2
I25832	1000	Tian Shan, Central Steppe, Butakty	J1c
I4787	3216	Aktobe, Koboda, Taldysay	H3g
I4794	3450	Aktobe, Koboda, Taldysay	C4a'b'c
AKB001	2677	Central Kazakhstan, Akbeit I, mound 1	H6a1a
BKT001	2587	Central Kazakhstan, Bektauata, mound 1	C4a1b
KKM001	2550	Central Kazakhstan, Karakemer, mound 3	H15b1
KSH001	2603	Central Kazakhstan, Karashoky I, mound 1	U5b2a1a2
KSH002	2769	Central Kazakhstan, Karashoky I, mound 8	H101
KSH004	2550	Central Kazakhstan, Karashoky VI, mound 1	C4
KYZ001	2475	Pavlodar Region, Bayanaul District, Kyzylshilik, mound 2	D4i
KYZ002	2616	Pavlodar Region, Bayanaul District, Kyzylshilik, mound 8	HV2a3
KZL001	2585	Karaganda Region, Aktogay District, Mount Begazy on the right bank of Karatal River, Kyzyl, mound 4, left	I1a1
SRK001	2400	Central Kazakhstan, Serekty II, mound 6	D4e
TAL003	2550	Central Kazakhstan, Nurken Village, Taldy II, mound 4	U5a1f1
TAL005	2618	Central Kazakhstan, Nurken Village, Taldy II, mound 8	H6a1b
WAR001	2537	Central Kazakhstan, Kurgan 37 Warriors, mound 11 	H2b
NUR002	2596	Central Kazakhstan, Nurken Village, Nurken II, mound 1	H6a1b2
KZL003	2500	Karaganda Region, Aktogay District, Mount Begazy on the right bank of Karatal River, Kyzyl, mound 4	I1a1
KSH003	2550	Central Kazakhstan, Karashoky I, mound 6	U5b2a1a2
TAL004	2619	Central Kazakhstan, Nurken Village, Taldy II, mound 5	A
KZL004	3318	Karaganda Region, Aktogay District, Mount Begazy on the right bank of Karatal River, Kyzyl, mound 5	H5a1
ESZ001	2612	East Kazakhstan Region, Tarbagatai District, Elek Sazy Plateau, Eleke Sazy II, mound 4	J1b1a1e
ESZ002	2583	East Kazakhstan Region, Tarbagatai District, Elek Sazy Plateau, Eleke Sazy II, mound 9	A
ESZ003	2600	East Kazakhstan Region, Tarbagatai District, Elek Sazy Plateau, Eleke Sazy II, mound 4	J1b1a1e
DA127	1616	Tian Shan, Central Steppe	D4b1a2a1
DA130	2221	Tian Shan, Central Steppe	G2a1
I10141	1627	Tian Shan, Central Steppe, Becentshitobe	H2a
DA228	1350	Tian Shan, Central Steppe	A15c
DA89	1231	Tian Shan, Central Steppe	A14
MMR001	2500	East Kazakhstan Region, Katonkaragai District, Mayemer Village, left bank of Narym River, Mayemer II, mound 1	C4a1a4a
I11524	2069	Tian Shan, Central Steppe, Turgen-2	C4a1a+195
DA227	2150	Tian Shan, Central Steppe, Turgen-2	U5b2c
DA223	2311	Tian Shan, Central Steppe	J1c5a
I10519	2201	Tian Shan, Central Steppe, Turgen-2	HV6
Ze6b	2700	Zevakino, East Kazakhstan	C4 (C4a1/C4b8/C4+152+16093)
I3770	3968	Zevakinskiy stone fence	T1a1
I3753	2977	Zevakinskiy stone fence	K1
I3772	2911	Zevakinskiy stone fence	W3a1
I3977	3015	Zevakinskiy stone fence	U5b2b
I4267	3042	Zevakinskiy stone fence	I2
I4295	3090	Zevakinskiy stone fence	A8a1
I3976	3035	Zevakinskiy stone fence	U5b2a1a2
KNT001	1641	South Kazakhstan, Otrar, Konyrtobe Burial Ground, mound 1	I1c1
KNT002	1650	South Kazakhstan, Otrar, Konyrtobe Burial Ground, mound 1	T2g1a
KNT003	1650	South Kazakhstan, Otrar, Konyrtobe Burial Ground, mound 1	W3a1
KNT004	1653	South Kazakhstan, Otrar, Konyrtobe Burial Ground, mound 1	HV18
KNT005	1622	South Kazakhstan, Otrar, Konyrtobe Burial Ground, mound 1	U5a1a1
BRV001	2000	Southern Urals, Borovoye Hillfort	N1a1a1a1a
I0595	402	Kilifi, Panga ya Saidi	L4b2a2
I12533	3954	Prette John's Gully, GsJi 11	K1a
I12534	3914	Prette John's Gully, GsJi 12	L3f1b
I12379	268	Emurula Ole Polos Cairns, GvJh 122	L3h1a2a1
HYR002	2270	Hyrax Hill, GrJj25	n/a (<2x)
I12381	604	Laikipia District Burial Site, GoJl45	L0a1c1
I12391	960	Kasiole 2, GvJh54	L3h1a2
I8802	1011	Nakuru, Deloraine Farm, GqJh6	L5b1
I8901	1009	Laikipia, Kisima Farm, KFR-C4	L3h1a1
I8892	1013	Nakuru, Ilkek Mounds, GsJj66	L0f2a
KPL002	213	Kakapel 	L2a1f
KPL003	808	Kakapel 	L2a5
KPL001	3887	Kakapel 	L3i1
I8930	4450	Victoria Nyanza, Homa Bay, White Rock Point, GrJb2	L2a4
I8931	4450	Victoria Nyanza, Homa Bay, White Rock Point, GrJb2	L0a2
I8808	1786	Victoria Nyanza, Kisumu, Jawuoyo Rockshelter	L4b2a2c
LUK001	3499	Lukenya Hill, GvJm 202	n/a (<2x)
LUK003	3536	Lukenya Hill, GvJm 202	n/a (<2x)
MOL001	1364	Molo Cave, GoJi3	L3h1a2a1
MOL003	2025	Molo Cave, GoJi3	n/a (<2x)
NYA002	3462	Nyanrindi Rockshelter	n/a (<2x)
NYA003	3475	Nyanrindi Rockshelter	n/a (<2x)
I12384	1654	Nyandarua, Ol Kalou	L3d
I8758	2498	Nakuru, Naishi Cave	L0a2d
I8804	2493	Nakuru, Keringet Cave, GrJg4	L4b2a1
I8809	2967	Laikipia, Kisima Farm, KFR-A5/Porcupine Cave	M1a1
I8814	2392	Nakuru, Naivasha Burial Groud	L4b2a2
I8874	3241	Nakuru, Cole's Burial, GrJj 5a	L3i2
I8918	2229	Nakuru, Naivasha Burial Groud	L3x1a
I8919	2233	Nakuru, Naivasha Burial Groud	L4a1
I10719	1969	Nakuru, Central Rift Valley, Njoro River Cave II	L3h1a2a
I12394	1426	Nakuru, Keringet Cave, GrJg4	K1a
I12398	2520	Nakuru, Rigo Cave, GrJh3	L3f
I8805	1776	Nakuru, Egerton Cave, GrJh10	L0a1d
I8922	2387	Nakuru, Rigo Cave, GrJh3	L4b2a2c
I8923	2452	Nakuru, Rigo Cave, GrJh3	M32'56
I8904	4200	North Horr, Kokurmatakore	L3a2a
I8904	4200	North Horr, Kokurmatakore	L3a2a
I8759	2600	Nakuru, Naishi Cave	L3x1a
I8820	2781	Laikipia, Kisima Farm, KFR-A5/Porcupine Cave	M1a1f
I8830	2240	Nakuru, Naivasha Burial Groud	M1a1b
I8920	2236	Nakuru, Naivasha Burial Groud	R
Kor1	0	Siberia	A8
Kor2	0	Voyampolka	A8
ALN003	1700	Osh Province, Alai Valley, Alai/Nura I, II, Tuyuk II Mounds	U5a1g
ALN005	1592	Osh Province, Alai Valley, Alai/Nura I, II, Tuyuk II Mounds	H6b2
ALN006	2507	Osh Province, Alai Valley, Alai/Nura I, II, Tuyuk II Mounds	U1a1c1d
ALN008	1700	Osh Province, Alai Valley, Alai/Nura I, II, Tuyuk II Mounds	D4j
ALN009	1700	Osh Province, Alai Valley, Alai/Nura I, II, Tuyuk II Mounds	F1d
ALN001	1632	Osh Province, Alai Valley, Alai/Nura I, II, Tuyuk II Mounds	U7
ALN007	2346	Osh Province, Alai Valley, Alai/Nura I, II, Tuyuk II Mounds	D4i
I11526	4079	Aigyrzhal 	R6a2
I11527	3943	Aigyrzhal 	HV14
BDY001	2225	Central Kazakhstan, Bidayk, mound 5	D4j
BDY002	2255	Central Kazakhstan, Bidayk, mound 1	D4b1
BDY003	2123	Central Kazakhstan, Bidayk, mound 3	A8a1
DA106	735	Tian Shan, Central Steppe	C4b1a
DA116	761	Tian Shan, Central Steppe	G2a+152
DA118	851	Tian Shan, Central Steppe	F2g
DA99	757	Tian Shan, Central Steppe	C4a2c
DA117	139	Tian Shan, Central Steppe	H6a1b
CHK001	2373	Issyk-Kul Region, Chilpek Village, Chilpek Burial Grounds, mound 2	H1
CHK002	2522	Issyk-Kul Region, Chilpek Village, Chilpek Burial Grounds, mound 8	U4a2
CHK005	2050	Issyk-Kul Region, Chilpek Village, Chilpek Burial Grounds, mound 7	U1a
KEN001	2202	Issyk-Kul Region, Ken-Su Village, Ken-Su #551	A16
KEN002	2406	Issyk-Kul Region, Ken-Su Village, Ken-Su #651	U4a1a
KEN003	2151	Issyk-Kul Region, Ken-Su Village, Ken-Su #556	G2a3
CHK004	1129	Issyk-Kul Region, Chilpek Village, Chilpek Burial Grounds, mound 4	F1b1f
DA70	1802	Tian Shan, Central Steppe	C4a1a+195
DA81	1656	Tian Shan, Central Steppe	A16
DA98	1802	Tian Shan, Central Steppe	J1d6
DA100	1615	Tian Shan, Central Steppe	C4b1
DA104	1600	Tian Shan, Central Steppe	F1b1+@152
DA385	1458	Tian Shan, Central Steppe	H13a2a
DA52	1472	Tian Shan, Central Steppe	G2a1d2
DA54	1594	Tian Shan, Central Steppe	C4+152+16093
DA65	1494	Tian Shan, Central Steppe	N9a9
DA66	1435	Tian Shan, Central Steppe	H6b2
DA68	1354	Tian Shan, Central Steppe	M11a
DA69	1509	Tian Shan, Central Steppe	U5b2a1a2
DA72	1575	Tian Shan, Central Steppe	M10a1+16129
DA73	1618	Tian Shan, Central Steppe	G2a1
DA74	1492	Tian Shan, Central Steppe	H7b
DA80	1600	Tian Shan, Central Steppe	A1a
DA82	1779	Tian Shan, Central Steppe	K2a5
DA96	1608	Tian Shan, Central Steppe	D4j5
DA71	1627	Tian Shan, Central Steppe	A16
DA105	1739	Tian Shan, Central Steppe	F1b1+@152
DA56	2043	Tian Shan, Central Steppe	HV6
DA53	2372	Tian Shan, Central Steppe	U5a1a1
DA47	2063	Tian Shan, Central Steppe	C4
DA48	2200	Tian Shan, Central Steppe	H4d
DA49	2209	Tian Shan, Central Steppe	T2a1
DA50	2300	Tian Shan, Central Steppe	U5a1d2b
DA51	2229	Tian Shan, Central Steppe	H2a1
DA55	1976	Tian Shan, Central Steppe	HV6
DA57	2065	Tian Shan, Central Steppe	D4j8
DA58	2060	Tian Shan, Central Steppe	W1c
DA59	2149	Tian Shan, Central Steppe	D4j8
DA86	1461	Tian Shan, Central Steppe	C4b1
La727	2328	Northeast Huapan, Tam Hang	N9a6
La368	7872	Northern Bolikhamsay, Pha Faen	M5
La364	2987	Northeast Huapan, Tam Pa Ping	F1a1a1
La898	5951	Northeast Huapan, Tam Hang	N9a6
Kivutkalns153	2633	Kivutkalns	U5a1a1
Kivutkalns164	2423	Kivutkalns	U5a2a1
Kivutkalns19	2433	Kivutkalns	H10a
Kivutkalns194	2298	Kivutkalns	T1a1b
Kivutkalns207	2600	Kivutkalns	H1b2
Kivutkalns209	2616	Kivutkalns	J1b1a1
Kivutkalns215	2559	Kivutkalns	H1c
Kivutkalns222	2473	Kivutkalns	U5a1c1
Kivutkalns25	2637	Kivutkalns	H28a
Kivutkalns42	2697	Kivutkalns	H1b1
I4432	7958	Zvejnieki	U5a2c
I4434	7441	Zvejnieki	U5a2d
I4438	7248	Zvejnieki	U4b1a
I4439	7646	Zvejnieki	U5b1d1
I4440	7074	Zvejnieki	U4a1
I4441	6718	Zvejnieki	U5a1c
I4550	8489	Zvejnieki	U5b2a+@16192
I4551	7670	Zvejnieki	U5a2
I4552	7369	Zvejnieki	U5a1d
I4553	7370	Zvejnieki	U5a1c
I4595	7637	Zvejnieki	U2e1h
I4596	7970	Zvejnieki	U5a2d
I4626	7677	Zvejnieki	U2e1h
I4628	7033	Zvejnieki	U5a2d
I4630	9218	Zvejnieki	U5a2c
I4632	8316	Zvejnieki	U5a1c
I4628	7033	Zvejnieki	U5a2d
I4632	8316	Zvejnieki	U5a1c
I4626	7677	Zvejnieki	U2e1
I4629	4842	Zvejnieki	U5a1b
I4629	4842	Zvejnieki	U5a1
I4437	6164	Zvejnieki	U5a1d2
I4627	6071	Zvejnieki	U4a1
I4631	5997	Zvejnieki	U4
I4627	6071	Zvejnieki	U4a1
I4436	6109	Zvejnieki	U4a1
I4435	5972	Zvejnieki	U4a1
I4554	5946	Zvejnieki	U4d1
ERS1790729	3750	Sidon, College Site	H1bc
ERS1790730	3650	Sidon, College Site	K1a2
ERS1790731	3750	Sidon, College Site	R2
ERS1790732	3650	Sidon, College Site	HV1b1
ERS1790733	3775	Sidon, College Site	N1a3a
SI-41	710	Sidon	HV0a 
SI-39	702	Sidon	H5' 36 
SI-47	800	Sidon	H2a5 
SI-44	800	Sidon	HV1b 
SI-53	851	Sidon	T2
SI-40	800	Sidon	U5a1g 
SI-38	800	Sidon	J1b4a1 
SI-42	725	Sidon	J1b1a1 
SI-45	698	Sidon	J1d1a1 
QED-12	1525	Qornet ed-Deir	H2a5 
QED-2	1610	Qornet ed-Deir	T1
QED-4	1406	Qornet ed-Deir	U3b
QED-7	1627	Qornet ed-Deir	HV1b 
Turlojiske1	2819	Turlojiškė	T2b
Turlojiske1932	3036	Turlojiškė	U5a2a1
Turlojiske3	2846	Turlojiškė	H4a1a1a3
Turlojiske5	3300	Turlojiškė	H5
Donkalnis6	6569	Donkalnis	U5a2e
Donkalnis7	7110	Donkalnis	U5a2d1
Kretuonas1	6123	Kretuonas 1B	U5b1
Kretuonas2	6150	Kretuonas 1B	U5b2b
Kretuonas4	6150	Kretuonas 1B	U5b1b1a
Spiginas1	6263	Spiginas	H11a
Donkalnis1	6150	Donkalnis	U5b1
Kretuonas2	6150	Kretuonas 1B	U5b2b
DA171	1600	..	H2a1
RISE598	2653	Turlojiske	H2a2
Gyvakarai1_10bp	4495	Gyvakarai	K1b2a
Plinkaigalis241	4528	Plinkaigalis	I2
Plinkaigalis242	4842	Plinkaigalis	W6a
Spiginas2	3880	Spiginas	I4a
Donkalnis4	7823	Donkalnis	U5b2c1
Spiginas4	8276	Spiginas	U4a2
I0001	8025	Echternach	U5b1a
I0001	8025	Echternach	U5b1a
I0001	8025	Echternach	U5b1a
I7231	3169	Dimov Grob, V. Ulanci-Gradsko 	T2b
I10390	2343	Marvinci-Valandovo (southwest necropolis)	J1c5d
I10391	2250	Marvinci-Valandovo (southwest necropolis)	J1c
I10392	2250	Isar Marvinci, V. Marvinci-Valandovo, Southwest Necropolis	U5b1b
I10377	2550	Bucinci-Skopje	H
I10378	2550	Bucinci-Skopje	T2b
I10379	2591	Bucinci-Skopje	K1a+195
I10381	2586	Govrlevo-Skopje	U5a1c
I10382	2550	Govrlevo-Skopje	H1n+146
I10383	2607	Lisicin Dol-Marvinci, Valandovo	U2e1a1
I10384	2550	Plaosnik-Ohrid	H8c
I10385	2591	Plaosnik-Ohrid	H1e
I10387	2550	Plaosnik-Ohrid	J1c+16261
I10388	2658	Plaosnik-Ohrid	J1c2
I10389	2550	Plaosnik-Ohrid	K1a3a
I7233	2800	Vodovratski Pat, V. Vodovrati-Gradsko 	H35
I8112	2614	Lisicin Dol, Marvinci, Valandovo	H
I10380	2550	Govrlevo-Skopje	K1a4a1
I2530	915	Tumba S. Opticari, Bitola	H1
I0676	7792	Skopje, Sopište, Govrlevo	J1c1
I3881	6700	Pista Novo Selo	n/a (<2x)
I4421	5150	Chencherere	L0k2
I4422	5156	Chencherere	L0k1
I4421	5150	Chencherere	L0k2
I4422	5156	Chencherere	L0k1
I4426	2408	Fingira	L0f
I4426	2408	Fingira	L0f
I4468	6039	Fingira	L0d1c
I4468	6039	Fingira	L0d1c
I19528	15500	Mzimba District, Hora	L0d3
I19529	15500	Mzimba District, Hora	L5b
I2967	8018	Mzimba District, Hora	n/a (<2x)
I2967	8018	Mzimba District, Hora	n/a (<2x)
I2966	8895	Mzimba District, Hora	H2a2a1
I2966	8895	Mzimba District, Hora	H1h1
I2966	8895	Mzimba District, Hora	H2a2a1
I2967	8018	Mzimba District, Hora	L0a2
Ma555	378	Northeast Borneo, Sabah, Kinabatagan	B4b1a2
Ma554	432	Northeast Borneo, Sabah, Supu Hujung4	F3b1a+16093
Ma911	4303	West Peninsular Kelantan, Gua Cha Cave	M21b1a
JHF05	0	West Peninsular Northern Perak	M21a
JHM06	0	West Peninsular Northern Perak	M17a
Ma912	2459	West Peninsular Kelantan, Gua Cha Cave	M13c
I10859	340	Campeche, Campeche	B2
I10861	340	Campeche, Campeche	B2+16278
I10862	340	Campeche, Campeche	A2
I10863	340	Campeche, Campeche	A2m
I8555	388	Campeche, Campeche	A2+(64)
I8556	340	Campeche, Campeche	A2r
I8557	340	Campeche, Campeche	A2+(64)
I8559	431	Campeche, Campeche	R
I10860	340	Campeche, Campeche	L3e2b+152
I8558	340	Campeche, Campeche	X2d2
BC23	500	Piedra Gorda, Las Palmas culture	B2g1 
BC27	500	Piedra Gorda, Las Palmas culture	B2g1 
BC28	500	Piedra Gorda, Las Palmas culture	C1c1 
B-03	2700	LC-218, Baja	C1b11
BC25	500	Piedra Gorda, Las Palmas culture	CZ 
BC29	500	Piedra Gorda, Las Palmas culture	CZ 
BC30	500	Piedra Gorda, Las Palmas culture	B2g1 
MOM6	3200	Sierra Tarahumara	C1b 
F9	3200	Sierra Tarahumara	C 
I7112	399	Caroline Islands, Pohnpei	B4b1a2i
I30476	514	Caroline Islands, Pohnpei, Temwen Island, Man Nadol, Pahndauwas	B4b1a2i
I30477	246	Caroline Islands, Pohnpei, Temwen Island, Man Nadol, Pahndauwas	B4a1a1a18
I30478	246	Caroline Islands, Pohnpei, Temwen Island, Man Nadol, Pahndauwas	B4a1a1a18
I30479	288	Caroline Islands, Pohnpei, Temwen Island, Man Nadol, Lemenkau	B4a1a1
I30480	523	Caroline Islands, Pohnpei, Temwen Island, Man Nadol, Peinioar	B4b1a2i
I30482	500	Caroline Islands, Pohnpei, Temwen Island, Man Nadol, Peinioar	B4b1a2i
I30483	504	Caroline Islands, Pohnpei, Temwen Island, Man Nadol, Peinioar	B4b1a2i
I30481	500	Caroline Islands, Pohnpei, Temwen Island, Man Nadol, Peinioar	B4b1a2i
I10420	3950	Crihana Veche	V7
I10421	3950	Crihana Veche	U2e2a
I10397	3950	Ciumai	H5a1a
I10439	3950	Crihana Veche	R1a1a
cim357	2808	Slobodzeya District, Glinoe Sad	H9a
cim358	2822	Slobodzeya District, Glinoe Sad	C5c
cim359	2875	Rybnitsa District, Mokra	R
scy193	2225	Slobodzeya District, Glinoe	U5a2a1
scy303	2231	Slobodzeya District, Glinoe	U5a1a2b
scy332	1616	Slobodzeya District, Glinoe	M10a1a1a
scy192	2225	Slobodzeya District, Glinoe	H8c
scy197	2225	Slobodzeya District, Glinoe	U5a1a1
scy300	2250	Slobodzeya District, Glinoe	H5b
scy301	2237	Slobodzeya District, Glinoe	U5b2a3
scy304	2213	Slobodzeya District, Glinoe	U4
scy305	2254	Slobodzeya District, Glinoe	U5a2b
scy311	2235	Slobodzeya District, Glinoe	T2b
I20071	2749	Ialoveni District, Dănceni	G2a3
I20086	2824	Transnistria (Slobozia district, Hlinaia, left bank of the Lower Dniester)	T2b
I10438	3450	Crihana Veche	U8a1a1
I12510	4003	Transnistria (Camenca district, Katerinovka)	H13a2b2a
I20077	4450	Sărăteni 	W6
I20083	4450	Transnistria, Tiraspol	H6a1a
I20088	4660	Purcari (Stefan Voda district, right bank of the Lower Dniester)	N1a1b
I20082	4450	Transnistria, Tiraspol	n/a (<2x)
I7862	3456	Crihana Veche	n/a (<2x)
I10412	3900	Crihana Veche	H2a2b
I10436	3900	Crihana Veche	U3a'c
I10449	3900	Tantareni	U5a2+16294
NOM001	1250	Arkhangai, Nomgonii Khundii	U7a3a
OLN002	1075	Arkhangai, Olon Dov	T1a1
OLN004	1075	Arkhangai, Olon Dov	H4a1a1a
OLN005	1075	Arkhangai, Olon Dov	H6b
OLN010	1075	Arkhangai, Olon Dov	G3a3
OLN011	1075	Arkhangai, Olon Dov	B5b2a
OLN012	1075	Arkhangai, Olon Dov	D4j10
OLN003	1088	Arkhangai, Olon Dov	T1a1
OLN007	1075	Arkhangai, Olon Dov	D4
OLN008	1075	Arkhangai, Olon Dov	D4i
OLN009	1075	Arkhangai, Olon Dov	J1b1b1
DEE001	540	Arkhangai, Delen Tolgoi, Melkhii Chuluu	B4d1'2'3
KGK001	700	Arkhangai, Khirgest Khooloi	D4b1a2a1
KNU001	700	Arkhangai, Khanui	F1b1f
TSB001	1231	Arkhangai, Tsaidam Bag, Shiveet Tolgoi	H14b
TSI001	2797	Arkhangai, Tsaidam Bag, Shiveet Tolgoi	F1b1f
ERM001	5653	Arkhangai, Erdenemandal	A12
HUD001	2000	Arkhangai, Khudgiin Am	K1a19
NAI001	2000	Arkhangai, Naimaa Tolgoi	K1a12a1a
NAI002	2000	Arkhangai, Naimaa Tolgoi	C4a2c1
SOL001	2000	Arkhangai, Solbi Uul	I4a
EME002	2000	Arkhangai, Emeel Tolgoi	B5a2a1b
BUR003	1800	Arkhangai, Tamiryn Ulaan Khoshuu, Burkhan Tolgoi	J2b1a2a
TMI001	1919	Arkhangai, Tamiryn Ulaan Khoshuu, Burkhan Tolgoi	J2b1a2a
BUR001	1993	Arkhangai, Tamiryn Ulaan Khoshuu, Burkhan Tolgoi	T2b
BUR002	1800	Arkhangai, Tamiryn Ulaan Khoshuu, Burkhan Tolgoi	U2e1
BUR004	1919	Arkhangai, Tamiryn Ulaan Khoshuu, Burkhan Tolgoi	G2a5
TUH001	1800	Arkhangai, Tamiryn Ulaan Khoshuu, Burkhan Tolgoi	B5a2a1a
TUH002	1800	Arkhangai, Tamiryn Ulaan Khoshuu, Burkhan Tolgoi	B5a2a1a
TUK001	1623	Arkhangai, Tamiryn Ulaan Khoshuu, Burkhan Tolgoi	H2a2b
TUK002	1800	Arkhangai, Tamiryn Ulaan Khoshuu, Burkhan Tolgoi	B5b2a2
TUK003	1800	Arkhangai, Tamiryn Ulaan Khoshuu, Burkhan Tolgoi	J1d5
I12973	3226	Bulgan, Khutag undur sum, Marzyn Khutul tomb 1	D4j
SHT001	5009	Bayankhongor, Shatar Chuluu	N1a1a1a1
SHT002	4996	Bayankhongor, Shatar Chuluu	U5a1
TUM001	1250	Bulgan, Shoroon Bumbagar, Türkic mausoleum	F1c1a1
ZAA001	1075	Bulgan, Zaan-Khoshuu	A24
ZAA002	1324	Bulgan, Zaan-Khoshuu	C4a2a1
ZAA003	867	Bulgan, Zaan-Khoshuu	F2a
ZAA004	1075	Bulgan, Zaan-Khoshuu	D4b1a2a1
ZAA005	850	Bulgan, Zaan-Khoshuu	D4c1b1
ZAA007	1227	Bulgan, Zaan-Khoshuu	D4l2
ULA001	846	Bulgan, Ulaan Kherem II	Y1a
ZAR002	700	Bulgan, Zaraa Tolgoi	F1
BAM001	2000	Bulgan, Baruun Mukhdagiin Am	D4j3
BTO001	2000	Bulgan, Burkhan Tolgoi	Z4a
UVG001	2000	Bulgan, Ovgont	G2a2
I6221	4996	Bayankhongor aimag, Erdenetsogt sum, Shatar chuluu kurgan 2	U5a1+@16192
I6222	5009	Bayankhongor aimag, Erdenetsogt sum, Shatar chuluu kurgan 2	R
I13957	4625	Bayan-Ulgii aimag, Ulaankhus sum, Kurgak govi barrow 1, infant burial in main grave 	G2a+152
TSA001	700	Dornod, Tsagaan Chuluut	T1a1
TSA002	700	Dornod, Tsagaan Chuluut	D4o2a
TSA003	700	Dornod, Tsagaan Chuluut	D4j3
TSA005	700	Dornod, Tsagaan Chuluut	Z1a
TSA006	700	Dornod, Tsagaan Chuluut	F1b1f
TSA007	700	Dornod, Tsagaan Chuluut	M8a2'3
UGO001	700	Dornod, Ugoomor	K2a5b
TSA004	700	Dornod, Tsagaan Chuluut	D4a1
UGO002	700	Dornod, Ugoomor	U5a1a1
SOU001	6529	Dornod, South bank of Kherlen River	F1b1
SAN001	1890	Dornod, Sant Uul	F1b1e
ZAM001	700	Dundgobi, Zambaga Khairkhan	D4q
ZAM002	700	Dundgobi, Zambaga Khairkhan	B6a
I6358	7167	Dornod aimag, Bayantumen sum, Kherlen River South bank nearby Choibalsan town 	F1b1+@152
I7021	7050	Dornod aimag, Bulgan sum, Norovlin Uul burial	D4h4
I12957	4462	Khovd, Bulgan sum, Yagshiin hodoo, Barrow 3	T1a1
I12978	4472	Khovd, Bulgan sum, Yagshiin hodoo barrow 1, bone find B	C4+152
I12957	4462	Khovd, Bulgan sum, Yagshiin hodoo, Barrow 3	T1a1
I12977	4822	Bayan-Ulgii aimag, Ulaankhus sum, Kulala Ula barrow 1, secondary burial	D4b1
I13180	4862	Bayan-Ulgii aimag, Ulaankhus sum, Kumdii govi barrow, burial 2 	A+152+16362
I6361	4483	Bayan-Ulgii aimag, Ulaankhus sum, Kurgak govi barrow 2 secondary burial	A+152+16362
I13180	4862	Bayan-Ulgii aimag, Ulaankhus sum, Kumdii govi barrow, burial 2 	A
I6361	4483	Bayan-Ulgii aimag, Ulaankhus sum, Kurgak govi barrow 2 secondary burial	A
I6364	2927	Khovd, Bulgan sum, Uliastain dood denj I, kurgan 4	M9a1a1c1
I13504	2368	Khovsgol aimag, Ulaan-Uul sum	W
I13965	2270	Bayan-Ulgii aimag, Tsengel sum, Biluut 2 barrow 4	G2a1
I14194	2834	Sükhbaatar aimag, Tuvshinshiree sum, Ulaanzukh, Tomb 32	C4a1
I6263	2221	Bayan Ulgii aimag, Tsengel sum, Tsagaan-Uul, Khuvsgol	H5a1
I12970	2286	Uvs aimag, Ulaangom sum, Chandman Uul, Ulaangom cemetery Grave #48 burial 7	A8a
I6224	2225	Uvs aimag, Ulaangom sum, Chandman Uul, Ulaangom cemetery Grave #33, Burial 3	T2b34
I6225	2225	Uvs aimag, Ulaangom sum, Chandman Uul, Ulaangom cemetery Grave #33, Burial 5	T2b34
I6226	2220	Uvs aimag, Ulaangom sum, Chandman Uul, Ulaangom cemetery Grave #35, Burial 2	H91
I6230	2131	Uvs aimag, Ulaangom sum, Chandman Uul, Ulaangom cemetery Grave #47, Burial 2	U2e1h
I6231	2218	Uvs aimag, Ulaangom sum, Chandman Uul, Ulaangom cemetery Grave #47, Burial 3	F1b1b
I6232	2239	Uvs aimag, Ulaangom sum, Chandman Uul, Ulaangom cemetery Grave #48, Burial 6	U4b1a1a1
I6233	2225	Uvs aimag, Ulaangom sum, Chandman Uul, Ulaangom cemetery, Grave #49, Burial 1	F1b1+@152
I6356	2250	Uvs aimag, Ulaangom sum, Chandman Uul, Ulaangom cemetery, Grave #58, Burial 2	C4a1a3
I7022	2244	Uvs aimag, Ulaangom sum, Chandman Uul, Ulaangom cemetery Grave #11, Burial 7	C4a1a+195
I7023	2226	Uvs aimag, Ulaangom sum, Chandman Uul, Ulaangom cemetery Grave #31, Burial 6 	H
I7024	2244	Uvs aimag, Ulaangom sum, Chandman Uul, Ulaangom cemetery Grave #36, Burial 2	R1b1
I7027	2278	Uvs aimag, Ulaangom sum, Chandman Uul, Ulaangom cemetery Grave #45, Burial 2	T1a1
I7028	2232	Uvs aimag, Ulaangom sum, Chandman Uul, Ulaangom cemetery Grave #46, burial 1	H2a2a
I7029	2225	Uvs aimag, Ulaangom sum, Chandman Uul, Ulaangom cemetery Grave #53, burial 2	U4a1
I7030	2244	Uvs aimag, Ulaangom sum, Chandman Uul, Ulaangom cemetery Grave #56 	D4b1a2a1
I12956	2326	Uvs aimag, Ulaangom sum, Chandman Uul, Ulaangom cemetery Grave 48 burial 4	n/a (<2x)
I7026	2222	Uvs aimag, Ulaangom sum, Chandman Uul, Ulaangom cemetery Grave #41, Burial 6	C4a1a+195
I12960	3332	Uvurkhangai, Khujirt sum, Shunkhlai Uul, Tomb 2	C4a1a+195
I12969	3001	Khentii, Delgerkhaan sum, Khanan 3	F1b1+@152
I12971	2849	Dornod aimag, Gurvanzagal sum, Khadan khuv Tomb 1	D4j7
I13178	2923	Khentii, Bayan-Adraga sum, Shuusyn boom Tomb 6	R
I13963	2829	Khentii, Delgerkhaan sum, Rashaant tolgoi, tomb 6	C5b1b
I6349	2781	Sükhbaatar aimag, Dariganga sum, Baaran-Khavtsal	D4m2
I6352	2949	Uvurkhangai, Khujirt sum, Shunkhlai Uul, Grave #1	F1b1b
I6353	2902	Uvurkhangai, Khujirt sum, Shunkhlai Uul, Tomb 9	G2b2
I6357	2700	Tuv aimag, Altanbulag sum, Tariat Brigad Tomb 5	D4b2
I6359	2700	Khuvsgul aimag, Alag-Erdene sum, Erhel nuur, Ulaan tolgoi 	C5c
I6365	2744	Khuvsgul aimag, Burentogtoh sum, Uushigiin uvur, Slab Burial 1	D4o1
I6369	2554	Khentii, Murun sum, Bus khairkhan Tomb 2	B5b
I7032	2849	Khentii, Batshireet sum, Tugsiin uvdug Tomb 1	C4a2a1
I6368	2630	Khentii, Delgerkhaan sum, Khanan Tomb 1a	L3
I6228	1919	Uvs aimag, Ulaangom sum, Chandman Uul, Ulaangom cemetery Grave #44	D4j12
I13175	1483	Khovd, Bulgan sum, Uliastai deed denj II kurgan 1 burial 1 (secondary)	D4b1a2a
CHD001	700	Khentii, Chandgan Talyn Uurkhai	F1g
RAH001	700	Khentii, Rahsaan Khad	F1b1e
DOL001	2000	Khentii, Khanan Uul	C4a1a
JAG001	2082	Khentii, Jargalantyn Am, Jargalantyn Khondii/Hundhii	F1b1f
JAA001	2051	Khentii, Jargalantyn Am, Jargalantyn Khondii/Hundhii	M10a1b
DUU001	1941	Khentii, Duulga Uul	D4b1a2a1
DUU002	704	Khentii, Duulga Uul	F2a
IAG001	4466	Khovd, Yagshiin Khuduu	T2b2
KHL001	700	Khovd, Khalzan Khoshuu, Bodonch Gol	F1b1b
TAH002	700	Khovd, Takhiltyn Khotgor II	B4b1b
BER002	3168	Khovd, Berkh Mountain	T1a1
SBG001	3314	Khovd, Shar Gobi-3, Shar gov' 3	G2b2
ULI001	3131	Khovd, lower and middle terraces, Uliastai River	U2e1
ULI002	1248	Khovd, lower and middle terraces, Uliastai River	B4c1a2a
ULI003	3046	Khovd, lower and middle terraces, Uliastai River	H6a1b2
KHO001	746	Khovd, Khoit Tsenkher, Tarvagatain Am	D4
KHO006	1875	Khovd, Khoit Tsenkher, Tarvagatain Am	C5b1b
KHI001	2930	Khovd, Khoit Tsenkher, Tarvagatain Am	R11
TAK001	2000	Khovd, Takhiltyn Khotgor I	G2a1
KHV002	700	Khuvsgul, Khavtsal II	C5a1
MRI001	700	Khuvsgul, Mori Baridag	D4m
UUS001	600	Khuvsgul, Uushigiin Uver	D5a2a
UUS002	604	Khuvsgul, Uushigiin Uver	X2d1
AST001	2056	Khuvsgul, Atsyn Gol	I1a
SKT001	2051	Khuvsgul, Salkhityn Am	U5a1i
SKT003	2051	Khuvsgul, Salkhityn Am	I1a
SKT008	2051	Khuvsgul, Salkhityn Am	H
SKT009	2051	Khuvsgul, Salkhityn Am	I1a
SKT010	2176	Khuvsgul, Salkhityn Am	I1a
SKT002	2103	Khuvsgul, Salkhityn Am	G2a1e
SKT004	2051	Khuvsgul, Salkhityn Am	U2e1a1
SKT005	2051	Khuvsgul, Salkhityn Am	F1b1f
SKT007	2051	Khuvsgul, Salkhityn Am	C4
SKT012	2051	Khuvsgul, Salkhityn Am	C4a1a4a
SKT006	2048	Khuvsgul, Salkhityn Am	G2a1e
I12975	3110	Khuvsgul aimag, Khankh sum, Khavtsal II Tomb 1 (Khirgisuur)	U5a1a2a
I13766	3208	Bayankhongor aimag, Erdentsogt sum	C5b1b
I13767	3198	Bayankhongor aimag, Ulziit soum, Khar Sair am	R1b1
I13768	3074	Bayankhongor aimag, Ulziit sum, Muunit uul	D4j1
I6262	3270	Bayankhongor aimag, Khar Sairiin Am, Khirigsuur	A8a1
I6264	3275	Bayankhongor aimag, Khar Sairiin Am, Khirigsuur	A8a1
I6347	3295	Uvs aimag, Züünkhangai sum, Savaa Khar	K2a5b
I6351	2885	Uvs aimag, Khyargas sum, Urgun shireg, Tomb 3	C4b1
I7039	3066	Khovd, Duut sum, Khoit Tsenkheriin gol 1988 barrow 3	D4j
I13505	3001	Bayankongor aimag, Erdenetsogt sum	A+152+16362
I6362	2921	Khovd, Bulgan sum, Khudzhirtyn gol I, kurgan 2	D4b1
I6367	3116	Bayan-Ulgii aimag, Tsengel sum, Biluut 2, barrow 3	C4a1a1
I6362	2921	Khovd, Bulgan sum, Khudzhirtyn gol I, kurgan 2	D4b1a2
ARS001	2880	Khovsgol aimag, Arbulag sorum	D4
ARS002	3055	Khovsgol aimag, Arbulag sorum	D4j5
ARS003	3247	Khovsgol aimag, Arbulag sorum	U5a2d1
ARS004	2983	Khovsgol aimag, Arbulag sorum	F2a
ARS005	3038	Khovsgol aimag, Arbulag sorum	D4e1
ARS006	3003	Khovsgol aimag, Arbulag sorum	C4a1a+195 
ARS007	3172	Khovsgol aimag, Arbulag sorum	A+152+16362 
ARS008	3173	Khovsgol aimag, Arbulag sorum	C4a2c 
ARS009	2900	Khovsgol aimag, Arbulag sorum	D5a2a
ARS012	3229	Khovsgol aimag, Arbulag sorum	C4a2a1 
ARS013	3279	Khovsgol aimag, Arbulag sorum	C
ARS014	3234	Khovsgol aimag, Arbulag sorum	C4a2c1
ARS015	3255	Khovsgol aimag, Arbulag sorum	G3a 
ARS016	3389	Khovsgol aimag, Arbulag sorum	A+152+16362+16189 
ARS017	3256	Khovsgol aimag, Arbulag sorum	G2a
ARS018	2951	Khovsgol aimag, Arbulag sorum	B5b1
ARS024	3171	Khovsgol aimag, Arbulag sorum	C4a1a1 
ARS025	3263	Khovsgol aimag, Arbulag sorum	D4b1a2a 
ARS026	2957	Khovsgol aimag, Arbulag sorum	C4a1a+195 
I13174	3410	Khovd, Munkhkhairkhan sum, Khukh tolgoi barrow 9 	U5a2
I13959	3339	Khovd, Munkhkhairkhan sum, Ulaan tolgoi, barrow 3	n/a (<2x)
I12976	3332	Bayan-Ulgii aimag, Ulaankhus sum, Kulala Ula barrow 2	U2e2a1a2
I6363	3095	Khovd, Bulgan sum, Khudzrtyn gol II, barrow 1, burial 4 (main burial)	U2e1h
I7033	3066	Uvs aimag, Ulaangom sum, Chandman uul, Ulaangom cemetery kurgan 59	R
I12972	3347	Sükhbaatar aimag, Tuvshinshiree sum, Adgiin gol Tomb 21	D4i
I13964	3350	Sükhbaatar aimag, Tuvshinshiree sum, Ulaanzukh, Tomb 17	C4a1a+195
I14037	3306	Sükhbaatar aimag, Tuvshinshiree sum, Bulgiin ekh, Tomb 47	M11b
I14037	3306	Sükhbaatar aimag, Tuvshinshiree sum, Bulgiin ekh, Tomb 47	M11b
I12955	3824	Zavkhan, Bayantes sum, Khukh Khushoony bom, Barrow 3	D4i
I6348	3632	Bulgan, Khutag-Undur sum, Haruulyn Gozgor tomb 1-113	HV12b1
I13173	3722	Khovd, Munkhkhairkhan sum, Ulaan goviin uzuur barrow 2	H15b1
I13173	3722	Khovd, Munkhkhairkhan sum, Ulaan goviin uzuur barrow 2	H15b1
I12958	3483	Khovd, Munkhkhairkhan sum, Ulaan goviin uzuur kurgan 1	G2a1
I11696	7528	Bulgan, Khutag-Undur sum, Marzyn khutul, Tomb 1-055-1, skeleton 1	D4j
I11697	7500	Bulgan, Khutag-Undur sum, Marzyn khutul, Tomb 1-055-1, skeleton 4	D4j8
I11698	7520	Bulgan, Khutag-Undur sum, Marzyn khutul, Tomb 1-055-1, skeleton 2	D4b1c
I13179	7515	Bulgan, Khutag-Undur sum, Egiin-gol river valley, Kharuulyn gozgor, tomb 1-116	C4a1a3
I13698	7504	Bulgan, Khutag-Undur sum, Egiin-gol river valley, Marzyn Khutul, tomb 1-055-1, skeleton 2	F1b1+@152
I14000	7480	Bulgan, Khutag-Undur sum, Egiin-gol river valley, Kharuulyn gozgor, tomb 1-117-1, skeleton 3	D4j
BRG001	700	Selenge, Burgaldain Khundii	M7b1a1a2
BRG002	700	Selenge, Burgaldain Khundii	G2a5
BRG004	700	Selenge, Burgaldain Khundii	D4c2a
BRG005	700	Selenge, Burgaldain Khundii	G1a
KRN001	700	Selenge, Karnikovyn Am	Z3c
KRN002	700	Selenge, Karnikovyn Am	A18
YUR001	1958	Selenge, Yuroo II	D5a2a1
BAU001	600	Selenge, Buural Uul	N1a1a1a1
BRL001	601	Selenge, Buural Uul	G1a1a
BRL002	600	Selenge, Buural Uul	HV6
UGU001	1225	Selenge, Uguumur Uul	D2
UGU006	1550	Selenge, Uguumur Uul	Z1a
UGU011	1550	Selenge, Uguumur Uul	HV6
UGU002	1927	Selenge, Uguumur Uul	B4a2b1
UGU003	1550	Selenge, Uguumur Uul	U3a
UGU002	1927	Selenge, Uguumur Uul	C4a1a4a
UGU005	1885	Selenge, Uguumur Uul	U4a1
DAS001	700	Sukhbaatar, Lamt Mountain	N1a1a1a1a
GTO001	700	Sukhbaatar, Gangyn Tsagaan Ovoo	M7b1b
KHN001	700	Sukhbaatar, Khalgan Khoshuu, Zamyn Khashat, Khanan bor	D4j5a
KNN001	700	Sukhbaatar, Khalgan Khoshuu, Zamyn Khashat, Khanan bor	Z3c
SHG001	700	Sukhbaatar, Sharga Uul	M9a1a
SHG002	700	Sukhbaatar, Sharga Uul	D4o1
SHG003	700	Sukhbaatar, Sharga Uul	G2a2a
SHR001	700	Sukhbaatar, Shar Khad	R11a
ZAY001	700	Sukhbaatar, Khalgan Khoshuu, Zamyn Khashat, Khanan bor	M9a1b2
BUL002	3300	Sukhbaatar, Bulgiin Ekh	M10a1b
ULN001	3239	Sukhbaatar, Ulaanzuukh	D5a2a1b
ULN002	2100	Sukhbaatar, Ulaanzuukh	C4a1b
ULN003	3289	Sukhbaatar, Ulaanzuukh	C4a1a
ULN004	1952	Sukhbaatar, Ulaanzuukh	C5a1
ULN005	3429	Sukhbaatar, Ulaanzuukh	D4
ULN006	2100	Sukhbaatar, Ulaanzuukh	C4
ULN007	2100	Sukhbaatar, Ulaanzuukh	D4b1a2
ULN009	2100	Sukhbaatar, Ulaanzuukh	C4a1a
ULN010	2100	Sukhbaatar, Ulaanzuukh	D5a2a
ULN011	719	Sukhbaatar, Ulaanzuukh	A2a3
ULN015	3317	Sukhbaatar, Ulaanzuukh	D5a2a1b
BRU001	2000	Sukhbaatar, Baruun Khovdiin Am	D5b1b2
DEL001	1978	Sukhbaatar, Delgerkhaan Uul	D4j11
TAV005	1300	Sukhbaatar, Tavan Tolgoi	D4j+16311
TAV006	1300	Sukhbaatar, Tavan Tolgoi	HV2a2
TAV011	1300	Sukhbaatar, Tavan Tolgoi	C4b1
TAV001	1300	Sukhbaatar, Tavan Tolgoi	M9a
MIT001	3010	Tuv, Morin Tolgoi	D1j
ARG001	700	Tuv, Argali Mountain	G2a1
ARG002	700	Tuv, Argali Mountain	M10a2
ARG003	700	Tuv, Argali Mountain	C4a2a1
BAY001	700	Tuv, Bayan Khairkhan, Bunkhantyn Gatsaa	D4e5b
ATS001	1878	Tuv, Atsyn Am	C4a1a
SON001	2000	Tuv, Songino Khairkhan	D4
DAR001	2503	Ulaanbaatar, Dartsagt	F1b1f
DAR002	2525	Ulaanbaatar, Dartsagt	A11
BAZ001	700	Umungobi, Banzart Khairkhan	G3a3
ERD001	700	Umungobi, Erdene Mountain	B4f
GAN002	700	Umungobi, Ganzagad	A11a
GUN002	700	Umungobi, Gun Tharmagtai	F1a1
IKU001	700	Umungobi, Ikh Uvgun	F1b1b
SHA001	700	Umungobi, Shar Tolgoi	D4a1
CHN001	2226	Uvs, Chandman Mountain, Ulaangom cemetery	T1a1
CHN003	2232	Uvs, Chandman Mountain, Ulaangom cemetery	U4a1
CHN004	1400	Uvs, Chandman Mountain, Ulaangom cemetery	H91
CHN006	1400	Uvs, Chandman Mountain, Ulaangom cemetery	U2e1h
CHN007	1400	Uvs, Chandman Mountain, Ulaangom cemetery	U2e1h
CHN008	1400	Uvs, Chandman Mountain, Ulaangom cemetery	F1b1f
CHN012	1400	Uvs, Chandman Mountain, Ulaangom cemetery	T2b34
CHN015	1400	Uvs, Chandman Mountain, Ulaangom cemetery	N9a9
CHN016	1400	Uvs, Chandman Mountain, Ulaangom cemetery	A8a
CHN010	1961	Uvs, Chandman Mountain, Ulaangom cemetery	D4j12
CHN014	574	Uvs, Chandman Mountain, Ulaangom cemetery	D4l2
SHU001	2929	Uvurkhangai, Shunkhlai Mountain	G2b2a
SHU002	726	Uvurkhangai, Shunkhlai Mountain	D4b2b
NRC001	700	Uvurkhangai, Baga Artsatyn Am, NW cemetery	A
TEV002	2000	Uvurkhangai, Tevsh Mountain	C5b
TEV003	2000	Uvurkhangai, Tevsh Mountain	N9a1
DA39	1942	Siberia, Tungus & Eastern Steppe	N9a2a
DA43	2100	Siberia, Tungus & Eastern Steppe	D4a6
DA45	2046	Siberia, Tungus & Eastern Steppe	D4b2b2b
DA38	2110	Siberia, Tungus & Eastern Steppe	D4b2b4
DA41	2148	Siberia, Tungus & Eastern Steppe	G3a3
BIL001	3297	Zavkhan, Biluutiin Am	F1b1b
KHU001	3300	Zavkhan, Khukh Khoshuunii Boom	C4a1a
I13170	2550	Velika Gruda	X1'2'3
I13170	2550	Velika Gruda	X1'2'3
RISE595	2950	Velika Gruda	U5a2
I16994	4950	Vrbicka	HV0a
I16995	4950	Vrbicka	U5a1c
I13167	3090	Velika Gruda	U5a1g
I13168	3293	Velika Gruda	K2a
I13169	3287	Velika Gruda	U5a2d
I13171	3175	Velika Gruda	J1b1a1
I13172	3207	Velika Gruda	H
I13775	3300	Velika Gruda	U4b1a1a1
I14498	3100	Velika Gruda	W+194
I14500	3100	Velika Gruda	H1at
I14501	3175	Velika Gruda	H7c2
I13777	3300	Velika Gruda	U5a2d
I13165	3175	Velika Gruda	n/a (<2x)
I13776	3300	Velika Gruda	U5a2d
I13166	3175	Velika Gruda	H1u
I14499	3300	Velika Gruda	H3z1
I14497	3100	Velika Gruda	H1at
IAM.3	7210	Ifri n'Amr or Moussa	M1b1*
IAM.6	7098	Ifri n'Amr or Moussa	U6a7b2
IAM.7	6871	Ifri n'Amr or Moussa	X2b
TAF009	14221	Taforalt	U6a6b
TAF010	14649	Taforalt	U6a7b
TAF011	14450	Taforalt	U6a7
TAF013	14500	Taforalt	U6a7b
TAF014	14500	Taforalt	M1b
TAF015	14500	Taforalt	U6a1b
TAF012	14455	Taforalt	U6a7
KEB.4	5650	Kelif el Boroud	K1a1b1
KEB.6	5650	Kelif el Boroud	K1a4a1
I7238	2950	Oakaie	n/a (<2x)
C1	2775	Chokhopani Tomb, Nepal	D4j1b
M240	2125	Mebrak Tomb, Nepal	M9a1a2
M344	2125	Morocco_Jews	Z3a1a
M63	2125	Mebrak Tomb, Nepal	M9a1a1c1b1a
S10	1500	Samdzong Tomb, Nepal	M9a1a1c1b1a
S35	1500	Samdzong Tomb, Nepal	M9a1a
S40	1500	Samdzong Tomb, Nepal	F1c1a1a
S41	1500	Samdzong Tomb, Nepal	F1d
I4067	3770	Noord-Holland, Oostwoud, De Tuithoorn	R1b1
I4068	3985	Noord-Holland, Oostwoud, De Tuithoorn	U5a2a1
I4069	3966	Noord-Holland, Oostwoud, De Tuithoorn	U5a1a1
I4073	3992	Noord-Holland, Oostwoud, De Tuithoorn	U5a2b1
I4074	4030	Noord-Holland, Oostwoud, De Tuithoorn	H
I4075	3950	Noord-Holland, Oostwoud, De Tuithoorn	H5a1
I4076	3763	Noord-Holland, Oostwoud, De Tuithoorn	K1+16362
I5748	4383	Noord-Holland, Oostwoud, De Tuithoorn	X2b4
I5750	4050	Noord-Holland, Oostwoud, De Tuithoorn	K1b1a1+199
I4067	3770	Noord-Holland, Oostwoud, De Tuithoorn	R1b1
I20063	3797	Noord-Holland, Oostwoud, De Tuithoorn	K1b1a
I4070	3703	Noord-Holland, Oostwoud, De Tuithoorn	U5a1b1a
I4071	3717	Noord-Holland, Oostwoud, De Tuithoorn	H6a1a
I12903	2600	Gelderland, Nijmegen-Lent	U5b1c2b
I12905	2500	Gelderland, Nijmegen-Lent	H27
I11631	1950	Gelderland, Tiel-Medel-De Reth	T2b
MDM001	1400	Friesland, Midlum	H5a1
MDM002	1458	Friesland, Midlum	J1c3
MDM005	1417	Friesland, Midlum	U4a1a
MDM006	1483	Friesland, Midlum	H1
GRO002	1000	Groningen	U5a1i1
GRO004	950	Groningen	J1c2c
GRO007	950	Groningen	U7b
GRO008	925	Groningen	J2b1a3
GRO010	950	Groningen	J2a1a1a2
GRO012	1050	Groningen	T2b1
GRO013	1075	Groningen	T1a1b
GRO014	1075	Groningen	J2a1a1a2
GRO015	950	Groningen	J2a1a1a2
GRO017	1050	Groningen	J1b1a1+146C
GRO019	1000	Groningen	K1a4d
GRO020	950	Groningen	J2a1a1a2
GRO021	1100	Groningen	J1c
GRO023	1200	Groningen	T2b8
GRO024	900	Groningen	H3b7
GRO016	950	Groningen	J2a1a1a2
GRO005	900	Groningen	U5b1b1
GRO006	950	Groningen	T2b
GRO001	900	Groningen	H1a1
I11971	3060	Noord-Holland, Westwoud-Binnenwijzend	H3
I20062	2810	Noord-Holland, Bovenkarspel-Het Valkje	H1+16189
I17750	2031	Noord-Holland, Velsen-Hoogoventerrein	H86
I13028	4250	Zuid-Holland, Ottoland-Kromme Elleboog	H1a
I13025	3958	Zuid-Holland, Molenaarsgraaf	K2b1a
I13026	3951	Zuid-Holland, Molenaarsgraaf	J1b1a1
I13027	4039	Zuid-Holland, Molenaarsgraaf	T2b21
I12900	4239	Zuid-Holland, Ottoland-Kromme Elleboog	U5b2b1a1
I11972	3381	Noord-Holland, Westwoud-Binnenwijzend	U5b2b1
I11973	3280	Noord-Holland, Westwoud-Binnenwijzend	H5a1
I12081	3257	Noord-Holland, Hoogkarspel-Houterpolder-West	U5a1c
I12082	3300	Noord-Holland, Hoogkarspel-Houterpolder-West	K1d
I17019	3270	Zuid-Holland, Vlaardingen-Krabbeplas	T2b
I20058	3200	Noord-Holland, Velsen-Hofgeesterweg	T1a1
I26828	3400	Noord-Holland, Wervershoof-Zwaagdijk	H2a2
I26829	3400	Noord-Holland, Wervershoof-Zwaagdijk	H5b
I26830	3429	Noord-Holland, Wervershoof-Zwaagdijk	H3v+16093
I26831	3400	Noord-Holland, Wervershoof-Zwaagdijk	U5a1a1
I26832	3400	Noord-Holland, Wervershoof-Zwaagdijk	U4a3
I11629	3200	Noord-Holland, Hoogkarspel-Houterpolder-West	T2e1
I12083	3100	Noord-Holland, Westwoud-Markerwaardweg	J2b1a1
I20057	3112	Noord-Holland, Velsen-Hofgeesterweg	n/a (<2x)
I12906	2210	Zeeland, Veere-N57	W1c
I12907	2176	Noord-Holland, Uitgeest-Dorregeest	N1a1a1a3
VK390	1450	Nor South, Telemark	K2a3
VK391	1450	Nor South, Telemark	I3
VK418	1600	Nor North, Nordland	J1c2c1
VK523	1450	Nor Mid, Sor-Trondelag	I1a1
VK531	4347	Nor North, Troms	U2e2a
VK116	750	Nor Mid, Trondheim	U6a3
VK125	750	Nor Mid, Trondheim	U3a1c
VK113	750	Nor Mid, Trondheim	J1b1a1a
VK114	750	Nor Mid, Trondheim	R1a1a
VK117	750	Nor Mid, Trondheim	H1a3a
VK118	750	Nor Mid, Trondheim	H1bb
VK124	750	Nor Mid, Trondheim	H10a1
Hum1	9364	Hummervikholmen	U5a1
Hum2	9364	Hummervikholmen	U5a1d
Steigen	5857	Steigen	U5a1d
VK421	950	Nor South, Oppland	U5b2c2b
VK518	1100	Nor North, Nordland	U5b1b1a
VK519	1200	Nor North, Nordland	HV0a1
VK386	1000	Nor South, Oppland	J1b1a1
VK387	950	Nor South, Oppland	U5a1a1
VK388	800	Nor North, Nordland	J1c5
VK389	1000	Nor South, Telemark	T2b
VK392	1100	Nor South, Telemark	H1g1
VK393	1000	Nor South, Hedmark	U8a1a
VK394	1000	Nor South, Hedmark	H13a1a1a
VK414	950	Nor South, Oppland	H6a1a
VK415	1050	Nor South, Oppland	H6a1a
VK417	1100	Nor South, Oppland	H7b
VK419	1200	Nor North, Nordland	U5b1b1g1
VK420	1050	Nor South, Hedmark	I4a
VK422	1000	Nor South, Hedmark	J1b1a1a
VK448	1050	Nor South, Hedmark	H5a2
VK514	1200	Nor North, Nordland	K2b1a1
VK515	1000	Nor North, Nordland	H52
VK516	1000	Nor Mid, Sor-Trondelag	H6a1a
VK520	1000	Nor North, Troms	U5b2a1a2
VK524	1000	Nor North, Nordland	HV0a1
VK525	1100	Nor North, Nordland	U5a1a2a
VK526	1100	Nor North, Nordland	J2b1a3
VK528	1150	Nor North, Troms	K1a4a1b
VK529	1150	Nor North, Nordland	H7
VK530	1000	Nor North, Nordland	H1as
VK547	1050	Nor North, Nordland	V
VK548	1100	Nor Mid, Nord-Trondelag	A12a
ONG-1	0	Onge	M31a1b 
ONG-12	0	Onge	M32a 
ONG-14	0	Onge	M32a 
ONG-4	0	Onge	M31a1b 
ONG-8	0	Onge	M32a 
ONG-9	0	Onge	M32a 
I6888	2747	Swat Valley, Aligrama	H
I8219	2841	Swat Valley, Aligrama	M65a+@16311
I8246	2710	Swat Valley, Aligrama	U2c1a
I6557	2850	Swat Valley, Arkotkila	U2e1h
I6545	2821	Swat Valley, Barikot	J1b1b3
I6546	2841	Swat Valley, Barikot	M65a+@16311
I6548	2850	Swat Valley, Barikot	H
I6547	2000	Swat Valley, Barikot	U8b1a1
I7715	619	Swat Valley, Barikot	M49
I12449	2850	Swat Valley, Butkara II	U1a1c1d
I12450	2751	Swat Valley, Butkara II	M3a2
I12451	2850	Swat Valley, Butkara II	HV13b
I12968	2850	Swat Valley, Butkara II	U1a1
I13219	2850	Swat Valley, Butkara II	W3a1
I8193	3128	Swat Valley, Gogdara	M30+16234
I8194	2950	Swat Valley, Gogdara	R30a1b
I8218	1949	Swat Valley, Aligrama	W6
I8220	2566	Swat Valley, Aligrama	M3a1b..
I8245	2197	Swat Valley, Aligrama	HV6
I6889	605	Swat Valley, Barikot	H2b
I6890	853	Swat Valley, Barikot	M3a2
I7714	1944	Swat Valley, Barikot	R30b1
I6549	2041	Swat Valley, Butkara IV	M30
I6550	1926	Swat Valley, Butkara IV	U2a
I6551	2000	Swat Valley, Butkara IV	H+16311
I6552	2051	Swat Valley, Butkara IV	M30
I6891	2242	Swat Valley, Saidu Sharif	R5a2
I6894	2250	Swat Valley, Saidu Sharif	M30
I7717	2283	Swat Valley, Saidu Sharif	H13a2a
I7718	2250	Swat Valley, Saidu Sharif	K1b1a1+199
I7719	2250	Swat Valley, Saidu Sharif	M52a
I7720	2250	Swat Valley, Saidu Sharif	C4a'b'c
I7721	2250	Swat Valley, Saidu Sharif	R6b
I7722	2250	Swat Valley, Saidu Sharif	U2b2
I7723	2250	Swat Valley, Saidu Sharif	M30d1
I2954	2316	Swat Valley, Saidu Sharif	H2
I6893	2225	Swat Valley, Saidu Sharif	H15a1a1
I10523	2850	Swat Valley, Katelai	U2c1
I12141	2850	Swat Valley, Katelai	HV14a
I12142	2850	Swat Valley, Katelai	U2b2
I12143	2850	Swat Valley, Katelai	H13a2a
I12144	2850	Swat Valley, Katelai	U2
I12146	2850	Swat Valley, Katelai	HV18
I12147	3052	Swat Valley, Katelai	U7b
I12444	2850	Swat Valley, Katelai	M
I12445	2850	Swat Valley, Katelai	U7a
I12446	2850	Swat Valley, Katelai	U2b2
I12447	2850	Swat Valley, Katelai	R30b1
I12448	2850	Swat Valley, Katelai	U2a2
I12454	2850	Swat Valley, Katelai	W3b
I12460	2850	Swat Valley, Katelai	U2b
I12461	2850	Swat Valley, Katelai	M30d1
I12462	2850	Swat Valley, Katelai	HV12b1
I12463	2850	Swat Valley, Katelai	N1a1b1
I12464	2850	Swat Valley, Katelai	U1a
I12465	2850	Swat Valley, Katelai	U7b
I12470	2850	Swat Valley, Katelai	M30c1
I12471	2850	Swat Valley, Katelai	HV17
I12473	2850	Swat Valley, Katelai	T2g
I12475	2850	Swat Valley, Katelai	H3ac
I12477	2850	Swat Valley, Katelai	W3a1
I5396	2809	Swat Valley, Katelai	U4d
I5397	2829	Swat Valley, Katelai	M35b+16304
I5398	2850	Swat Valley, Katelai	Z3a1a
I12140	2850	Swat Valley, Katelai	n/a (<2x)
I12453	2850	Swat Valley, Katelai	n/a (<2x)
I12466	2850	Swat Valley, Katelai	n/a (<2x)
I12149	2850	Swat Valley, Katelai	M30c1
I5399	2850	Swat Valley, Katelai	J1d3a
I11562	1450	Khyber Pakhtunkhwa, Chitral, Parwak	n/a (<2x)
I10000	2850	Swat Valley, Loebanr	U7a
I10001	2850	Swat Valley, Loebanr	R30b1
I10974	2903	Swat Valley, Loebanr	HV2a
I12134	2850	Swat Valley, Loebanr	M30g
I12137	2850	Swat Valley, Loebanr	I1c
I12455	2850	Swat Valley, Loebanr	M5a
I12456	2850	Swat Valley, Loebanr	I1c1
I12457	2928	Swat Valley, Loebanr	W3a1
I12458	2850	Swat Valley, Loebanr	M4
I12459	2850	Swat Valley, Loebanr	M65a1
I12979	2850	Swat Valley, Loebanr	T1a1
I12980	2850	Swat Valley, Loebanr	D4j1b
I12981	2850	Swat Valley, Loebanr	M70
I12982	2850	Swat Valley, Loebanr	H14
I12984	2850	Swat Valley, Loebanr	H
I12987	2850	Swat Valley, Loebanr	HV18
I12988	2850	Swat Valley, Loebanr	U2c1b
I13220	2850	Swat Valley, Loebanr	T1a1
I13221	2850	Swat Valley, Loebanr	A+152+16362
I13222	2850	Swat Valley, Loebanr	M5a
I13223	2850	Swat Valley, Loebanr	U2b
I13224	2850	Swat Valley, Loebanr	N1a2
I13226	2911	Swat Valley, Loebanr	K1a
I13227	2850	Swat Valley, Loebanr	W
I13228	2850	Swat Valley, Loebanr	M5a
I5400	2824	Swat Valley, Loebanr	M5a
I6292	2781	Swat Valley, Loebanr	T2g1a
I6553	2834	Swat Valley, Loebanr	U2e1'2'3
I6556	2776	Swat Valley, Loebanr	U2c1
I8998	2850	Swat Valley, Loebanr	W3a1b
I8999	2813	Swat Valley, Loebanr	U3b1a1
I6555	2811	Swat Valley, Loebanr	M4a
I8997	2850	Swat Valley, Loebanr	W3a1b
I12985	2850	Swat Valley, Loebanr	R30b1
I12136	2850	Swat Valley, Loebanr	M4a
I12138	2949	Swat Valley, Loebanr	T1a1
I12983	2850	Swat Valley, Loebanr	M65a+@16311
I6554	2758	Swat Valley, Loebanr	T2g1a
I1808	1121	Swat Valley, Parwak	J1b1a1+146
I11565	1450	Swat Valley, Parwak	J1b1
I7716	728	Swat Valley, Raja Gira	H13a2a
I1805	382	Swat Valley, Singoor	M3a1+204
I2959	822	Swat Valley, Udegram	M5a1
I2960	825	Swat Valley, Udegram	D4c2b
I12472	2850	Swat Valley, Katelai	M65a+@16311
I1799	3003	Swat Valley, Udegram	T2a1b
I1985	2939	Swat Valley, Udegram	M65a+@16311
I1994	2904	Swat Valley, Udegram	W3a1b
I6194	2950	Swat Valley, Udegram	U8b1a2b
I6195	2911	Swat Valley, Udegram	U4c1
I6197	2950	Swat Valley, Udegram	n/a (<2x)
I8190	2847	Swat Valley, Udegram	U7a
I3261	2950	Swat Valley, Udegram	n/a (<2x)
I3260	2908	Swat Valley, Udegram	U1a1a
I3262	2844	Swat Valley, Udegram	H14a
I1992	3025	Swat Valley, Udegram	U5a1+@16192
PAPV_53	300	Panama City, Catedral	L2a1c2a
PAPV_93	300	Panama City, Catedral	H1j1a
PAPV_27	425	Panama City, Sur de la Plaza	B2b3a
PAPV_137	990	Panama City, Plaza Casas Oeste	H5
PAPV_114	1316	Panama City, Plaza Mayor	A2af1a1
PAPV_117	944	Panama City, Plaza Mayor	B2d
PAPV_118	610	Panama City, Plaza Mayor	B2b
PAPV_146	1061	Panama City, Parque Morelos	A2af1a1
PAPV_167	1023	Panama City, Parque Morelos	B2d
PAPV_172	763	Panama City, Coco del Mar	B2
PAPV_173	547	Panama City, Coco del Mar	B2d
PAPV_174	603	Panama City, Coco del Mar	A2w
PAPV_175	1237	Panama City, Coco del Mar	A2af1b
I2543	945	Chanka	C5b
I2236	650	Chanka	D1f
I2544	675	Charrangochayoc	R0+16189
I2563	650	Chanka	R
UC12_12	552	Chincha	A2+(64)+16129
UC12_20	575	Chincha	C1b +16311
UC12_24	506	Chincha	C1b
UC12_25	575	Chincha	C1c
UC8_8168	467	Chincha	B2b
UC8_8173	533	Chincha	B2b
Cuncaicha15-04	3281	Cuncaicha, Highlands	A2h
Cuncaicha15-03	4115	Cuncaicha, Highlands	A2a3
Cuncaicha15-07	9005	Cuncaicha, Highlands	A2ao
I2238	1550	El Brujo	D1
I2262	1550	El Brujo	C1b
I0324	1095	El Brujo	C1b
I2237	1335	El Brujo	D1
I2263	1095	El Brujo	D4h3a
I2252	1025	Chinchawas	D1
I2250	700	Chinchawas	D1
I2251	700	Chinchawas	D1
I2264	700	Chinchawas	D1
I2268	4150	El Brujo	B2
K1	3950	Rio Ilave Basin, Kaillachuro	C1b
I2261	4105	La Galgada, Highlands	C1c
I0237	860	Botigiriayocc, Laramate, Highlands	B2
I1357	925	Botigiriayocc, Laramate, Highlands	B2l
I1484	815	Botigiriayocc, Laramate, Highlands	R
I1485	1060	Cueva Yacotogia, Laramate, Highlands	R
I1742	1125	Tranca, Laramate, Highlands	D1
I2551	825	Huayuncalla, Laramate, Highlands	C1b
I0039	3530	Lauricocha, Highlands	A2+(64)
I0040	5845	Lauricocha, Highlands	A2+(64)+@16111
I0038	8625	Lauricocha, Highlands	A2+(64)+16129
I0041	8505	Lauricocha, Highlands	B2
I0238	8450	Lauricocha, Highlands	A2
I2545	470	Mesayocpata	C5b
I0045	1575	Lima, Huaca Pucllana	B2
I0974	1500	Lima, Huaca Pucllana	B2
I0975	1220	Lima, Huaca Pucllana	C
I0044	615	Lima, Huaca Pucllana	C1b
I0964	540	Lima, Huaca Pucllana	C1b
I0965	555	Lima, Huaca Pucllana	D1
I0969	685	Lima, Huaca Pucllana	B2b
I0968	865	Lima, Huaca Pucllana	C1b
I0971	1250	Lima, Huaca Pucllana	A2+(64)
I0042	700	Ayacucho, Lucanas, Laramate, Botigiriayocc	C1b
I2258	600	Ancash, Pallasca, La Galgada	M
I1356	600	Ayacucho, Lucanas, Laramate, Pacapaccari	R0+16189
I1358	735	Ayacucho, Lucanas, Laramate, Pacapaccari	R
I1396	590	Ayacucho, Lucanas, Laramate, Pacapaccari	B2
I0966	765	Lima, Huaca Pucllana	C1b
I0967	765	Lima, Huaca Pucllana	B2
I0972	765	Lima, Huaca Pucllana	B2b3
I2242	685	El Brujo	C1c
I2241	925	El Brujo	C1c
I2243	925	El Brujo	A2+(64)+16129
I2244	925	El Brujo	C1b
I1479	550	Ica, Palpa, Los Molinos	R
I2549	540	Ica, Palpa, Los Molinos	D1
I2550	935	Monte Grande	C5b
I2233	1915	Paracas Penisula, Wari Kayan	D1
IL4	1475	Douneika/Aitolokarnania/Greek	C1b
IL3	1697	Rio Ilave Basin, Rio Uncallane	B2
IL5	1658	Rio Ilave Basin, Rio Uncallane	C1c
IL7	1778	Rio Ilave Basin, Rio Uncallane	C1b
IL2	1625	Rio Ilave Basin, Rio Uncallane	D1
I1743	495	Cusco, San Sebastián, Machu Piccu	A2+(64)
I1400	605	Cusco, San Sebastián, Machu Piccu	B2
I1744	605	Cusco, San Sebastián, Machu Piccu	C5b
SMP5	6831	Rio Ilave Basin, Soro Mik’aya Patjxa	C1c
I2557	1395	Ica Valley	C5b
I2558	1320	Ica Valley	R
I2560	950	Ica Valley	R
I2253	1025	Chinchawas	D1
Phl534	1783	Luzon, Northern Cagayan, Nagsabaran	B5b1a
I4253	4266	Samborzec 1	U5a2c
I6534	4237	Kornice	T2e1
I6538	3823	Strachów	H40
I6580	4175	Jordanów Śląski	K1a1b2b
I6582	4171	Kornice	U5a2b
I6583	4138	Żerniki Wielkie	U5b1c2
I6581	4228	Kornice	H6a1a
I4251	4219	Samborzec 1	H1
I4252	4155	Samborzec 1	U5a1a1
I6535	4284	Kornice	U5a2b
N42	6049	Oslonki	U5b2a1a
N22	6263	Brzesc Kujawski	U5a1c
N25	6250	Oslonki	K2a
N26	6177	Konary	T2b30
N27	6250	Oslonki	V14
N28	6074	Oslonki	T2b
N31	6130	Oslonki	H26
N36	6250	Konary	J1c5
I6531	4113	Gmina Cisek, Dzielnica	U5b2b1a1
I6537	4130	Racibórz-Stara Wieś	I1a1
N47	4375	Pikutkowo	U5b2a2
N49	4375	Pikutkowo	H6a1a
RISE1	4663	Oblaczkowo	K1b1a1
N44	4400	Pikutkowo	U5a1b2
N45	4375	Pikutkowo	H5a8
RISE431	4125	Leki Male	T2e
poz44	4663	Oblaczkowo	U3a’c 
poz81	4702	Oblaczkowo	U4b1b2 
I6579	4155	Iwiny	K1a4a1g
RISE109	3821	Wojkowice	U4
RISE139	3970	Chociwel	U2e1f1
RISE145	4015	Polwica	H6a1b
RISE150	3744	Przeclawice	U5a1b1
RISE154	3786	Szczepankowice	K1a4a1
N17	3850	Gustorzyn	J1c1b1a
I2403	4667	Kierzkowo	U5b2b1a1
I2405	5132	Kierzkowo	W5
I2433	4950	Kierzkowo	H28
I2434	5050	Kierzkowo	U5b1d1a
I2440	4950	Kierzkowo	H1b
I2441	5050	Kierzkowo	K1b1a1
I2435	4950	Kierzkowo	H28a
I2435	4950	Kierzkowo	H28
I2407	4955	Kierzkowo	H28a
I2407	4955	Kierzkowo	H28a
I2405	5132	Kierzkowo	W5
N38	4959	Brzesc Kujawski	T2c1-146
RISE1159	4724	Koszyce, site 3	T2b
RISE1161	4785	Koszyce, site 3	H27+16093
RISE1163	4736	Koszyce, site 3	HV0a
RISE1165	4754	Koszyce, site 3	HV16
RISE1166	4904	Koszyce, site 3	J1c3f
RISE1170	4754	Koszyce, site 3	K1a1b1e
RISE1169	4747	Koszyce, site 3	HV0a
RISE1173	4635	Koszyce, site 3	HV0a
RISE1168	4672	Koszyce, site 3	HV0a
RISE1167	4721	Koszyce, site 3	J1c3f
RISE1162	4765	Koszyce, site 3	K1a1b1e
RISE1172	4664	Koszyce, site 3	HV0a
RISE1160	4721	Koszyce, site 3	T2b
RISE1171	4826	Koszyce, site 3	J1c3f
RISE1164	4463	Koszyce, site 3	K1a1b1e
RISE1246	4721	Ksiaznice, site 2	K1a+195
RISE1248	4725	Ksiaznice, site 2	H5a1
RISE1249	4737	Ksiaznice, site 2	J1c3f
RISE1247	4725	Ksiaznice, site 2	H5a1
RISE1243	4725	Ksiaznice, site 2	J1c3f
VK210	800	Krakw	H5e1a1
VK211	800	Cedynia	W6
RISE1252	4725	Mierzanowice, site 1, grave 3	H
RISE1241	4773	Sandomierz, site 78	J1c4
RISE1250	4750	Sandomierz, site 78	U5b2
pcw260	4237	Southeastern Poland, Pełczyska	T2b
pcw270	4250	Southeastern Poland, Pełczyska	n/a (<2x)
pcw280	4250	Southeastern Poland, Pełczyska	U5a1
pcw191	4237	Southeastern Poland, Skołoszów	T2b11
pcw062	4300	Southeastern Poland, Święte	n/a (<2x)
pcw040	4400	Southeastern Poland, Święte	U5b2b1a1
pcw061	4321	Southeastern Poland, Święte	H7a
pcw070	4321	Southeastern Poland, Święte	I2
pcw110	4300	Southeastern Poland, Szczytna	n/a (<2x)
pcw160	4299	Southeastern Poland, Mirocin	I2
pcw211	4300	Southeastern Poland, Chłopice	H2a2b
pcw212	4460	Southeastern Poland, Chłopice	H2a2b
pcw250	4300	Southeastern Poland, Mistrzejowice	T1a1
pcw350	4293	Southeastern Poland, Łubcze	T1a1
pcw361	4300	Southeastern Poland, Łubcze	K1a4b
pcw362	4305	Southeastern Poland, Łubcze	U5a1a2a
pcw420	4300	Southeastern Poland, Proszowice	n/a (<2x)
pcw430	4300	Southeastern Poland, Bosutów	U4b1b2
pcw041	4400	Southeastern Poland, Święte	J1c2c
N19	5490	Pikutkowo	V14
N18	5459	Pikutkowo	N1a1a1
N20	5467	Pikutkowo	H3t
VK155	950	Bodzia	H1c
VK153	950	Bodzia	H1c3
VK154	950	Bodzia	H1c3
VK156	950	Bodzia	J1c2c2a
VK157	950	Bodzia	H1c
VK200	1059	Czersk	J1b1a1b
VK212	908	Cedynia	H1+152
VK494	950	Sandomierz	X2c2
RISE1254	4725	Wilczyce, site 90	U5b
I0839	4264	Almonda, Galeria da Cisterna	n/a (<2x)
I0840	4243	Almonda, Galeria da Cisterna	U5b1i
I11592	4650	Torres Vedra, Bolores	U5b2b
I11599	5050	Lisbon, Torres Vedras, Cabeço da Arruda I	J2b1a2
I11601	5050	Lisbon, Torres Vedras, Cabeço da Arruda I	V
I11604	4750	Lisbon, Lourinhã, Tholos of Paimogo I	K1a1
I11605	4750	Lisbon, Lourinhã, Tholos of Paimogo I	HV0d
I11614	4650	Torres Vedra, Bolores	H4a1a
I1970	4635	Lisbon, Verdelha dos Ruivos	X2
I3432	4924	Évora, Reguengos de Monsaraz, Perdigões	U5b2b3
I5076	5146	Monte Canelas 1	H1
I5428	5165	Cova das Lapas	U5b1+16189+@16192
I5429	4866	Évora, Reguengos de Monsaraz, Perdigões	J2b1a3
I6601	4650	Estremadura, Bolores	H1e2
I6466	4450	Lisbon, Verdelha dos Ruivos	K1b1a1
I6467	4450	Lisbon, Verdelha dos Ruivos	K1a4a1
CabecoArruda117B	5050	Lisbon, Torres Vedras, Cabeço da Arruda I	J1c1b
I11600	5050	Lisbon, Torres Vedras, Cabeço da Arruda I	H1e1a
I7691	3900	Évora, São Manços, Monte da Cabida 3	J1c1
I7692	3900	Évora, São Manços, Monte da Cabida 3	U5b1+16189+@16192
I7689	3900	Évora, São Manços, Monte da Cabida 3	H1+16311
CMS001	8067	Moita do Sebastiao	U5b1 + 16189
I7687	2900	Coimbra, Arrifana, Gruta do Medronhal	V
I7688	2900	Coimbra, Arrifana, Gruta do Medronhal	H3ap
I4229	4158	Cova da Moura	U5a2+16362
CovaMoura364	4200	Cova da Moura	H
CovaMoura9B	4200	Cova da Moura	J1c1b
DolmenAnsiao96B	5450	Dolmen de Ansião	K1b1a
I8045	3450	Setúbal, Melides, Casas Velhas	U5b
MonteGato104	3546	Monte do Gato de Cima 3	U5b3
TV32032extra	3550	Torre Velha 3	X2b+226
TV3831	3550	Torre Velha 3	H1+152
ValeOuro10207	3550	Monte do Vale do Ouro 2	U5b1
LD270	4380	Lorga de Din	U8a
LU339	4849	Lorga de Din	H3
LugarCanto41	5950	Lugar do Canto	U5b1
LugarCanto42	5950	Lugar do Canto	H3
LugarCanto44	5950	Lugar do Canto	H1e1a2
I13441	950	Cabo Rojo 11	A2+(64)+@153
I13540	1014	Canas/Collores/Monserrate	B2
I13541	1000	Canas/Collores/Monserrate	A2h
I13539	1315	Collores 	A2e
LOI001	612	Santa Isabel, Los Indios	A2
I13326	1000	Monserrate	A2
PDI006	1081	Vega Baja, Paso del Indio	C1b2
PDI008	672	Vega Baja, Paso del Indio	A2
PDI009	925	Vega Baja, Paso del Indio	A2e
PDI010	862	Vega Baja, Paso del Indio	A2
PDI011	801	Vega Baja, Paso del Indio	C1d1
PDI012013	900	Vega Baja, Paso del Indio	A2 +64
PI-51	862	Puerto Rico, Paso del Indio	A2+64
PDI008	672	Vega Baja, Paso del Indio	A2+16218
PDI003	925	Vega Baja, Paso del Indio	C1d1
PCA001	1367	Humacao, Punta Candelero	A2h
PCA002	1175	Humacao, Punta Candelero	A2a
PCA006	1026	Humacao, Punta Candelero	C1b2
PCA010	1175	Humacao, Punta Candelero	C1b2
PCA009	1132	Humacao, Punta Candelero	A2z
I13323	701	Santa Elena	D1
I13324	850	Santa Elena	A2
I13538	850	Santa Elena	C1b2
TIB001	1333	Ponce, Tibes	D1
TIB002	1068	Ponce, Tibes	C1c
PRBB-2	0	Punjabi	M2a1a 
RAI-11	0	Rajput	M9a1b1 
RAI-12	0	Rajput	U7a3 
RAI-13	0	Rajput	C4a4b 
RAI-15	0	Rajput	U2c1 
RAI-2	0	Rajput	R30b1 
RAI-3	0	Rajput	M3a1 
RAI-4	0	Rajput	HV6 
RAI-5	0	Rajput	M5a 
RAI-8	0	Rajput	F1g 
RAI-9	0	Rajput	U2e1 
RIA-12	0	Riang	M49a 
RIA-14	0	Riang	M3 
RIA-19	0	Riang	A4d 
RIA-20	0	Riang	A4d 
RIA-23	0	Riang	A4d 
RIA-24	0	Riang	M3 
RIA-41	0	Riang	M13a2 
RIA-42	0	Riang	M2a1a1a1 
RIA-45	0	Riang	M3 
RIA-63	0	Riang	M3 
I10494	4914	Ploieşti Triaj	U5a2b
I7152	4462	Târgşoru Vechi	U4a
I10479	3950	CRL Arman	J1c
I10480	3931	CRL Arman	U5a1a1
I10481	3950	CRL Arman	H+152
I10483	3950	CRL Arman	H1
I10558	3958	CRL Arman	H11a2
I10561	3888	CRL Arman	H58
I10562	3950	CRL Arman	K1c1
I10559	3950	CRL Arman	K1c1a
I10482	3950	CRL Arman	n/a (<2x)
I17642	953	Brăiliţa	G3a1'2
I11902	5950	Urziceni	H
I11906	5950	Urziceni	H5n
I14157	5950	Urziceni	H7b1
I14158	5950	Urziceni	J1c
I14159	5950	Urziceni	N1a1a1
I14160	5950	Urziceni	K2a
I14161	5950	Urziceni	T2b
I14162	5950	Urziceni	J1c1
I14163	5950	Urziceni	W1
I14164	5950	Urziceni	T2e
I14165	5950	Urziceni	H+152
I14166	5950	Urziceni	J2b1
I15616	5950	Urziceni	H+152
I15618	5950	Urziceni	T2b
I15619	5950	Urziceni	H7
I15620	5950	Urziceni	H1
I15621	5950	Urziceni	HV0a
I18113	5950	Urziceni	K2b1
I18115	5950	Urziceni	U5a1c
I18116	5950	Urziceni	N1b1a
I20806	5950	Urziceni	K
I20809	5950	Urziceni	HV11
I20810	5950	Urziceni	H
I4088	6191	Urziceni	K2a
I4089	5636	Urziceni	J1c
I7127	6006	Urziceni	U5a2d
I7128	6046	Urziceni	J1c2
I7129	6090	Urziceni	U5a2d
I7130	6078	Urziceni	T2b
I18114	5950	Urziceni	J1c6a
I15617	5950	Urziceni	J1c6a
I15623	6088	Urziceni	J1c2
I18154	5950	Urziceni	H7b
I18117	5950	Urziceni	H7b
I15622	5950	Urziceni	H
GB	5389	Gura Baciului	K1a4a
Cioclovina1	32669	Cioclovina	U
I2532	7614	Cotatcu	K1a2
I2533	7371	Carcea	J1c5
I6661	7506	Carcea	n/a (<2x)
I11912	4250	Glăvăneşti	W3a
I2534	7670	Magura Buduiasca, Teleor 3	K1
I4582	8618	Iron Gates, Ostrovul Corbului	K
I5408	8704	Iron Gates, Ostrovul Corbului	K1+16362
I5411	8600	Iron Gates, Schela Cladovei	U5a1+@16192
I4081	9361	Iron Gates, Ostrovul Corbului	H13
I4607	8927	Iron Gates, Schela Cladovei	U5a2+16362
I4655	8764	Iron Gates, Schela Cladovei	K1+16362
I5436	9025	Iron Gates, Schela Cladovei	U5a2+16362
I5408	8704	Iron Gates, Ostrovul Corbului	K1+16362
M95	8814	Iron Gates, Schela Cladovei	U5b2c
M96	8825	Iron Gates, Schela Cladovei	U5a1c
I6185	3685	Trestiana	U2e1b
I10495	943	Ploieşti Triaj	U5a1
I6186	3508	Trestiana	J1
Muierii2	33646	Muierii 2	U6
I0739	6722	Muntenia, Vasilai, Cilira, Popesti-Vasilati	K1a1
I17835	7700	Cârcea, Viaduct	U3
I6662	6850	Garleti	J1c5
I6663	6850	Garleti	T2
I7126	7162	Urziceni	H
Oase1	38033	Oase Cave	N
PM1	34415	Baia de Fier, Peştera Muierii	U6
I12828	3651	Smeeni	U4c1
I6184	7600	Trestiana	H15a1a1
I10564	4850	Middle Yenisei region, Afanasieva Gora	V1a
I10565	4726	Bateni	T2c1a2
I11112	4850	Krasnoyarsk Krai, Minusinsk Rayon, Podsukhanika II	H15b1
I11752	4650	Inskoy Dol	U4d3
I1829	4879	Altai Mountains, Saldyar-1 cemetery	J2a2a
I2069	5061	Altai Autonomous Republic, Ust-Kanski, Altai Mountains, Kaminnaya Cave	K1b2a
I2071	4940	Altai Mountains, Ust'-Kuyum	H6a1b
I3387	4725	Middle Yenisei region, Afanasieva Gora	J2a2a
I3950	4707	Altai Mountains, Yenisey River, left bank of Karasuk tributary, Karasuk III	U5b2a1a+16311
I3952	4667	Altai Mountains, Yenisey River, left bank of Karasuk tributary, Karasuk III	U5a1a1
I3954	4690	Altai Mountains, Yenisey River, left bank of Karasuk tributary, Karasuk III	U4b3
I5269	4902	Elo 1	T2a1a
I5270	5058	Elo 1	T1a1
I5271	4897	Elo 1	T2a1a
I5272	4861	Elo Bashi	U5a1g1
I5273	4872	Lower Tyumechin 1	T2a1a
I5277	4952	Elo Bashi	U4b3
I5278	4928	Lower Tyumechin 1	U5a1a1
I5279	4891	Lower Tyumechin 1	U4d1
I6711	4750	Middle Yenisei region, Afanasieva Gora	J2a2a
I6713	4450	Middle Yenisei region, Afanasieva Gora	U5a1g2
I6715	4850	Altai Mountains, Yenisey River, left bank of Karasuk tributary, Karasuk III	U4b3
I3388	4650	Altai Mountains, Yenisey River, left bank of Karasuk tributary, Karasuk III	U5a1d2b
RISE511	4757	Bateni	J2a2a
I3951	4711	Altai Mountains, Yenisey River, left bank of Karasuk tributary, Karasuk III	U5b2a1a+16311
I6712	4625	Middle Yenisei region, Afanasieva Gora	T2c1a2
I6714	4479	Altai Mountains, Yenisey River, left bank of Karasuk tributary, Karasuk III	U5a1d2b
I6714	4479	Altai Mountains, Yenisey River, left bank of Karasuk tributary, Karasuk III	U5a1d2b
I6714	4479	Altai Mountains, Yenisey River, left bank of Karasuk tributary, Karasuk III	U5a1d2b
I3949	4569	Altai Mountains, Yenisey River, left bank of Karasuk tributary, Karasuk III	U5a1d2b
I3949	4569	Altai Mountains, Yenisey River, left bank of Karasuk tributary, Karasuk III	U5a1d2b
I3949	4569	Altai Mountains, Yenisey River, left bank of Karasuk tributary, Karasuk III	U5a1d2b
I3388	4650	Altai Mountains, Yenisey River, left bank of Karasuk tributary, Karasuk III	U5a1d2b
I3950	4707	Altai Mountains, Yenisey River, left bank of Karasuk tributary, Karasuk III	U5b2a1a+16311
I10565	4726	Bateni	T2c1a2
I3388	4650	Altai Mountains, Yenisey River, left bank of Karasuk tributary, Karasuk III	U5a1d2b
I3950	4707	Altai Mountains, Yenisey River, left bank of Karasuk tributary, Karasuk III	U5b2a1a+16311
RISE507.508.merge	5052	River Kuyum	U5a1a1
RISE510	4531	Bateni	J2a2a
AfontovaGora3	18036	Afontova Gora	R1b
brn002	6061	Siberian Federal District, Trans-Baikal, Agin-Buryat Autonomous Okrug, Nozhyj Lake burial site-2	D2a'b
brn012	6115	Siberian Federal District, Trans-Baikal, Agin-Buryat Autonomous Okrug, Nozhyj Lake burial site-1	D4b1a2
DA161	1300	Caucasus	X2f
DA146	1300	Caucasus	HV2a1
DA160	1300	Caucasus	U4d3
DA162	1300	Caucasus	H13a2c
DA164	850	Caucasus	H5
DA243	1050	Caucasus	W1
RISE512	3328	Kytmanovo	U2e1
RISE500	3550	Kytmanovo	U4d1
RISE503	3547	Kytmanovo	U2e2
RISE505	3628	Kytmanovo	U4a1b
irk022	4251	Siberian Federal District, Cis-Baikal, Angara River, Ust'-Dolgoe site	D4b1c
irk025	4350	Siberian Federal District, Cis-Baikal, Angara River, Sukhaja Pad' Buret' site	A
irk036	4720	Siberian Federal District, Cis-Baikal, Angara River, Glazkovo site	F1b1b
irk050	4350	Siberian Federal District, Cis-Baikal, Angara River, Anosovo N 1	R1b
irk057	4380	Siberian Federal District, Cis-Baikal, Angara River, Podostrozhnoe N 3	C4
irk051	7922	Siberian Federal District, Cis-Baikal, Angara River, Cyclodrome site	F1b
irk032	613	Siberian Federal District, Cis-Baikal, Angara River, Zarubino site	D6c
irk033	4858	Siberian Federal District, Cis-Baikal, Angara River, Chastaja Padi	C4a
irk034	5525	Siberian Federal District, Cis-Baikal, Angara River, Kirpichnyj Saraj site	D4j 
irk040	5559	Siberian Federal District, Cis-Baikal, Angara River, Gorodische N 1	A
cta016	8264	Siberian Federal District, Trans-Baikal, Argun River, Western Hill, Mt. Bolishaja Kanga, Duroj	G2a1
PES001	12711	Arkhangelsk, Peschanitsa	U4a1
I3427	4270	Okunev Ulus	A8a1
RISE718	4434	Sayan Mountain, Minusinskaya Intermountain Basin, Syda 5	C5c
I3426	4067	Okunev Ulus	H6a
RISE515	4196	Verkhni Askiz	A8a
RISE667	4300	Verkhni Askiz	A8a
RISE670	3959	Verkhni Askiz	A8a
RISE671	4300	Verkhni Askiz	H6a1b
RISE672	4300	Verkhni Askiz	H6a1b
RISE674	4064	Verkhni Askiz	A+152+16362
RISE675	4517	Khakassia, Ust'-Abakan, Uybat V	D4+195
RISE677	4409	Uybat III	A8a1
RISE680	4300	Khakassia, Ust'-Abakan, Uybat V	A+152+16362
RISE681	4300	Khakassia, Ust'-Abakan, Uybat V	A8a1
RISE683	3973	Khakassia, Ust'-Abakan, Uybat V	H15b1
RISE684	4239	Khakassia, Ust'-Abakan, Uybat V	C5c
RISE685	4300	Khakassia, Ust'-Abakan, Uybat V	C5c
RISE719	4300	Sayan Mountain, Minusinskaya Intermountain Basin, Syda 5	C5c
RISE673	4300	Verkhni Askiz	A8a
RISE516	4065	Verkhni Askiz	H6a1b
bla001	1299	Far Eastern Federal District, Amur Oblast, Blagovechensk, Oktyabr'skoe	D4e4a
I1190	6675	Primorsky Krai, Boisman-2	D4e5
I1193	6832	Primorsky Krai, Boisman-2	C5b
I1194	6652	Primorsky Krai, Boisman-2	C5a
I1196	7058	Primorsky Krai, Boisman-2	C5b1
I1198	6872	Primorsky Krai, Boisman-2	D4l2
I1206	6954	Primorsky Krai, Boisman-2	R
I14308	6714	Primorsky Krai, Boisman-2	D4o2a
I14819	5625	Primorsky Krai, Boisman-2	C5a
I3354	7237	Primorsky Krai, Boisman-2	D4
I3355	6821	Primorsky Krai, Boisman-2	C5a
I3356	5605	Primorsky Krai, Boisman-2	C5b1
I1192	6711	Primorsky Krai, Boisman-2	B4d1'2'3
I14307	6725	Primorsky Krai, Boisman-2	D4o2a
I14308	6714	Primorsky Krai, Boisman-2	D4o2a
I1197	6804	Primorsky Krai, Boisman-2	C5a
I14772	5625	Primorsky Krai, Boisman-2	C5a
I14774	5625	Primorsky Krai, Boisman-2	C5a
I14773	5625	Primorsky Krai, Boisman-2	C5a
I14771	5625	Primorsky Krai, Boisman-2	C5a
BOO001	3740	Murmansk, Bolshoy Oleniy Ostrov	U4a1 
BOO002	3725	Murmansk, Bolshoy Oleniy Ostrov	Z1a1a 
BOO003	3725	Murmansk, Bolshoy Oleniy Ostrov	T2d1b1
BOO004	3725	Murmansk, Bolshoy Oleniy Ostrov	C4b
BOO005	3725	Murmansk, Bolshoy Oleniy Ostrov	U5a1d
BOO006	3725	Murmansk, Bolshoy Oleniy Ostrov	D4e4 
PTO001	2932	Buryatia, Pesterevo 82	D4j+(16286)
irk00x	8419	Siberian Federal District, Trans-Baikal, Buryatia, Dzhylinda site	C5c
FNO001	7881	Buryatia, Fofonovo	C4
FNO003	7800	Buryatia, Fofonovo	C
FNO006	7800	Buryatia, Fofonovo	C4a1a3
FNO007	7742	Buryatia, Fofonovo	F1b1+@152
IMA001	2000	Buryatia, Il'movaya Pad	C4a1a+195
IMA003	2062	Buryatia, Il'movaya Pad	D4j5a
IMA004	2000	Buryatia, Il'movaya Pad	G2a+152
IMA005	2051	Buryatia, Il'movaya Pad	D4j5a
IMA006	1949	Buryatia, Il'movaya Pad	A24
IMA007	2000	Buryatia, Il'movaya Pad	A+152+16362
IMA008	2000	Buryatia, Il'movaya Pad	N9a
IMA002	2000	Buryatia, Il'movaya Pad	D4j5a
RK1001	4717	Kuban steppe, Rasshevatskij 1	U5a1d
RK1007	5105	Kuban steppe, Rasshevatskij 1	T2a1
ZO2002	4850	North Caucasus steppe, Zolotarjëvka 2	U5a1+@16192
I2056	6466	Unakozovskaya	R1a
I1722	6408	Unakozovskaya	R1a
I2055	6508	Unakozovskaya	R1a
VEK007	4850	Caspian sea shore, Velikent	U4a2
VEK007	4850	Caspian sea shore, Velikent	U4a2
VEK006	4850	Caspian sea shore, Velikent	U4a2
MK5004	5150	Piedmont, Mar'inskaja 5	T2al
MK5008	5187	Piedmont, Mar'inskaja 5	T1a2
MK5001	5150	Piedmont, Mar'inskaja 5	K1a4
I2051	3275	North Caucasus, Marchenkova Gora	H6a1a
I1720	5300	Baksanyonok	HV17
OSS001	5582	Piedmont, Ossetia	J2a1
I6266	5385	Klady, Dlinnaya Polyana	X2f
I6267	5410	Klady, Dlinnaya Polyana	T2c1a2
I6268	5550	Klady, Dlinnaya Polyana	R1a1
I6272	5040	Klady, Dlinnaya Polyana	U1b1
yak030	2606	Far Eastern Federal District, Yakutia, Central Yakutia, Dyupsya	C4b3
N4a1	4505	Far Eastern Federal District, Yakutia, Central Yakutia, Kyordyughen 2	A12a
N4b2	4200	Far Eastern Federal District, Yakutia, Central Yakutia, Kyordyughen 1	A12a
CHV001	150	Murmansk, Chalmny-Varre	U5b1b1a3
CHV002	150	Murmansk, Chalmny-Varre	V7a1
irk078	3107	Siberian Federal District, Trans-Baikal, Chita Oblast, Okoshki-1	M1
NEO237	7620	Devil's Gate Cave, Dalnegorsk Village, Primorsky Krai	D4
NEO237	7620	Devil's Gate Cave, Dalnegorsk Village, Primorsky Krai	M
NEO237	7620	Devil's Gate Cave, Dalnegorsk Village, Primorsky Krai	D4
NEO236	7650	Devil's Gate Cave	D4
NEO238	7551	Devil's Gate Cave	D4
NEO239	7543	Devil's Gate Cave	D4m
NEO240	7508	Devil's Gate Cave	D4m
NEO235	7659	Devil's Gate Cave	D4m
I3358	769	Roshino-4, Primorsky Krai	D4a1
LS-13	2324	Novo-Muraptalovo-7, Mound 1, burial 2	W3a
MJ-39	2233	Ivanovka-1, Mound 5, burial 3	T1a1
MJ-41	2477	Avlasovo, Mound 3, burial 2	U5b2a1 a2 
MJ-43	2312	Sibai-1, Mound 1, burial 1, skeleton 2	C1e
MJ-56	2436	Perevolochan-2, Mound 4, burial 3	U5b2c 
MJ-40	2254	Manhar-2, Burial 1	U5a2+1 6294 
MJ-42	2604	Nikolaevka II, Mound 1, burial 2	T1a1d 
RISE555	4598	Stalingrad Quarry	N1a1a-T152C
SA6010	4728	Kaspi steppe, Šarachalsun 6	U5a1g
UzOO77_new	7200	Yuzhnyy Oleni Ostrov, Karelia	R1b
NEO241	1949	Ekven	D4b1a2a1
NEO242	1757	Ekven	A2a
NEO243	2209	Ekven	A2a2
NEO250	2142	Ekven	A2b1
NEO253	1721	Ekven	A2b1
I20756	860	Chukotka, Bering Strait, Ekven	A2a
I7331	1045	Chukotka, Bering Strait, Ekven	A2b1
I7332	1070	Ekven, Chukotka, Bering Strait	A2a
I7333	1250	Chukotka, Bering Strait, Ekven	A2a
I7337	1150	Chukotka, Bering Strait, Ekven	A2a2
I7338	610	Chukotka, Bering Strait, Ekven	A2b1
I7339	1085	Chukotka, Bering Strait, Ekven	D4b1a2a1
I7340	1020	Chukotka, Bering Strait, Ekven	A2b1
I7341	1100	Chukotka, Bering Strait, Ekven	A2a1
I7343	860	Chukotka, Bering Strait, Ekven	A2b1
I7344	1080	Chukotka, Bering Strait, Ekven	A2a1
I7346	1145	Ekven, Chukotka, Bering Strait	D4b1a2a1
I7347	725	Chukotka, Bering Strait, Ekven	D4b1a2a1
I7348	1205	Chukotka, Bering Strait, Ekven	A2b1
I7349	1140	Chukotka, Bering Strait, Ekven	A2a
I7621	1355	Chukotka, Bering Strait, Ekven	D4b1a2a1
I7339	1085	Chukotka, Bering Strait, Ekven	D4b1a2a1
I7341	1100	Chukotka, Bering Strait, Ekven	A2a1
I7343	860	Chukotka, Bering Strait, Ekven	A2b1
I7349	1140	Chukotka, Bering Strait, Ekven	A2a
I7342	2062	Chukotka, Bering Strait, Ekven	A2a
I7342	2062	Chukotka, Bering Strait, Ekven	A2a
KOK001	2250	Omsk Oblast, Kokonovka, Kokonovka Burial Ground, mound 3	T2d1b1
KOK003	2250	Omsk Oblast, Kokonovka, Kokonovka Burial Ground, mound 11	J2b1a2a
I0963	6950	Archangelsk, Popovo	U4
RISE504	1126	Kytmanovo	C4a1d
RISE600	2451	Verh-Uimon	K2a5
RISE601	2451	Verh-Uimon	M8a1
RISE602	2451	Sary-Bel	C4+152
I0574	2250	Pokrovka	U2e2a1a2
I0575	2250	Pokrovka	M5a
VII15	1911	Ingria, Kerstovo I, tarand 3, square 118/230 (horizon 3)	U5a2a1
VIII5	1763	Ingria, Malli, eastern tarand, square 84/73 (horizon 2)	T1a1b
VIII7	1813	Ingria, Kerstovo I, tarand 3, square 114/234 (horizon 2)	H2a1a
VIII8	1813	Ingria, Kerstovo I, tarand 2, square 116/234 (horizon above bedrock)	H3h
VIII9	1813	Ingria, Kerstovo I, tarand 2, square 116/236 (horizon 3)	U4a2
I0247	2229	Samara Oblast, Volga River Valley, Volga Steppes, Nadezhdinka	G2a+152
I1202	2850	Pospelovo 1, Primorsky Krai	C5b
I7352	4425	Ivanovo, Mytistcshi	U2e1b
TIM001	4300	Ivanovo, Timofeyevka	K1b1a1+199
TIM002	4300	Ivanovo, Timofeyevka	N1a1a1a2
TIM005	4300	Ivanovo, Timofeyevka	T1a1+@152
TIM009	4300	Ivanovo, Timofeyevka	W6
TIM010	4300	Ivanovo, Timofeyevka	T2a1b1
TIM011	4300	Ivanovo, Timofeyevka	U5b2a1a+16311
MIL001	4494	Ivanovo, Miloslavka	U5b2c
MIL002	4127	Ivanovo, Miloslavka	H
TIM006	4502	Ivanovo, Timofeyevka	W6
TIM008	4502	Ivanovo, Timofeyevka	K1c1
brn003	6550	Siberian Federal District, Trans-Baikal, Kadalinka River, Dvorcy-Dacha burial	D4
RISE240	4705	Sukhaya Termista I	U5a1d1
RISE546	4850	Temrta IV	U5a1d2b
RISE547	4713	Temrta IV	T2a1a
RISE548	4850	Temrta IV	U4
RISE550	4916	Peshany V	U5a1i
RISE552	4382	Ulan V	T2a1a
I3423	2248	Sabinka 2	D4b1a2a2
RISE497	3100	Arban 1	A+152+16362
I3425	3293	Sabinka 2	I4a
RISE493	3423	Sabinka 2	C4a1c
RISE495	3100	Arban 1	D4j1
RISE496	3285	Arban 1	U5a1a2a
RISE499	3100	Bystrovka	H5a1
RISE502	3360	Bystrovka	U5a1d
I0061	8450	Karelia, Yuzhnyy Oleni Ostrov	C1
I0211	8450	Karelia, Yuzhnyy Oleni Ostrov	U4a
I0061	8450	Karelia, Yuzhnyy Oleni Ostrov	C1
I0122	6788	Samara Oblast, Volga River Valley, Khvalynsk II	H2a1
I0433	6561	Samara Oblast, Volga River Valley, Khvalynsk II	U5a1i
I0434	6925	Samara Oblast, Volga River Valley, Khvalynsk II	U4
Kolyma1	9775	Duvanni Yar	G1b
yak023	3735	Far Eastern Federal District, Yakutia, Kolyma River, Kamenka 2	C4b
yak021	3225	Far Eastern Federal District, Yakutia, Kolyma River, Pomazkino site	C4b
yak022	3799	Far Eastern Federal District, Yakutia, Kolyma River, Kamenka 2	C4b
yak024	3500	Far Eastern Federal District, Yakutia, Kolyma River, Kamenka 2	C4b
Kostenki12	32650	Kostenki	U2
Kostenki14	38052	Kostenki	U2
kra001	4170	Siberian Federal District, Krasnoyarsk Krai, Krasnoyarsk Krai, Nefteprovod-2 site	C4b
brn001	7334	Siberian Federal District, Trans-Baikal, Kuenga River, Izvestkovaja-1 site	A
brn008	7379	Siberian Federal District, Trans-Baikal, Kuenga River, Izvestkovaja-1 site	D4
DA354	4591	Kurma XI	D4
DA358	4713	Kurma XI	F1b
DA360	4704	Kurma XI	F1b
irk076	4104	Siberian Federal District, Cis-Baikal, Lake Baikal, Shamanka 2 site	C4a2a1
irk071	5132	Siberian Federal District, Cis-Baikal, Lake Baikal, Mys Uyuga site	D4j 
irk075	5397	Siberian Federal District, Cis-Baikal, Lake Baikal, complex 1, Sokhter site	D4j12
I11133	5126	Sinjucha, Kuban steppe	U4c1
I11132	5164	Sinjucha, Kuban steppe	U4c1
I11131	5164	Sinjucha, Kuban steppe	U4c1
chy001	1829	Orenburg Regio, Southern Urals, Cherniy Yar	H2a1
chy002	1786	Orenburg Regio, Southern Urals, Cherniy Yar	T1a1
tem001	1725	Republic of Bashkortostan, Baymak Distict, Temyaysovo-1 burial ground	U5b2b
tem002	1761	Republic of Bashkortostan, Baymak Distict, Temyaysovo-1 burial ground	D4q
tem003	1698	Republic of Bashkortostan, Baymak Distict, Temyaysovo-1 burial ground	U5b2b
RISE553	2819	Afontova Gora	F1b
RISE554	2878	Afontova Gora	F1b1b
I6047	3234	Priobrazhenka 3	R1b
irk008	3787	Siberian Federal District, Cis-Baikal, Lena River, Silinskij burial site	C4a1a
irk061	4341	Siberian Federal District, Cis-Baikal, Lena River, Zvjozdochka site	D4j1
irk068	4468	Siberian Federal District, Cis-Baikal, Lena River, Shishkino N 1	F1b1b
irk007	8801	Siberian Federal District, Cis-Baikal, Lena River, Popovskij Lug site	F1b
N2a	6762	Far Eastern Federal District, Yakutia, Lena River, Matta lake burial	F1d
yak025	16736	Far Eastern Federal District, Yakutia, Lena River, Khaiyrgas Cave	R1b
N5a	6232	Far Eastern Federal District, Yakutia, Lena River, Onnyos burial	D4b1c
irk017	5132	Siberian Federal District, Cis-Baikal, Lena River, Makarovo site-1	D4j5
irk030	5969	Siberian Federal District, Cis-Baikal, Lena River, Korkino	A10
mak026	4759	Siberian Federal District, Cis-Baikal, Lena River, Makrushyno site	C4
DA340	7023	Lokomotiv	D4
DA341	7577	Lokomotiv	D4j
DA357	7785	Lokomotiv	A+152+16362
DA359	7545	Lokomotiv	D4+195
MA1	24320	Mal'ta	U
I11278	3050	Ol'skaia, shore of Okhotsk Sea	D2a1
I11280	3068	Ol'skaia, shore of Okhotsk Sea	G1b
I0126	4610	Samara Oblast, Volga River Valley, Kutuluk River, Kutuluk III	H6a2
I0371	4678	Samara Oblast, Volga River Valley, Sok River, Grachevka	U2d2
I0374	4350	Samara Oblast, Volga River Valley, Samara River, Nikolaevka III	H13a1a
I0418	3884	Samara Oblast, Volga River Valley, Samara River, Utyevka VI	T1a1
I6294	4709	Samara Oblast, Volga River Valley, Sok River, Grachevka	U5a1g
I8745	4300	Samara Oblast, Volga River Valley, Nikolaevka Kurgan	U4b
I0442	4350	Samara Oblast, Volga River Valley, Bolshoi Irgiz River, Zhuravlikha I	U5a1i
I7671	4729	Samara Oblast, Volga River Valley, Bobrovka	U5a1b
I0432	4695	Samara Oblast, Sok River, Potapovka I	U5a1c
DA142	1000	Caspian steppe	J1c5a1
RISE523	3411	Kapova cave	M12'G
RISE524	3000	Kapova cave	J2b1a
RISE525	3000	Kapova cave	I5c
MJ-44	2213	Chumarovo-1, Mound 10, burial 10	U5b2a1 a1 
I11214	3497	Chumysh-Perekat-1	H7b
I1821	3490	Minusinsk Basin, Potroshilovo II	T1a1
I1828	3484	Minusinsk Basin, Ust-Bir IV	K1a4b
I1851	3463	Minusinsk Basin, Ust-Bir IV	H2b
I1852	3512	Minusinsk Basin, Ust-Bir IV	T2b34
I1853	3484	Minusinsk Basin, Potroshilovo II	H2b
I1856	3540	Minusinsk Basin, Potroshilovo II	K1a+195
I3389	3600	Krasnoyarsk Krai, near Orak Ulus, Orak burial place	H27+16093
I3390	3600	Krasnoyarsk Krai, near Orak Ulus, Orak burial place	U5a2+16294
I3391	3600	Krasnoyarsk Krai, near Orak Ulus, Orak burial place	U5b2c
I3392	3600	Krasnoyarsk Krai, near Orak Ulus, Orak burial place	U2e2a1d
I3394	3600	Krasnoyarsk Krai, near Orak Ulus, Orak burial place	U4a1
I3395	3600	Krasnoyarsk Krai, near Orak Ulus, Orak burial place	T1a1
I3396	3600	Krasnoyarsk Krai, near Orak Ulus, Orak burial place	T2b34
I6716	3571	Krasnoyarsk Krai, near Orak Ulus, Orak burial place	W1c
I6718	3493	Krasnoyarsk Krai, near Orak Ulus, Orak burial place	U4a
I3393	3600	Krasnoyarsk Krai, near Orak Ulus, Orak burial place	U5b2b
I6717	3391	Krasnoyarsk Krai, near Orak Ulus, Orak burial place	T1a1
I7670	3958	Samara Oblast, Volga River Valley, Sok River, Grachevka	J1c1b1a
I6048	3573	Priobrazhenka 3	H2a2a
I0937	3825	Kamennyi Ambar 5 Cemetery	U5a1b1f
I0938	3825	Kamennyi Ambar 5 Cemetery	H2a1a
I0939	3825	Kamennyi Ambar 5 Cemetery	T2e2
I0942	3825	Kamennyi Ambar 5 Cemetery	H2b
I0943	3825	Kamennyi Ambar 5 Cemetery	J1b1a1
I0982	3825	Kamennyi Ambar 5 Cemetery	J2b1d
I0984	3870	Kamennyi Ambar 5 Cemetery	T2e2
I0986	3825	Kamennyi Ambar 5 Cemetery	H1b
I0989	3825	Kamennyi Ambar 5 Cemetery	H1b
I1003	3825	Kamennyi Ambar 5 Cemetery	U4b1a1a1
I1006	3825	Kamennyi Ambar 5 Cemetery	U5a1c
I1008	3825	Kamennyi Ambar 5 Cemetery	T1a1
I1011	3825	Kamennyi Ambar 5 Cemetery	U5a2+16294
I1013	3825	Kamennyi Ambar 5 Cemetery	K1a+195
I1018	3825	Kamennyi Ambar 5 Cemetery	T2e2
I1019	3825	Kamennyi Ambar 5 Cemetery	W1c
I1022	3825	Kamennyi Ambar 5 Cemetery	U5a1a2a
I1024	3825	Kamennyi Ambar 5 Cemetery	H2b
I1027	3833	Kamennyi Ambar 5 Cemetery	T1a1
I1029	3830	Kamennyi Ambar 5 Cemetery	J1c5a
I1053	3785	Kamennyi Ambar 5 Cemetery	H2b
I1055	3825	Kamennyi Ambar 5 Cemetery	U2e1h
I1060	3825	Kamennyi Ambar 5 Cemetery	T2b34
I1061	3825	Kamennyi Ambar 5 Cemetery	H5a1
I1062	3825	Kamennyi Ambar 5 Cemetery	K1a+195
I1063	3825	Kamennyi Ambar 5 Cemetery	U4a
I1064	3739	Kamennyi Ambar 5 Cemetery	H6a1a
I1065	3825	Kamennyi Ambar 5 Cemetery	H6a1a
I1082	3825	Kamennyi Ambar 5 Cemetery	U5b2a1a2
I1084	3825	Kamennyi Ambar 5 Cemetery	U2e2a
I1086	3825	Kamennyi Ambar 5 Cemetery	T1a1
I1088	3825	Kamennyi Ambar 5 Cemetery	J1c2m
I1089	3825	Kamennyi Ambar 5 Cemetery	U5b2a1a2
I1090	3825	Kamennyi Ambar 5 Cemetery	T1a1
I7480	3825	Kamennyi Ambar 5 Cemetery	K2a5b
I0940	3825	Kamennyi Ambar 5 Cemetery	U2e1h
I0985	3825	Kamennyi Ambar 5 Cemetery	U2e2a
I1054	3765	Kamennyi Ambar 5 Cemetery	H2b
I1010	3825	Kamennyi Ambar 5 Cemetery	T1a1
I0980	3825	Kamennyi Ambar 5 Cemetery	H13a1a
I0983	3825	Kamennyi Ambar 5 Cemetery	J1b1a3
I1007	3825	Kamennyi Ambar 5 Cemetery	U2e1'2'3
I1017	3787	Kamennyi Ambar 5 Cemetery	H6b1
I1020	3841	Kamennyi Ambar 5 Cemetery	J2b1d
I1057	3814	Kamennyi Ambar 5 Cemetery	U5a1i1
I1058	3769	Kamennyi Ambar 5 Cemetery	U5a1i1
I1056	3750	Kamennyi Ambar 5 Cemetery	U5a1i1
I1028	3704	Kamennyi Ambar 5 Cemetery	U2e1'2
I1012	3825	Kamennyi Ambar 5 Cemetery	U2e1h
RISE386	4147	Bulanovo	J1c1b1a
RISE392	3943	Stepnoe VII Cemetery	J2b1a2a
RISE394	3803	Bulanovo	U2e1e
RISE395	3815	Bol'shekaraganskii	U2e1h
I7351	4624	Moscow, Ivanovogorsky	U4a1b
RDT002	4364	Moscow, Nikolo-Perevoz	T2b
HAN002	4605	Moscow, Khanevo	U5a1a1
HAN004	4511	Moscow, Khanevo	H6a1a
GW1001	4718	Piedmont, Gorjačevodskij 1	U2e1b
I1723	4696	Goryachevadskiy	U5b2
LYG001	4670	Piedmont, Lysogarskaya	H13a1a2
MK5009	4705	Piedmont, Mar'inskaja 5	R1a1a
PG2002	4361	Piedmont, Progress 2	U1a1a3
RK1003	4764	Kuban steppe, Rasshevatskij 1	R1a1a
KBD001	4030	North Caucasus mountains, Kabardinka	I4a
KDC001	3838	Piedmont/mountains, Kudachurt	X2i
KDC002	3750	Piedmont/mountains, Kudachurt	HV1a1
KBD002	4035	North Caucasus mountains, Kabardinka	W1+119
I0944	3820	Stepnoe VII Cemetery	W5a
I0945	3900	Stepnoe VII Cemetery	U5a1i1
I0946	3886	Stepnoe VII Cemetery	n/a (<2x)
Popovo2	8200	Popovo, Archangelsk	U4d
I0246	4138	Samara Oblast, Volga River Valley, Samara River, Utyevka VI	C1
I0244	4154	Samara Oblast, Volga River Valley, Sok River, Grachevka	U2e1a1
I0419	4000	Samara Oblast, Volga River Valley, Samara River, Utyevka VI	U2e1h
DA188	1107	Caspian steppe	I
DA189	1150	Caspian steppe	J1b4
DA190	1263	Caspian steppe	U1a1c1
I0357	4942	Samara Oblast, Volga River Valley, Sok River, Lopatino I	W6c
I0370	4850	Samara Oblast, Volga River Valley, Eastern Orenburg, Pre-Ural steppe, Ishkinovka I	H13a1a1
I0429	5074	Samara Oblast, Volga River Valley, Sok River, Lopatino I	T2c1a2
I0438	4785	Samara Oblast, Volga River Valley, Samara River, Luzkhi I	U5a1a1
I0439	5021	Samara Oblast, Volga River Valley, Sok River, Lopatino I	U5a1a1
I0441	4752	Samara Oblast, Volga River Valley, Buzuluk, Kurmanaevka III	H2b
I0443	5084	Samara Oblast, Volga River Valley, Sok River, Lopatino II	W3a1a
I0444	5003	Samara Oblast, Volga River Valley, Kutuluk River, Kutuluk	H6a1b
I7489	5047	Samara Oblast, Volga River Valley, Samara River, Utyevka V	H2a1e
I0124	7544	Samara Oblast, Volga River Valley, Sok River, Lebyazhinka	U5a1d
BGD001	2051	Bashkortostan, Zianchurinsky District, Bogdanovka #228/1	H2a1
BGD002	2051	Bashkortostan, Zianchurinsky District, Bogdanovka #228/2	K2a5
BGD004	2051	Bashkortostan, Zianchurinsky District, Bogdanovka #228/4	H5b
BIY001	2307	Western Siberia, Bitiya Burial Ground, Bitiya#228/12, mound 1	H7e
BIY002	2150	Western Siberia, Bitiya Burial Ground, Bitiya#228/14, mound 1	R1b1
BIY003	2230	Western Siberia, Bitiya Burial Ground, Bitiya#228/15, mound 1	G2a1
BIY005	2150	Western Siberia, Bitiya Burial Ground, Bitiya#228/20, mound 3	D4j
BIY007	2150	Western Siberia, Bitiya Burial Ground, Bitiya#228/23, mound 4	U4b1b1
BIY008	2150	Western Siberia, Bitiya Burial Ground, Bitiya#228/24, mound 4	U4d2
BIY009	2150	Western Siberia, Bitiya Burial Ground, Bitiya#228/25, mound 4	N1a1a1a1a
BIY010	2150	Western Siberia, Bitiya Burial Ground, Bitiya#228/26, mound 4	H2a1
BIY011	2150	Western Siberia, Bitiya Burial Ground, Bitiya#228/27, mound 4	U4a1
BIY012	2260	Western Siberia, Bitiya Burial Ground, Bitiya#228/31, mound 4	U5a1a2a
SHD001	2300	Kurgan, Shadrinsky District, Shadrinsk Burial Ground, mound 3	H1
SMV001	2295	Kurgan, Ketovsky District, Shmakovo Village, Shmakovo Burial Ground, mound 1	U4b1b1
SMV002	2250	Kurgan, Ketovsky District, Shmakovo Village, Shmakovo Burial Ground, mound 2	T2d1b2
VOR001a	2250	Kurgan, Shadrinsky District, Vorobievo I, mound 2	U4d2
BIY006	2150	Western Siberia, Bitiya Burial Ground, Bitiya#228/21, mound 3	D4j
SHD002	2300	Kurgan, Shadrinsky District, Shadrinsk Burial Ground, mound 6	H101
DA134	2300	Caspian steppe	I1
DA136	2300	Caspian steppe	A+152+16362
DA139	2300	Caspian steppe	U2e1h
DA141	2300	Caspian steppe	A+152+16362
DA143	2300	Caspian steppe	U4b1a4
DA144	2300	Caspian steppe	H28
DA145	2300	Caspian steppe	U2e1h
MJ-38	2016	Zolka, Mound 4, burial 30	W
DA334	4129	Shamanka II	C4a2a1
DA335	4200	Shamanka II	F1b1b
DA336	4200	Shamanka II	C4a2a1
DA337	4328	Shamanka II	C4a1a3
DA339	4040	Shamanka II	G2a1
DA338	4200	Shamanka II	C4a2a1
DA245	7944	Shamanka II	G2a1
DA246	7723	Shamanka II	D4e1
DA247	7689	Shamanka II	C4
DA248	7646	Shamanka II	C4
DA249	7840	Shamanka II	C4
DA250	7377	Shamanka II	G2a1
DA251	7299	Shamanka II	D4j
DA252	7317	Shamanka II	G2a1
DA253	7240	Shamanka II	F1b1+@152
DA362	7230	Shamanka II	D4e1
ANG001	7274	Siberia, Angara river, Angara	Z+152
GLZ001	4556	Siberia, Irkutsk city, Glazkovskoe predmestie	C4
GLZ002	4430	Siberia, Irkutsk city, Glazkovskoe predmestie	C4a1a+195
GLZ003	4478	Siberia, Irkutsk city, Glazkovskoe predmestie	R1b1
KAG002	3748	Siberia, Lena river, Kachug	F1b1b
KPT001	3759	Siberia, Upper Lena river, Khaptsagai	C4a1a3
KPT002	3931	Siberia, Upper Lena river, Khaptsagai	C4
KPT003	3945	Siberia, Upper Lena river, Khaptsagai	C4a1a3
KPT004	3773	Siberia, Upper Lena river, Khaptsagai	A+152+16362+16189
KPT006	3614	Siberia, Upper Lena river, Khaptsagai	C4a2a1
STB001	4604	Siberia, Lower Lena river, Zhigalovo	C4
STB002	6587	Siberia, Lower Lena river, Stepno-Baltaiskii ulus	G2a1
ZPL001	3951	Siberia, Upper Lena river, Zapleskino	A+152+16362+16189
ZPL002	4168	Siberia, Upper Lena river, Zapleskino	F1b1b
KPT002	3931	Siberia, Upper Lena river, Khaptsagai	C4
KPT005	4034	Siberia, Upper Lena river, Khaptsagai	D4j
IUO001	6905	Siberia, Lena river, Iushino	F1b1+@152
KAG001	6856	Siberia, Lena river, Kachug	A8a
BZK002	4709	Siberia, Yenisei river, Bazaikha	A+152+16362
I8743	11321	Sidelkino	U5a2
I5766	6049	Siberia, Sosnoviy Ostrov	U5a2b1
I0232	3475	Samara Oblast, Volga River Valley, Tatarstan oblast, forest-steppe zone, Novosel'ki	U5a1f2
I0234	3675	Samara Oblast, Volga River Valley, Samara Steppes, Rozhdestveno I	I1a1
I0235	3675	Samara Oblast, Volga River Valley, Samara Steppes, Rozhdestveno I	K1b2a
I0358	3719	Samara Oblast, Volga River Valley, Samara River, Spiridonovka IV	H6a1a
I0359	3475	Samara Oblast, Volga River Valley, Samara River, Spiridonovka IV	U5a2a1
I0361	3475	Samara Oblast, Volga River Valley, Samara River, Spiridonovka IV	H5b
I0422	3475	Samara Oblast, Volga River Valley, Samara River, Barinovka I	T1a1
I0423	3475	Samara Oblast, Volga River Valley, Samara River, Barinovka I	J2b1a2a
I0424	3675	Samara Oblast, Volga River Valley, Samara River, Uvarovka I	T2b4+152
I0430	3675	Samara Oblast, Volga River Valley, Samara River, Spiridonovka II	H3g
I0431	3675	Samara Oblast, Volga River Valley, Samara River, Spiridonovka II	H2b
I0360	3800	Samara Oblast, Volga River Valley, Samara River, Spiridonovka IV	U5a1
I0421	3675	Samara Oblast, Volga River Valley, Samara River, Spiridonovka II	H3g
kzb005	3734	Republic of Bashkorstan, Near Usmanovo village, Kazburun 1	HV0a
kzb004	3661	Republic of Bashkorstan, Near Usmanovo village, Kazburun 1	U5b2a2
kzb001	3590	Republic of Bashkorstan, Near Usmanovo village, Kazburun 1	U4b1a1a1
kzb002	3704	Republic of Bashkorstan, Near Usmanovo village, Kazburun 1	J1c3a
kzb003	3653	Republic of Bashkorstan, Near Usmanovo village, Kazburun 1	H
kzb006	3648	Republic of Bashkorstan, Near Usmanovo village, Kazburun 1	U2e2a1a2
kzb007	3672	Republic of Bashkorstan, Near Usmanovo village, Kazburun 1	U5a1
kzb008	3754	Republic of Bashkorstan, Near Usmanovo village, Kazburun 1	HV0a
kzb009	3640	Republic of Bashkorstan, Near Usmanovo village, Kazburun 1	U4b1a1a1
mur001	3590	Republic of Bashkorstan, Near Usmanovo Village, Muradym 8	H2a1
mur002	3533	Republic of Bashkorstan, Near Usmanovo Village, Muradym 8	K1a4b
mur003	3721	Republic of Bashkorstan, Near Usmanovo Village, Muradym 8	T2a1
mur004	3755	Republic of Bashkorstan, Near Usmanovo Village, Muradym 8	J1c5e
I0354	3791	Samara Oblast, Volga River Valley, Samara River, Spiridonovka IV	U5a1
I0233	3475	Samara Oblast, Volga River Valley, Tatarstan oblast, forest-steppe zone, Novosel'ki	U5a1i
MK3003	4477	Piedmont, Mar'inskaja 3	U4a2
RK4001	4238	Kuban steppe, Rasshevatskij 4	U5a1i
RK4002	4510	Kuban steppe, Rasshevatskij 4	U4d3
SA6003	4318	Kaspi steppe, Šarachalsun 6	U2e3a
PG2001	6850	Piedmont, Progress 2	I3a
PG2004	6088	Piedmont, Progress 2	H2
VJ1001	6230	Piedmont, Vonjucka 1	T2a1b
NV3001	3945	North Caucasus steppe, Nevinnommiskij 3	R1b
AY2003	5452	Kaspi steppe, Aygurskij 2	H2a1
SA6001	5397	Kaspi steppe, Šarachalsun 6	U7b
SA6004	5159	Kaspi steppe, Šarachalsun 6	U7b
IV3002	5201	North Caucasus steppe, Ipatovo 3	X1'2'3
SA6013	5167	Kaspi steppe, Šarachalsun 6	I5b
AY2001	5397	Kaspi steppe, Aygurskij 2	T2e
Sunghir6	813	Sunghir	W3a1
Sunghir1	33209	Sunghir	U8c
Sunghir2	34629	Sunghir	U2
Sunghir3	34517	Sunghir	U2
Sunghir4	34323	Sunghir	U2
DA2	2817	Siberia, Tungus & Eastern Steppe	N1a1a1a1
DA3	2850	Siberia, Tungus & Eastern Steppe	N9a9
DA4	2850	Siberia, Tungus & Eastern Steppe	H5a1+152
DA5	2850	Siberia, Tungus & Eastern Steppe	W1c
DA6	2850	Siberia, Tungus & Eastern Steppe	U2e2
DA7	2850	Siberia, Tungus & Eastern Steppe	A8a1
DA8	2850	Siberia, Tungus & Eastern Steppe	U2e1h
DA9	2850	Siberia, Tungus & Eastern Steppe	F1b1b
I0576	2750	Arzan	H15b1
I0577	2750	Arzan	A8a
BOL001	4478	Tver, Bolshnevo 3	H1b
BOL002	4306	Tver, Bolshnevo 3	J1c1b1a1
BOL003	4414	Tver, Bolshnevo 3	H41a
I1960	8116	Siberia, western, Tyumen Oblast	U2e3
I1958	6606	Siberia, western, Tyumen Oblast	U
NEO233	1744	Uelen	D4b1a2a1
NEO234	2818	Uelen	A2a
I1524	905	Uelen Chukotka, Bering Strait	A2a
I7757	875	Uelen Chukotka, Bering Strait	D4b1a2a1
I8294	795	Uelen Chukotka, Bering Strait	A2a2
Ust_Ishim	44366	Ust'-Ishim, Siberia	R*
Ust_Ishim	44366	Ust'-Ishim, Siberia	R*
I1526	4779	Baikal Region, Angara river basin, Mouth of the Belaya River	C4a1a3
I7335	4465	Baikal Region, Angara river basin, Mouth of the Belaya River	C4a1a3
I7336	6255	Baikal Region, Angara river basin, Mouth of the Belaya River	C4
I7759	7035	Baikal Region, Angara river basin, Mouth of the Belaya River	F1d
I7779	4750	Baikal Region, Angara river basin, Mouth of the Belaya River	C4a2a1
I7780	4615	Baikal Region, Angara river basin, Mouth of the Belaya River	C4a1a3
I7782	4630	Baikal Region, Angara river basin, Mouth of the Belaya River	D4j1
I7760	5820	Baikal Region, Angara river basin, Mouth of the Belaya River	C4a'b'c
I7782	4630	Baikal Region, Angara river basin, Mouth of the Belaya River	D4j1
I7781	615	Baikal Region, Angara river basin, Mouth of the Belaya River	C4a'b'c
I8295	4500	Baikal Region, Angara river basin, Mouth of the Belaya River	C4a'b'c
NEO229	6577	Baikal Region, Angara river basin, Mouth of the Belaya River	D4b1a2
I8296	4665	Baikal Region, Angara river basin, Mouth of the Belaya River	F1b1b
I8298	5690	Baikal Region, Angara river basin, Mouth of the Belaya River	R1b1
I8296	4665	Baikal Region, Angara river basin, Mouth of the Belaya River	F1b1b
NEO232	4812	Baikal Region, Angara river basin, Mouth of the Belaya River	C4a1a3
NEO230	4875	Baikal Region, Angara river basin, Mouth of the Belaya River	C4
NEO299	605	Baikal Region, Angara river basin, Mouth of the Belaya River	D4j6
DA343	4819	Ust'-Ida	D4j4
DA353	4285	Ust'-Ida	A+152+16362+16189
DA356	4277	Ust'-Ida	C4a1a3
DA361	4130	Ust'-Ida	C4a1a3
DA342	5617	Ust'-Ida	R1b1
DA344	5595	Ust'-Ida	A+152+16362
DA345	5454	Ust'-Ida	D4j
DA355	5469	Ust'-Ida	A2
VK161	850	Kurevanikha	T2b
VK252	950	Gnezdovo	H26a1
VK253	950	Gnezdovo	V13
VK160	850	Kurevanikha	C4a1a+195
VK18	900	Ladoga	H1b1
VK21	900	Ladoga	H5a1
VK413	950	Gnezdovo	U5b1+16189+@16192
VK466	950	Gnezdovo	H6a1a4
VK222	950	Gnezdovo	H63
VK14	900	Ladoga	J1c1a
VK15	900	Ladoga	J1b1a1
VK158	950	Pskov	N1b1a
VK159	950	Pskov	U2e2a1d
VK16	900	Ladoga	X2b4
VK17	900	Ladoga	U5a2a1b
VK19	900	Ladoga	J1c
VK20	900	Ladoga	H6c
VK218	900	Ladoga	H5
VK219	950	Ladoga	T2b6a
VK22	900	Ladoga	T2b
VK220	900	Ladoga	J2b1a
VK221	1050	Ladoga	K1d
VK223	950	Gnezdovo	H13a1a1c
VK224	950	Gnezdovo	H7a1
VK23	900	Ladoga	U4a1a
VK254	950	Gnezdovo	HV0a1
VK255	950	Gnezdovo	U4c1
VK272	950	Gnezdovo	K1b2b
VK273	950	Gnezdovo	U5a2a1b1
VK408	900	Ladoga	H74
VK409	900	Ladoga	H3h
VK410	850	Ladoga	X2b+226
VK470	950	Gnezdovo	HV0
KAR001	8321	Vologda, Karavaikha 1	T2a1b1
Yana_young	761	Yana River	D4o2a
Yana1	31850	Yana RHS	U2'3'4'7'8'9
Yana2	31850	Yana RHS	U2'3'4'7'8'9
I1490	4552	Volosovo-Danilovo, Central European Russian Forest-Steppe, Yaroslavl, Nikultsino	T2a1a
I7353	4646	Volosovo-Danilovo, Central European Russian Forest-Steppe, Yaroslavl, Nikultsino	J1c1b1a1
I7354	4540	Volosovo-Danilovo, Central European Russian Forest-Steppe, Yaroslavl, Nikultsino	U5a1b
I7356	4608	Volosovo-Danilovo, Central European Russian Forest-Steppe, Yaroslavl, Nikultsino	W1c
I7357	4508	Volosovo-Danilovo, Central European Russian Forest-Steppe, Yaroslavl, Nikultsino	H5b
I7662	4383	Volosovo-Danilovo, Central European Russian Forest-Steppe, Yaroslavl	J1c1b1a
I7865	4500	Volosovo-Danilovo, Central European Russian Forest-Steppe, Yaroslavl, Nikultsino	U
VOR001	4500	Yaroslavl, Voronkovo	I1a1
VOR002	4500	Yaroslavl, Voronkovo	H2a1
GOL001	4441	Yaroslavl, Goluzinovo	T2b
HAL001	4504	Yaroslavl, Khaldeevo	N1a1a1a2
NAU001	4526	Yaroslavl, Naumovskoye	T2a1b1a
NAU002	4516	Yaroslavl, Naumovskoye	U5b2a1a2
NIK002	4637	Yaroslavl, Nikultsino	U5a1a1
NIK003	4430	Yaroslavl, Nikultsino	H15a1
VOR003	4465	Yaroslavl, Voronkovo	H6a1a
VOR004	4698	Yaroslavl, Voronkovo	W6
VOR005	4481	Yaroslavl, Voronkovo	K2a5b
BER001	6283	Yaroslavl, Berendeyevo	K1+16362
I5367	4312	Scotland, Coll, Sorisdale	V10
I5385	4230	Scotland, Wick, Achavanich	H5
I2567	4018	Scotland, Dryburn Bridge	U4a1
I2569	3978	Scotland, Eweford Cottages	K1a3a
I2981	3711	Scotland, Orkney, Lop Ness, Stenchme	T2a1b1a
I3132	3927	Scotland, Covesea Cave 2	T2a1b1a
I5515	3882	Scotland, Fife, cist3, Dunfermline, Aberdour Road	H3+16311
I5516	3641	Scotland, Doune, Perth and Kinross	T2a1b1a1b
I16448	4175	Scotland, East Lothian, Innerwick, Thurston Mains	K1b1a1
I2413	3936	Scotland, East Lothian, Innerwick, Thurston Mains	H1a
I5469	3517	Scotland, City of Edinburgh, Merrilees Close, Leith	H5'36
I2568	4113	Scotland, Dryburn Bridge	U5a1b1g
I5471	4063	Scotland, East Lothian, Innerwick, Thurston Mains	H1c3a
I5471	4063	Scotland, East Lothian, Innerwick, Thurston Mains	H1c3a
I2569	3978	Scotland, Eweford Cottages	K1a3a
I5470	3477	Scotland, City of Edinburgh, Merrilees Close, Leith	H15a1
I5473	4200	Scotland, South Lanarkshire, cist 1, Thankerton, Boatbridge Quarry	n/a (<2x)
I16412	3989	Scotland, Stirling, Coneypark Cairn (Cist 1)	n/a (<2x)
I16498	2495	Scotland, East Lothian, Broxmouth	H2a1
I2692	2436	Scotland, East Lothian, Broxmouth	H2a1
I16504	1916	Scotland, East Lothian, Broxmouth	H1as
I2859	2810	Scotland, Covesea Caves	K1a2c
I2860	2824	Scotland, Covesea Cave 2	H5a1
I2861	2843	Scotland, Covesea Cave 2	I2a1
I3130	2844	Scotland, Covesea Caves	U5a1c
I16413	1920	Scotland, East Lothian, North Berwick, Law Road	H6a1a8
I16418	1955	Scotland, East Lothian, North Berwick, Law Road	U5a1d2a
I16495	2055	Scotland, East Lothian, North Berwick, Law Road	H6a1a8
I2693	2060	Scotland, East Lothian, Broxmouth	H3+152
I2699	2000	Scotland, South Uist, Hornish Point	HV
I27384	1945	Scotland, West Lothian, House of Binns	H2a2a1g
I27385	1916	Scotland, West Lothian, House of Binns	T2b19
I2799	2002	Scotland, Orkney, Howe of Howe	H1
I2824	1908	Scotland, Isle of Harris, Northton	H13a1a
I3566	2031	Scotland, Highland, Applecross	H13a1a
I3567	2037	Scotland, Highland, Applecross	J1c3b
I3568	1912	Scotland, Highland, Applecross	H7a1
I5474	1971	Scotland, Scottish Borders, Cumledge (Auchencraw Park)	K1a26
I2573	3361	Scotland, Longniddry, Evergreen	H3+16311
I2653	3224	Scotland, Longniddry, Evergreen	H2a1a
I2654	3287	Scotland, Longniddry, Evergreen	U5b3
I2655	3311	Scotland, Pabbay Mor	H6a1b2
I2656	3081	Scotland, Longniddry, Grainfoot	H2a2a
I2656	3081	Scotland, Longniddry, Grainfoot	n/a (<2x)
bal004	5186	Scotland, Ross and Cromarty, Balintore	H1
lai001	5178	Scotland, Orkney, Knowe of Lairo	U5b2
mid001	5173	Scotland, Orkney, Rousay, Midhowe	K1a+195
mid002	5410	Scotland, Orkney, Rousay, Midhowe	H5+16311
I3065	6290	Scotland, Argyll and Bute, Oronsay, Cnoc Coig	V / HV
I3065	6290	Scotland, Argyll and Bute, Oronsay, Cnoc Coig	H
I3065	6290	Scotland, Argyll and Bute, Oronsay, Cnoc Coig	V / HV
I2982	2250	Scotland, Orkney, Bu	H7a1
I2983	2257	Scotland, Orkney, Bu	U2e2a1c
I16422	2208	Scotland, East Lothian, Broxmouth	H3+152
I16499	2069	Scotland, East Lothian, North Berwick, Law Road	I2a
I2694	2202	Scotland, East Lothian, Broxmouth	H1ak1
I2695	2208	Scotland, East Lothian, Broxmouth	H2a1
I2696	2165	Scotland, East Lothian, Broxmouth	U5a2b4a
I16416	2110	Scotland, East Lothian, Broxmouth	H3+152
I16503	2120	Scotland, East Lothian, Broxmouth	H1ak1
I19286	5130	Scotland, Highland, Embo	J1c1
I2629	4800	Scotland, Orkney, Isbister	n/a (<2x)
I2630	4471	Scotland, Orkney, Isbister	K1a4
I2631	4957	Scotland, Orkney, Quoyness	H5
I2633	5639	Scotland, Tulloch of Assery	T2e1
I2634	5567	Scotland, Tulach an t'Sionnach	U2+152
I2635	5523	Scotland, Tulloch of Assery	U5b1+16189+@16192
I2636	5397	Scotland, Orkney, Holm of Papa Westray North	V
I2637	5375	Scotland, Orkney, Holm of Papa Westray North	K1b1a1
I2650	5380	Scotland, Orkney, Holm of Papa Westray North	T2c1d1
I2651	5160	Scotland, Orkney, Holm of Papa Westray North	K1a1b1
I2657	5814	Scotland, Argyll and Bute, Oban, Macarthur Cave	W1+119
I2659	5637	Scotland, Distillery Cave	H1c
I2796	5571	Scotland, Orkney, Point of Cott	H3
I2932	4433	Scotland, Orkney, Isbister	H5
I2933	4877	Scotland, Orkney, Isbister	J1c9
I2934	5138	Scotland, Orkney, Isbister	U5a2c3
I2935	5115	Scotland, Orkney, Isbister	U8b1b
I2977	4843	Scotland, Orkney, Isbister	H1
I2978	5140	Scotland, Orkney, Isbister	K1b1a1
I2979	5104	Scotland, Orkney, Isbister	K1a+195
I2980	5173	Scotland, Orkney, Point of Cott	H1
I2988	5397	Scotland, Clachaig	U5b2a+@16192
I3085	5149	Scotland, Orkney, Isbister	K1a+195
I3133	5446	Scotland, Argyll and Bute, Oban, Raschoille Cave	K1a+195
I3134	5461	Scotland, Argyll and Bute, Oban, Raschoille Cave	T2
I3136	5397	Scotland, Argyll and Bute, Oban, Raschoille Cave	H1+16189
I3137	5350	Scotland, Argyll and Bute, Oban, Raschoille Cave	HV0+195
I3138	4998	Scotland, Argyll and Bute, Oban, Raschoille Cave	K1a4a1
I5370	5600	Scotland, Oban, Raschoille	K1a+195
I5371	5600	Scotland, Oban, Raschoille	H4a1a2a
I6764	5100	Scotland, Sutherland, Embo	K1a1b1
I6766	5100	Scotland, Sutherland, Embo	H
I7554	5182	Scotland, Orkney, Unstan Chamber Tomb	J1c9
I2658	5800	Scotland, Argyll and Bute, Oban, Macarthur Cave	W1+119
I12312	5624	Scotland, Argyll and Bute, Isle of Ulva, Ulva Cave	K1a+195
I12314	5551	Scotland, Argyll and Bute, Oban, Carding Mill Bay II	T2b
I3041	5440	Scotland, Argyll and Bute, Oban, Raschoille Cave	K1a3a
I3135	5517	Scotland, Argyll and Bute, Oban, Raschoille Cave	U5b2a+@16192
I3139	5350	Scotland, Argyll and Bute, Oban, Raschoille Cave	H45
I3041	5440	Scotland, Argyll and Bute, Oban, Raschoille Cave	K1a3
I3139	5350	Scotland, Argyll and Bute, Oban, Raschoille Cave	H45
I3041	5440	Scotland, Argyll and Bute, Oban, Raschoille Cave	K1a3
I12317	5448	Scotland, Argyll and Bute, Oban, Carding Mill Bay II	H5
I2660	5394	Scotland, Distillery Cave	U5a2+16294
I2691	5613	Scotland, Distillery Cave	J1c1
I12313	5475	Scotland, Argyll and Bute, Oban, Carding Mill Bay II	T2b
I2629	4800	Scotland, Orkney, Isbister	n/a (<2x)
I2796	5571	Scotland, Orkney, Point of Cott	H3
I3137	5350	Scotland, Argyll and Bute, Oban, Raschoille Cave	HV0+195
I5370	5600	Scotland, Oban, Raschoille	K1a
I5371	5600	Scotland, Oban, Raschoille	H2
I6764	5100	Scotland, Sutherland, Embo	K1a1b
I6766	5100	Scotland, Sutherland, Embo	H
VK206	1000	Scotland, Orkney, Newark Deerness	J2b1a
I2800	1460	Scotland, Orkney, Buckquoy Birsay	H3k1a
VK205	1020	Scotland, Orkney, Newark Deerness	H3
I2984	1000	Scotland, Orkney, Buckquoy Birsay	H1ai1
VK203	1589	Scotland, Orkney, Brough Road Birsay	H4a1a1a1a1
VK204	1000	Scotland, Orkney, Newark Deerness	H1m
VK207	930	Scotland, Orkney, Brough Road Birsay	U4b1b1
VK208	1112	Scotland, Orkney, Brough Road Birsay	J1b1a1
I17912	3900	Ostojicevo	V2
I17913	3900	Ostojicevo	H4a1a
I23209	3900	North Banat, Čoka, Ostojicevo	K1a1a
I23210	3900	North Banat, Čoka, Ostojicevo	J2b1a1
I23211	3900	North Banat, Čoka, Ostojicevo	U5a1a1
I16813	3966	Ostojicevo	R1a1a
I17914	6125	Podlokanj	K1a
I17915	6125	Podlokanj	H4a1
I11446	4942	Vojlovica-Humka	U4a
I0633	7424	Vojvodina, Hrtkovci, Gomolova	H+16311
I0634	6560	Vojvodina, Hrtkovci, Gomolova	K1a4
I1131	6482	Vojvodina, Hrtkovci, Gomolova	H
I4918	7600	Saraorci-Jezava	K1a4a1
I5243	4306	Padina	I3a
I4660	9713	Vlasac	U8b1b
I4870	8740	Vlasac	K1
I4871	9750	Vlasac	U5b2a1a+16311
I4872	9750	Vlasac	U5a1c
I4873	7867	Vlasac	U5a2+16294
I4874	8499	Vlasac	U5b2a
I4875	8458	Vlasac	U5b1d1
I4876	8455	Vlasac	U5a2d
I4877	8505	Vlasac	U5b1d1
I4878	7803	Vlasac	U4a
I4880	7813	Vlasac	U4b1b1
I4915	8115	Hajduka Vodenica	U5b2b
I4916	8763	Hajduka Vodenica	U5b2b
I4917	8058	Hajduka Vodenica	U5a1c
I5233	8001	Padina	U5b1d1
I5234	9500	Padina	U4a
I5235	10835	Padina	U5b2c
I5236	10038	Padina	U5a2d
I5237	9500	Padina	U5a2+16294
I5238	9993	Padina	K1
I5239	10333	Padina	U5a2d
I5240	10805	Padina	U5a1c
I5242	10530	Padina	U5a1
I5244	10785	Padina	K
I5401	8838	Hajduka Vodenica	U5a1+@16192
I5402	8156	Hajduka Vodenica	U5a1c1
I5407	8000	Lepenski Vir	H13
I5771	9750	Vlasac	U5a1+@16192
I5772	9750	Vlasac	U5a2+16294
I4882	7825	Vlasac	U4b1b1
I5241	11198	Padina	U5a2+16294
I5232	7901	Padina	K1a+195
I5409	9500	Padina	U5a1c
I4657	11465	Vlasac	K1
I4881	8869	Vlasac	U4b1b1
I4914	8088	Hajduka Vodenica	U5a1c1
I5773	10040	Vlasac	U4a
I5405	7684	Lepenski Vir	H+16311
I4665	8006	Lepenski Vir	J2b1d
I4666	8017	Lepenski Vir	H40
I16814	2903	Ostojicevo	H1e
Vim2b	1400	Viminacium-Više Grobalja	H7 
I16803	3894	North Banat District, Kikinda, Mokrin Necropolis	H
I23205	3900	North Banat, Kikinda, Mokrin	U3a1
I23206	3900	North Banat, Kikinda, Mokrin	H+152
I23207	3900	North Banat, Kikinda, Mokrin	H6a1b2
I23208	3900	North Banat, Kikinda, Mokrin	U5a1d2a
I23212	3900	North Banat, Kikinda, Mokrin	U5a1b1
I17916	3900	North Banat District, Kikinda, Mokrin Necropolis	H+16311
I11717	2525	Komárno, Chotín IA	H1n6
I11719	2576	Komárno, Chotín IA	J1c2
I11721	2525	Komárno, Chotín IA	K1c2
I11722	2525	Komárno, Chotín IA	U5a1b1
I12097	2525	Komárno, Chotín IA	HV10
I12098	2525	Komárno, Chotín IA	U5a1a1
I12099	2525	Komárno, Chotín IA	W+194
I12102	2525	Komárno, Chotín IA	J1c15
I12103	2525	Komárno, Chotín IA	K1a2c
I12104	2525	Komárno, Chotín IA	T2b
I12105	2525	Komárno, Chotín IA	H1
I12106	2614	Komárno, Chotín IA	N1b1a5
I12107	2525	Komárno, Chotín IA	H34
I12110	2525	Komárno, Chotín IA	J1c12
I14465	2525	Komárno, Chotín IA	U5a2b1b
I14467	2525	Komárno, Chotín IA	K1a4g
I14468	2525	Komárno, Chotín IA	H+152
I5287	2525	Komárno, Chotín IA	K1a1b2b
I5288	2525	Komárno, Chotín IA	W+194
I14464	2525	Komárno, Chotín IA	n/a (<2x)
I11710	1967	Bratislava, Hlavné námestie 7, Kutscherfeld Palace	H5f
I11712	2011	Bratislava, Bratislava Castle	HV0a
I11713	2046	Bratislava, Bratislava Castle	V18a
I11715	2046	Bratislava, Bratislava Castle	V
I11716	2051	Bratislava, Panská 19-21, Pálffy Palace	H55+153
DA119	1600	..	U4b3
I22937	2446	Grofove njive	U4a1
I22938	2425	Zagorje ob Savi	U5b1b1+@16192
I22940	2425	Zagorje ob Savi	H18
I23978	2459	Zagorje ob Savi	H49
I5689	2540	Grofove njive	K1b1
I5690	2574	Grofove njive	T1a1
I5691	2605	Novo mesto, Kapiteljska njive	I1a
I5692	2693	Ljubljana, Kongresni trg	U5a1a1
I5693	2674	Ljubljana, Kongresni trg	H2a2a1
I5698	2593	Zagorje ob Savi	H3
I5697	2799	Obrežje	H7a1
I23974	2600	Obrežje	T2b
I5695	3296	Obrežje	N1a1a1
I5696	2272	Obrežje	H4a1c1a
MAI002	467	Malaita	B4a1a1a
UCT473	1183	Kasteelberg	L0d1a1a
baa001	1888	Ballito Bay A	L0d2c1
UCT386	1910	Faraoskop Rock Shelter	L0d1b2b1b
doo001	2039	Doonside	L0d2
bab001	2037	Ballito Bay B	L0d2a1
KhoesanLeipzigHunter	2245	St. Helena	L0d2c1
cha001	355	Champagne Castle	L0d2a1a
ela001	491	Eland Cave	L3e3b1
mfo001	390	Mfongosi	L3e1b2
new001	435	Newcastle	L3e2b1a2
ALM035	3725	Murcia, Pliego, La Almoloya	K1a+195
ALM047	3725	Murcia, Pliego, La Almoloya	H6a1b
ALM053	3600	Murcia, Pliego, La Almoloya	H1
ALM056	3725	Murcia, Pliego, La Almoloya	K1a
ALM062	3825	Murcia, Pliego, La Almoloya	H1j
ALM069	3600	Murcia, Pliego, La Almoloya	H1q1
ALM070	3600	Murcia, Pliego, La Almoloya	K1a1b1
ALM071	3825	Murcia, Pliego, La Almoloya	K1a1b1
ALM075	3825	Murcia, Pliego, La Almoloya	U5b1e
ALM084	3600	Murcia, Pliego, La Almoloya	K2a
ALM088	3600	Murcia, Pliego, La Almoloya	V
ALM073	3770	Murcia, Pliego, La Almoloya	H1j
ALM060	3713	Murcia, Pliego, La Almoloya	U5a1+@16192
ALM001	3821	Murcia, Pliego, La Almoloya	X2b+226
ALM002	3800	Murcia, Pliego, La Almoloya	K1b1a1c
ALM004	3825	Murcia, Pliego, La Almoloya	U5a1
ALM006	3780	Murcia, Pliego, La Almoloya	H
ALM007	3825	Murcia, Pliego, La Almoloya	H1
ALM008	3825	Murcia, Pliego, La Almoloya	V
ALM014	3825	Murcia, Pliego, La Almoloya	U5b1+16189
ALM015	3773	Murcia, Pliego, La Almoloya	K1a4a1
ALM016	3803	Murcia, Pliego, La Almoloya	H1+16189
ALM017	3752	Murcia, Pliego, La Almoloya	T2b21
ALM018	3825	Murcia, Pliego, La Almoloya	R0a
ALM019	3946	Murcia, Pliego, La Almoloya	K1b1a1c
ALM020	3825	Murcia, Pliego, La Almoloya	K1a3a
ALM021	3825	Murcia, Pliego, La Almoloya	U5b3
ALM024	3825	Murcia, Pliego, La Almoloya	J1c1
ALM025	3825	Murcia, Pliego, La Almoloya	H3
ALM026	3825	Murcia, Pliego, La Almoloya	K1a1b1
ALM027	3825	Murcia, Pliego, La Almoloya	K1a3a
ALM028	3825	Murcia, Pliego, La Almoloya	K1a+195
ALM040	3842	Murcia, Pliego, La Almoloya	U5b2b3a
ALM041	3814	Murcia, Pliego, La Almoloya	H1e1a
ALM042	3825	Murcia, Pliego, La Almoloya	H4a1a
ALM043	3754	Murcia, Pliego, La Almoloya	H1
ALM044	3775	Murcia, Pliego, La Almoloya	H3
ALM046	3763	Murcia, Pliego, La Almoloya	T2+16189
ALM048	3825	Murcia, Pliego, La Almoloya	K1a
ALM049	3825	Murcia, Pliego, La Almoloya	H1
ALM050	3825	Murcia, Pliego, La Almoloya	H3
ALM034	3822	Murcia, Pliego, La Almoloya	K1a+195
ALM003	3825	Murcia, Pliego, La Almoloya	X2b+226
ALM029	3825	Murcia, Pliego, La Almoloya	H1bd
ALM032	3600	Murcia, Pliego, La Almoloya	T2b3+151
ALM036	3825	Murcia, Pliego, La Almoloya	U5b3
ALM039	3580	Murcia, Pliego, La Almoloya	J1c2
ALM051	3825	Murcia, Pliego, La Almoloya	V
ALM055	3825	Murcia, Pliego, La Almoloya	K1a4a1e
ALM057	3696	Murcia, Pliego, La Almoloya	H1
ALM063	3600	Murcia, Pliego, La Almoloya	K1a+195
ALM064	3825	Murcia, Pliego, La Almoloya	H1cf
ALM067	3600	Murcia, Pliego, La Almoloya	U5b1f1a
ALM068	3600	Murcia, Pliego, La Almoloya	K1a4b
ALM076	3825	Murcia, Pliego, La Almoloya	H1+16189
ALM078	3600	Murcia, Pliego, La Almoloya	K1a
ALM081	3825	Murcia, Pliego, La Almoloya	U5b3
ALM086	3788	Murcia, Pliego, La Almoloya	U5b1f1
ALM087	3825	Murcia, Pliego, La Almoloya	X2
I1304	3598	Murcia, La Almoloya, El Argar	H1
ALM080	3600	Murcia, Pliego, La Almoloya	U5b3
ALM031	3600	Murcia, Pliego, La Almoloya	J2b1a
ALM030	3825	Murcia, Pliego, La Almoloya	H1
ALM058	3825	Murcia, Pliego, La Almoloya	U5b1f1
ALM077	3825	Murcia, Pliego, La Almoloya	K1a4b
ALM052	3765	Murcia, Pliego, La Almoloya	K1a4a1
EFA006	3050	Balearic Islands, Menorca, Ciutadella, Es Forat de ses Aritges	K1a4a1
EFA008	3050	Balearic Islands, Menorca, Ciutadella, Es Forat de ses Aritges	H10b
EFA009	3050	Balearic Islands, Menorca, Ciutadella, Es Forat de ses Aritges	J2b1a
EFA010	3050	Balearic Islands, Menorca, Ciutadella, Es Forat de ses Aritges	K1a
EFA011	3050	Balearic Islands, Menorca, Ciutadella, Es Forat de ses Aritges	U5b2a
EFA007	3050	Balearic Islands, Menorca, Ciutadella, Es Forat de ses Aritges	U5a2+16362
ATP9	3628	El Portalon Cave, Sierra de Atapuerca	U5b1b
COV20126	3632	Lucena, Covacha del Angel	L2a1
esp005	3400	La Rioja, Cueva de los Lagos	K1a
pir001	3725	Andalusia, Priego de Córdoba	K1a13
BAS003	3914	Murcia, Totana, La Bastida	H1
BAS022	3600	Murcia, Totana, La Bastida	K1a+195
BAS023	3961	Murcia, Totana, La Bastida	U5b2b3
BAS024	4029	Murcia, Totana, La Bastida	K1a+195
BAS025	3981	Murcia, Totana, La Bastida	H105a
BAS027	3825	Murcia, Totana, La Bastida	V3a
BAS002	3515	Murcia, Totana, La Bastida	H1e1a
BAS018	3670	Murcia, Totana, La Bastida	U5b1
BAS026	3825	Murcia, Totana, La Bastida	H3
BAS017	3685	Murcia, Totana, La Bastida	U5b1
I4246	4209	Madrid, San Fernando de Henares, Camino de las Yeseras	M1a1b1
I0257	4439	Barcelona, Cerdanyola, Paris Street	H1ax
I0258	4500	Barcelona, Cerdanyola, Paris Street	H1q
I0260	4500	Barcelona, Cerdanyola, Paris Street	K1a2a
I0261	4500	Barcelona, Cerdanyola, Paris Street	U5b1i
I0262	4500	Barcelona, Cerdanyola, Paris Street	U5b3
I0263	4500	Barcelona, Cerdanyola, Paris Street	X2b+226
I0455	4737	Murcia, Caravaca, Camino del Molino	H1
I0456	4500	Murcia, Caravaca, Camino del Molino	U5b2a1a
I0457	4500	Murcia, Caravaca, Camino del Molino	J1c1
I0459	4350	Burgos, Arroyal I	U5b2b
I0460	4287	Burgos, Arroyal I	H45
I0823	4500	Barcelona, Cerdanyola, Paris Street	H1
I0825	4346	Barcelona, Cerdanyola, Paris Street	K1a4a1
I0826	4522	Barcelona, Cerdanyola, Paris Street	H1t
I1271	4550	Burgos, Atapuerca, El Mirador Cave	K1a+195
I1272	4595	Burgos, Atapuerca, El Mirador Cave	K1b1a
I1276	4550	Burgos, Atapuerca, El Mirador Cave	H3c3
I1277	4403	Burgos, Atapuerca, El Mirador Cave	H3
I1280	4550	Burgos, Atapuerca, El Mirador Cave	J1c1
I1281	4653	Burgos, Atapuerca, El Mirador Cave	H1t
I1282	4550	Burgos, Atapuerca, El Mirador Cave	H3
I1284	4550	Burgos, Atapuerca, El Mirador Cave	H3
I1300	4550	Burgos, Atapuerca, El Mirador Cave	K1a2a
I1303	4550	Burgos, Atapuerca, El Mirador Cave	U3a1
I1314	4550	Burgos, Atapuerca, El Mirador Cave	J2a1a1
I1553	4500	Barcelona, Cerdanyola, Paris Street	H+152
I1838	5126	Basque Country, Alava, Las Yurdinas II	J1c3
I1842	4850	Basque Country, Araba/Álava, Peñacerrada-Urizaharra, Las Yurdinas II	H1e1a
I1843	4904	Basque Country, Alava, Alto de la Huesera	U5b1+16189+@16192
I1845	4825	Basque Country, Araba/Álava, Laguardia, Alto de la Huesera	K1a2c
I1846	4825	Basque Country, Araba/Álava, Laguardia, Alto de la Huesera	T2b3+151
I1975	4927	Basque Country, Alava, La Chabola de la Hechicera	J1c
I1976	4427	Basque Country, Araba/Álava, Laguardia, El Sotillo	H3
I1978	4825	Basque Country, Araba/Álava, Laguardia, Alto de la Huesera	K1a4a1
I1981	4891	Basque Country, Alava, Alto de la Huesera	J1c1
I2467	4327	Basque Country, Alava, El Sotillo	X2
I2473	4811	Basque Country, Araba/Álava, Laguardia, El Sotillo	H3
I3269	4850	Basque Country, Alava, Las Yurdinas II	U5b2b3a
I3270	4850	Basque Country, Alava, Las Yurdinas II	J2a1a1
I3271	4850	Basque Country, Alava, Las Yurdinas II	K1a4a1
I3272	4959	Basque Country, Alava, La Chabola de la Hechicera	X2b+226
I3277	4950	Basque Country, Alava, Alto de la Huesera	U5b2b
I4245	4316	Madrid, San Fernando de Henares, Camino de las Yeseras	L1b1a
I4247	4302	Madrid, San Fernando de Henares, Camino de las Yeseras	T2b3
I4565	4915	Tarragona, Galls Carboners	H5
I5838	4550	Burgos, Atapuerca, El Mirador Cave	K1a+195
I6475	4200	La Magdalena	U5b3
I6543	4100	Madrid, San Fernando de Henares, Camino de las Yeseras	H1
I6584	4200	Madrid, Humanejos	H4a1a+195
I6587	4200	Madrid, Humanejos	K1a1b1
I6604	3947	Madrid, San Fernando de Henares, Camino de las Yeseras	U5b1c
I6609	4100	Madrid, San Fernando de Henares, Camino de las Yeseras	U5b1e
I6612	4100	Madrid, San Fernando de Henares, Camino de las Yeseras	J1c3
I6617	4550	Madrid, Humanejos	H1
I6622	4100	Madrid, San Fernando de Henares, Camino de las Yeseras	U5b1i
I6628	4550	Madrid, Humanejos	H1
I6629	4550	Madrid, Humanejos	T2b
I6630	4550	Madrid, Humanejos	J2a1a1
I7587	4650	Andalusia, Córdoba, Lucena, Sima del Ángel	T2b3
I8048	4050	Granada, Arenas del Rey	U5b1
I8131	4459	Valencian Community, València/Valencia, La Vital, Gandia	J2b1
I8141	4050	Granada, Arenas del Rey	K1a1b1
I8148	4650	Andalusia, Córdoba, Lucena, Sima del Ángel	T2b3+151
I8149	4650	Andalusia, Córdoba, Lucena, Sima del Ángel	T
I8150	4650	Andalusia, Córdoba, Lucena, Sima del Ángel	J1c3
I8153	4650	Andalusia, Córdoba, Lucena, Sima del Ángel	J2b1a1
I8154	4650	Andalusia, Córdoba, Lucena, Sima del Ángel	U5b1
I8156	4650	Andalusia, Córdoba, Lucena, Sima del Ángel	K1a4a1
I8158	4650	Andalusia, Córdoba, Lucena, Sima del Ángel	H1ah
I8197	4650	Andalusia, Córdoba, Lucena, Sima del Ángel	H4a1
I8198	4650	Andalusia, Córdoba, Lucena, Sima del Ángel	J2b1a
I8199	4650	Andalusia, Córdoba, Lucena, Sima del Ángel	U5b1+16189+@16192
I8364	4588	Andalusia, Córdoba, Lucena, Sima del Ángel	J2b1a2a
I8365	4588	Andalusia, Córdoba, Lucena, Sima del Ángel	H
I8566	5100	Valencian Community, València/Valencia, La Font de la Figuera, Cova de Sant Gomengo	J2b1a
I8569	4692	Valencian Community, Castelló/Castellón, Alcalá de Xivert, Cova dels Diablets	H1ah
I1274	4550	Burgos, Atapuerca, El Mirador Cave	H3
I7588	4650	Andalusia, Córdoba, Lucena, Sima del Ángel	J1c1b
I0458	4270	Burgos, Arroyal I	K1a1b1
I1302	4550	Burgos, Atapuerca, El Mirador Cave	J2b1a3
I6585	4181	Madrid, Humanejos	K1a4a1
I6605	4335	Madrid, San Fernando de Henares, Camino de las Yeseras	H1t
I6610	3803	Madrid, San Fernando de Henares, Camino de las Yeseras	K1a+195
I6613	4100	Madrid, San Fernando de Henares, Camino de las Yeseras	U5b1
I6626	4100	Madrid, San Fernando de Henares, Camino de las Yeseras	H1
I8132	4450	Valencian Community, València/Valencia, La Vital, Gandia	H1aq
atp002	4746	Atapuerca, El Portalón	U5b3
EHU001	4121	Castilla y León, Burgos, Monasterio de Rodilla, El Hundido	U5a1b1
EHU002	4367	Castilla y León, Burgos, Monasterio de Rodilla, El Hundido	K1a4a1
I0461	4241	Burgos, Arroyal I	K1a1b1
I0462	4405	Burgos, Arroyal I	K1a+195
I3238	4300	Asturias, Soto de las Regueras, Cueva de la Paloma	H3+152
I3239	4300	Asturias, Soto de las Regueras, Cueva de la Paloma	U5b1d2
I3243	4300	Asturias, Soto de las Regueras, Cueva de la Paloma	U5a1a2b
I5665	4077	Ciempozuelos, Burgos, Virgazal	K1a24a
I6472	4200	La Magdalena	HV0b
I6539	4200	Madrid, Humanejos	T2b3+151
I6588	4200	Madrid, Humanejos	U5b2b3
I6623	4100	Madrid, San Fernando de Henares, Camino de las Yeseras	U5b1f1a
I6471	4200	La Magdalena	U5b1c1
I0581	4746	Burgos, Atapuerca, El Mirador Cave	X2b
I3276	4955	Basque Country, Alava, Alto de la Huesera	V
I6542	4100	Madrid, San Fernando de Henares, Camino de las Yeseras	U5b1i
I6596	4550	Madrid, Humanejos	H3
I6608	3840	Madrid, San Fernando de Henares, Camino de las Yeseras	J1c1
I8140	3895	Granada, Monachil	n/a (<2x)
I6589	4200	Madrid, Humanejos	K1a1b1
I8155	4650	Andalusia, Córdoba, Lucena, Sima del Ángel	H4a1a
I8157	4650	Andalusia, Córdoba, Lucena, Sima del Ángel	HV0+195
atp016	4971	Atapuerca, El Portalón	X2c2
atp12-1420	4868	Atapuerca, El Portalón	H3c
ATP17	4849	El Portalon Cave, Sierra de Atapuerca	H3
ATP20	4138	El Portalon Cave, Sierra de Atapuerca	U5a1c
ATP3	5397	El Portalon Cave, Sierra de Atapuerca	K1a2b
ATP7	5122	El Portalon Cave, Sierra de Atapuerca	J1c1b1
por002	5111	Atapuerca, El Portalón	K1a2b
por004	4955	Atapuerca, El Portalón	K1a
I7672	1153	Barcelona, Roda de Ter, L'Esquerda	T2h
I7673	1153	Barcelona, Roda de Ter, L'Esquerda	W1+119
I7674	1153	Barcelona, Roda de Ter, L'Esquerda	H42
I7675	1153	Barcelona, Roda de Ter, L'Esquerda	U3a1
I7676	1153	Barcelona, Roda de Ter, L'Esquerda	U5a1c
I12809	3775	Ciudad Real, Terrinches, Castillejo del Bonete	H1j
I12855	3775	Ciudad Real, Terrinches, Castillejo del Bonete	K1a+195
I1310	3650	Barcelona, Sabadell, Can Roquetes	U5b1c
I1312	3650	Barcelona, Sabadell, Can Roquetes	HV0+195
I1313	3650	Barcelona, Sabadell, Can Roquetes	V+@16298
I1836	3527	Sitges, Barcelona, Cova del Gegant	U
I1840	3475	Basque Country, Araba/Álava, Laguardia, El Sotillo	H3ap
I1977	3475	Basque Country, Araba/Álava, Laguardia, El Sotillo	U5b1+16189+@16192
I1982	3558	Ondarre	X2
I23569	4037	Cantabria, La Fragua cave	X2b4a
I2471	3500	Basque Country, Araba/Álava, Laguardia, El Sotillo	K1b1a
I3484	4074	Ciudad Real, Terrinches, Castillejo del Bonete	J1c1
I3485	4050	Ciudad Real, Terrinches, Castillejo del Bonete	K1a4a1
I3486	3575	Valencian Community, Alacant/Alicante, Villena, Cabezo Redondo	H1q
I3487	3603	Valencian Community, Alacant/Alicante, Villena, Cabezo Redondo	H1e1a
I3488	3575	Valencian Community, Alacant/Alicante, Villena, Cabezo Redondo	HV0+195
I3490	3450	Burgos, La Horra	HV0b
I3491	3450	Castilla y León, Valladolid, Fuente la Mora	T2b
I3492	3450	Salamanca, Aldeaseca de la Frontera, Tordillos	U5b1+16189
I3494	3781	Valencian Community, València/Valencia, La Font de la Figuera, Coveta del Frare	J1c1b
I3756	3860	Ciudad Real, Terrinches, Castillejo del Bonete	H1
I3997	3642	Valencia, Paterna, Lloma de Betxí	K1a2b
I4559	3550	Tarragona, Galls Carboners	J1c1
I4560	3550	Tarragona, Galls Carboners	K1a3a
I4561	3550	Tarragona, Galls Carboners	H84
I4562	3614	Tarragona, Galls Carboners	H1
I6470	3609	Castilla y León, Ciempozuelos, Burgos, Tablada de Rudrón, Virgazal	J1c1
I6618	3735	Madrid, Humanejos	U5b3
I8136	3426	Granada, Orce	K1b1a1
I8144	3680	Granada, Orce	U5b3f
VAD001	3641	La Rioja, Hervías, Valdescusa	U5b1
VAD002	3650	La Rioja, Hervías, Valdescusa	J2b1a2
VAD003	3650	La Rioja, Hervías, Valdescusa	HV0
VAD004	3650	La Rioja, Hervías, Valdescusa	J1c3
VAD005	3590	La Rioja, Hervías, Valdescusa	J2b1a2
I4558	3550	Tarragona, Galls Carboners	K1a3a
I4563	3550	Tarragona, Galls Carboners	H84
I7162	3760	Andalusia, Cádiz, Chiclana de la Frontera, Loma del Puerco	T2e
I1311	3650	Barcelona, Sabadell, Can Roquetes	J2b1a
I4329	4333	Balearic Islands, Mallorca, Cova des Moro	J2b1a
I12171	2608	Andalusia, Sevilla, Alcalá del Río, La Angorrilla	J1c1b
ElMiron	18775	El Miron	U5b
CHA001_merged	7127	Cueva de Chaves	HV0 + 195
CHA002	7127	Cueva de Chaves	K1a2a
CHA003	7075	Cueva de Chaves	K1a3a
CHA004	6420	Cueva de Chaves	U4a2f
FUC003	7019	Fuente Celada	X2b + 226
I0409	7210	Els Trocs	J1c3
I0410	7106	Els Trocs	T2c1d+152
I0412	7177	Els Trocs	N1a1a1
I0413	7143	Els Trocs	V
I1972	6703	Burgos, El Prado de Pancorbo	K1a4a1
I2199	7069	Burgos, El Prado de Pancorbo	H1
TOR.7	6900	El Toro	T2b3
I0411	7107	Els Trocs	K1a2a
TOR.11	6896	El Toro	K1a2a
atp005	7069	Atapuerca, El Portalón	J2b1a
CB13	7345	Cova Bonica, Vallirana, Barcelona	K1a2a
mur	7127	Andalusia, Murciélagos de Zuheros	J1c1b1
TOR.6	6900	El Toro	T2b3
TOR.8	6900	El Toro	K1a1
I4420	3748	Balearic Islands, Formentera, Cova 127	H5
I8215	2526	Girona, Empuries, necropolis Centre de Visitants	HV11
I8209	2554	Girona, Empuries, necropolis Centre de Visitants	U1a1a
I8210	2375	Girona, Empuries, necropolis Centre de Visitants	U5b3
I8211	2425	Girona, Empuries, necropolis Centre de Visitants	HV0+195
I8212	2375	Girona, Empuries, necropolis Centre de Visitants	H27+16093
I8214	2375	Girona, Empuries, necropolis Centre de Visitants	H3+152
I8340	2375	Girona, Empuries, necropolis Centre de Visitants	K1a+195
I8341	2375	Girona, Empuries, necropolis Centre de Visitants	H1
I8344	2400	Girona, Empuries, necropolis Centre de Visitants	H3
I8213	2400	Girona, Empuries, necropolis Centre de Visitants	K2a
I8205	2150	Girona, Empuries, necropolis Centre de Visitants	H14a2c
I8208	2226	Girona, Empuries, necropolis Centre de Visitants	H33
I8203	2150	Girona, Empuries, necropolis Centre de Visitants	H13a1a1
I8206	2103	Girona, Empuries, necropolis Centre de Visitants	H7a1
I8204	2179	Girona, Empuries, necropolis Centre de Visitants	H1e
I0585	7811	Leon, La Brana-Arintero	U5b2c1
I3209	7815	Valencian Community, Castelló/Castellón, Ares del Maestre, Cingle del Mas Nou	U5b1d1
I0843	7858	Castilla y León, León, La Brana-Arintero	U5b2c1
I8130	7957	Valencian Community, València/Valencia, Dos Aguas, Cueva de la Cocina	U5b2b
I10899	24450	Andalusia, Piñar, Granada, Cueva de la Carigüela	U5b1
I10899	24450	Andalusia, Piñar, Granada, Cueva de la Carigüela	U5b1
I0585	7811	Leon, La Brana-Arintero	U5b2c1
Canes	7089	Canes	U5a2a
Chan	9109	Chan do Lindeiro	U5b
I12410	2375	Catalonia, Barcelona, Pacs del Penedès, Mas d'en Boixos-1	H
I12640	2550	Barcelona, Can Roqueta-Can Revella	H1t
I12641	2599	Barcelona, Can Roqueta-Can Revella	HV0d
I12877	2400	Barcelona, Pacs del Penedès, Mas d'en Boixos-1	J1c1
I12878	2360	Barcelona, Pacs del Penedès, Mas d'en Boixos-1	H3
I12879	2429	Barcelona, Castellví de la Marca, Hort d'en Grimau	HV0+195
I19722	2347	Girona, Pontós, Mas Castellar	H4a1
I3320	2150	Valencian Community, Castelló/Castellón, Vilafamés, Els Estrets de la Rata	I1
I3321	2150	Valencian Community, Castelló/Castellón, Vilafamés, Els Estrets de la Rata	U3a1
I3322	2500	Valencian Community, Castelló/Castellón, Vinaròs, Puig de la Misericordia	H1t
I3323	2226	Girona, Ullastret, Puig de Sant Andreu	X2b
I3327	2175	Girona, Ullastret, Puig de Sant Andreu	J2b1a
I4556	2550	Catalonia, Barcelona, Avinyonet del Penedés, Font de la Canya	K1a12a
I3758	2226	Basque Country, Araba/Álava, Laguardia, La Hoya	U5b1+16189+@16192
I3759	2222	Basque Country, Araba/Álava, Laguardia, La Hoya	H1
I3757	2300	Basque Country, Araba/Álava, Laguardia, La Hoya	J1c1
I12642	2443	Barcelona, Can Roqueta II	H
I12643	2553	Barcelona, Can Roqueta II	J2a1a1c
I3324	2223	Girona, Ullastret, Puig de Sant Andreu	H1
I3326	2175	Girona, Ullastret, Puig de Sant Andreu	J1c
I3321	2150	Valencian Community, Castelló/Castellón, Vilafamés, Els Estrets de la Rata	U3a1
I3496	2200	Barcelona, Cerdanyola, Can Olivé	H1
I12561	2550	Sevilla, Alcalá del Río, La Angorrilla	H1
I12560	2550	Sevilla, Alcalá del Río, La Angorrilla	H4a1
I12173	2550	Andalusia, Sevilla, Alcalá del Río, La Angorrilla	T2b23
I12514	854	Valencian Community, Castelló/Castellón, Betxí, Palau Castell de Betxí	HV0+195
I12515	750	Valencian Community, Castelló/Castellón, Betxí, Palau Castell de Betxí	H3
I12516	937	Valencian Community, Castelló/Castellón, Vinaròs, Plaza Parroquial	U5b2b2
I12644	750	Valencia, Carrer Sagunto 49	U4a2
I12645	750	Valencia, Carrer Sagunto 49	U5b1f1a
I12647	750	Valencia, Carrer Sagunto 49	H1ak1
I12648	750	Valencia, Carrer Sagunto 49	H1
I12649	750	Valencia, Carrer Sagunto 49	H13a1a
I7457	750	Granada, Alhama de Granada, Casa Cuartel Guardia Civil	H3+152
I7458	750	Granada, Alhama de Granada, Casa Cuartel Guardia Civil	H3ap
I7500	950	Granada, Motril, Torrenueva, El Maraute	M1b1a
I12646	750	Valencia, Carrer Sagunto 49	K2b1a1
I7427	1000	Granada, Calle Panaderos 21-23	H1+16189
I12650	750	Valencia, Carrer Sagunto 49	H1e1a
I7497	900	Granada, Huéscar, Cueva Romero	H20a
I7498	900	Granada, Huéscar, Cueva Romero	H3a1
I7499	900	Granada, Huéscar, Cueva Romero	H5
LHO002	3500	Alicante, Aspe, La Horna	K1a+195
LHO001	3461	Alicante, Aspe, La Horna	K1a+195
I20740	3100	Asturias, El Espinoso cave	H1j
I2469	2826	Basque Country, Araba/Álava, Laguardia, El Sotillo	H3an
I20736	3100	Asturias, El Espinoso cave	H1j
I20735	3100	Asturias, El Espinoso cave	H1j
I8570	3100	Castellón, Cabanes, Túmulo Mortorum	J1c3
I8571	3350	Valencian Community, Castelló/Castellón, Cabanes, Túmulo Mortorum	K1a2c
I19987	2025	Palencia, Monte Bernorio	H1e1a6
I19989	2050	Palencia, Monte Bernorio	H1e1a6
I19990	2036	Palencia, Monte Bernorio	U5b1g
I19991	2050	Palencia, Monte Bernorio	U5b1g
c40331	5630	Andalusia, Cueva de los Cuarenta	HV0a
san216	5657	Basque country, San Quílez	X2b
I12208	3250	Castilla y León, Valladolid, San Román de Hornija, La Requejada	K1a1b1
I12209	3250	Castilla y León, Valladolid, San Román de Hornija, La Requejada	H1ah
I2470	3275	Basque Country, Alava, El Sotillo	J2a1a1
I2472	3428	Basque Country, Araba/Álava, Laguardia, El Sotillo	K1a+195
I3493	3301	Salamanca, Aldeaseca de la Frontera, Tordillos	H1
I4420	3748	Balearic Islands, Formentera, Cova 127	H5
I2470	3275	Basque Country, Alava, El Sotillo	J2a1a1
I10892	950	Catalonia, Girona, Sant Julià de Ramis	H1e1a3
I10895	1038	Catalonia, Girona, Sant Julià de Ramis	H1ap1
I10851	1006	Catalonia, Girona, Sant Julià de Ramis	H3
I10852	908	Catalonia, Girona, Sant Julià de Ramis	H6c
I10853	876	Catalonia, Girona, Sant Julià de Ramis	U4a1
I10897	828	Catalonia, Girona, Sant Julià de Ramis	I1c
I10854	908	Catalonia, Girona, Sant Julià de Ramis	H1n+146
I3315	2809	Balearic Islands, Menorca, Naveta des Tudons	U5b1+16189+@16192
I3315	2809	Balearic Islands, Menorca, Naveta des Tudons	U5b1+16189+@16192
ELT002	5753	Cova de Els Trocs	J1c1b
ELT006	5809	Cova de Els Trocs	U3a1
I0405	5700	La Mina	K1a1b1
I0406	5700	La Mina	H1
I0407	5700	La Mina	K1b1a1
I0408	5686	La Mina	U5b1+16189+@16192
I10277	4900	Barcelona, Cova de la Guineu	X2c1
I10278	4900	Barcelona, Cova de la Guineu	U5b1
I10280	4900	Barcelona, Cova de la Guineu	J1c1
I10283	4900	Barcelona, Cova de la Guineu	H
I10284	4900	Barcelona, Cova de la Guineu	U5b1
I10285	4900	Barcelona, Cova de la Guineu	T2b
I10286	4900	Barcelona, Cova de la Guineu	U5b1
I11248	5050	Basque Country	J2a1a1a
I11249	5050	Basque Country	U5b1
I11300	5050	Basque Country	J2a1a1a
I11301	5050	Basque Country	H1j8
I11303	4900	Barcelona, Cova de la Guineu	H1j
I11305	4900	Barcelona, Cova de la Guineu	J1c1b
I11306	4900	Barcelona, Cova de la Guineu	J2b1a2
I3214	5200	Asturias, Soto de las Regueras, Cueva de la Paloma	V3
I7547	5950	Cádiz, San Fernando, Campo de Hockey	K1a+195
I7549	5950	Cádiz, San Fernando, Campo de Hockey	K1a4a1
I7550	6100	Cádiz, San Fernando, Campo de Hockey	K1b1a
I7594	5396	Alicante, Alcoi, Llometes	U5b2b
I7598	5411	Alicante, Alcoi, Llometes	U5b3
I7600	5625	Alicante, Alcoi, Llometes	K1a2a
I7601	5527	Alicante, Alcoi, Llometes	X2b+226
I7602	5050	Mandubi Zelaia	J1c1
I7603	5050	Mandubi Zelaia	K1a2b
I7604	5050	Mandubi Zelaia	H1ak
I7605	5050	Mandubi Zelaia	H3
I7606	5050	Mandubi Zelaia	U5b1+16189+@16192
I7642	4809	Valencian Community, Alacant/Alicante, Alcoi, Les Llometes	J2b1a
I7643	5803	Valencian Community, Alacant/Alicante, Alcoi, Les Llometes	K1a1b1
I7644	5521	Valencian Community, Alacant/Alicante, Alcoi, Les Llometes	n/a (<2x)
I7645	5845	Valencian Community, Alacant/Alicante, Alcoi, Les Llometes	HV0d
I7646	5613	Valencian Community, Alacant/Alicante, Alcoi, Les Llometes	H1e1c
I7647	5945	Valencian Community, Alacant/Alicante, Alcoi, Les Llometes	K1b1a
I8134	6100	Cádiz, San Fernando, Campo de Hockey	U5b3
I8567	5350	Valencian Community, València/Valencia, Bocairent, La Coveta Emparetà	X2
I8568	5387	Valencian Community, València/Valencia, Bocairent, La Coveta Emparetà	X2b+226
I7595	5396	Alicante, Alcoi, Llometes	U5b2b5
I7597	5625	Alicante, Alcoi, Llometes	J2b1
I10287	4900	Barcelona, Cova de la Guineu	U2e3
I11304	4900	Barcelona, Cova de la Guineu	U5a2+16294
I3273	5403	Basque Country, Alava, La Chabola de la Hechicera	J2a1a1
I7679	5950	Cádiz, San Fernando, Campo de Hockey	H
I10282	4900	Barcelona, Cova de la Guineu	K1a3
I7160	5877	Andalusia, Cádiz, San Fernando, Campo de Hockey	T2c1d
LD1174	4466	Lucena, Sima del Angel	U5b2b5
MDP002	4050	Murcia, Caravaca, Molinos del Papel	V
MDP003	4040	Murcia, Caravaca, Molinos del Papel	HV0
MDP001	4155	Murcia, Caravaca, Molinos del Papel	K1a
I8145	550	Granada	H
I8146	550	Granada	H3a1
I8147	550	Granada	H1
I3807	400	Andalusia, Granada, Mondújar (Lecrín), Nécropolis de Torna Alta	U6a
I3808	400	Andalusia, Granada, Mondújar (Lecrín), Nécropolis de Torna Alta	H1
I7424	400	Andalusia, Granada, Mondújar (Lecrín), Nécropolis de Torna Alta	U5b1+16189+@16192
I7425	400	Andalusia, Granada, Mondújar (Lecrín), Nécropolis de Torna Alta	W6
I3810	400	Andalusia, Granada, Mondújar (Lecrín), Nécropolis de Torna Alta	L2e1
I7423	400	Andalusia, Granada, Mondújar (Lecrín), Nécropolis de Torna Alta	H20c
I3809	400	Andalusia, Granada, Mondújar (Lecrín), Nécropolis de Torna Alta	U6a3b
I7426	400	Andalusia, Granada, Mondújar (Lecrín), Nécropolis de Torna Alta	n/a (<2x)
MIV001	4050	Barcelona, Terrasa, Miquel Vives	J1c3g
I10865	1800	Girona, Empuries, necropolis Centre de Visitants	U5a1a1
I3980	1387	Andalusia, Granada, Paseíllos universitarios-Fuentenueva	H1e1c
I3981	1450	Andalusia, Granada, Paseíllos universitarios-Fuentenueva	T2b32
I3982	1650	Granada, Plaza Einstein	HV0+195
I3983	1550	Granada, Plaza Einstein	H4a1c2
I4054	1650	Granada, Plaza Einstein	H4a1c2
I6492	1600	Tarragona, Mas Gassol, Alcover	T2b11
I7158	1600	Tarragona, Mas Gassol, Alcover	T2b
I8338	1800	Girona, Empuries, necropolis Centre de Visitants	HV0+195
I6490	1600	Tarragona, Mas Gassol, Alcover	K1c2
I8202	1750	Girona, Empuries, necropolis Centre de Visitants	K2b1
I8339	1777	Girona, Empuries, necropolis Centre de Visitants	K1a+195
I8474	1800	Girona, Empuries, necropolis Centre de Visitants	U5a1a2b
I10866	1947	Girona, Empuries, necropolis Centre de Visitants	K1b2a
I8216	1795	Girona, Empuries, necropolis Centre de Visitants	H1
I8343	1287	Girona, Empuries, necropolis Centre de Visitants	J1c2c2
I8475	1800	Girona, Empuries, necropolis Centre de Visitants	T2b
I4055	1650	Granada, Plaza Einstein	U3a1
I6491	1600	Tarragona, Mas Gassol, Alcover	H4a1a
CBR004	3448	Alicante, Villena, Cabezo Redondo	H4a1a
CMO001	3729	Murcia, Moratalla, Cerro del Morrón	T2c1d+152
CMO002	3764	Murcia, Moratalla, Cerro del Morrón	K1a
CMO003	3600	Murcia, Moratalla, Cerro del Morrón	J2b1a2
LOT001	3849	Murcia, Lorca, Los Tintes	H1e1a8
MMI004	3450	Murcia, Lorca, Madre Mercedarias Iglesias	K1a1b1
LHO003	3524	Alicante, Aspe, La Horna	U5b1b1g
PLZ001	4750	Alicante, Villena, Peñón de la Zorra	K1a+195
PUC001	3741	Alicante, Villena, Puntal de los Carniceros	H3
PUC002	3610	Alicante, Villena, Puntal de los Carniceros	I1a1
PUC003	3761	Alicante, Villena, Puntal de los Carniceros	U5b2a+@16192
PUC004	3644	Alicante, Villena, Puntal de los Carniceros	V
CDM001	4337	Murcia, Caravaca, Camino del Molino	J2a1a1
CDM002	4435	Murcia, Caravaca, Camino del Molino	H3
CDM003	4750	Murcia, Caravaca, Camino del Molino	K1a+195
CDM004	4750	Murcia, Caravaca, Camino del Molino	H1e1a
CDM005	4750	Murcia, Caravaca, Camino del Molino	J1c1b1
CDP001	4750	Alicante, Planes, Cova d' En Pardo	K1a4a1
CDP002	4750	Alicante, Planes, Cova d' En Pardo	J1c1e
CDP006	4750	Alicante, Planes, Cova d' En Pardo	U5a1c1a
CDP008	4750	Alicante, Planes, Cova d' En Pardo	H1
CDP011	4750	Alicante, Planes, Cova d' En Pardo	J2b1a
CLL001	4750	Alicante, Villena, Cueva de las Lechuzas	K1a+195
CLL002	4750	Alicante, Villena, Cueva de las Lechuzas	H1e1c
CLL003	4750	Alicante, Villena, Cueva de las Lechuzas	K1a2b
CLL004	4750	Alicante, Villena, Cueva de las Lechuzas	K1a+195
CLL005	4750	Alicante, Villena, Cueva de las Lechuzas	K1a4a1
CLL006	4750	Alicante, Villena, Cueva de las Lechuzas	H1
CLL008	4750	Alicante, Villena, Cueva de las Lechuzas	J1c1b
CLL009	4750	Alicante, Villena, Cueva de las Lechuzas	K1b1a
CLL010	4750	Alicante, Villena, Cueva de las Lechuzas	J2b1a
CLL011	4750	Alicante, Villena, Cueva de las Lechuzas	K1a4a1
I0453	4239	Murcia, Caravaca, Camino del Molino	V
CDP003	4750	Alicante, Planes, Cova d' En Pardo	H1+152
CDP009	4750	Alicante, Planes, Cova d' En Pardo	H1+152
I0453	4239	Murcia, Caravaca, Camino del Molino	V
MON013	4350	Sevilla, Valencina de la Concepción, PP4-Montelirio	H3
MON015	4750	Sevilla, Valencina de la Concepción, PP4-Montelirio	K1a4a1
MON016	4750	Sevilla, Valencina de la Concepción, PP4-Montelirio	T2c1d+152
MON017	4750	Sevilla, Valencina de la Concepción, PP4-Montelirio	H1e1a
MON029	4750	Sevilla, Valencina de la Concepción, PP4-Montelirio	K1a1
MON014	3600	..	U5b1c
MON019	4750	..	H1
MON020	4750	..	K1a+195
MON021	4750	..	K1b1a
MON033	4750	..	U5b1
MON036	4724	..	K1a4a1
BAL003	11908	Balma Guilanya	U2'3'4'7'8'9
BAL051	13015	Balma Guilanya	U5b2a
I12031	1392	Girona, Pla de l'Horta	H1e2
I12034	1392	Girona, Pla de l'Horta	W6a
I12162	1392	Girona, Pla de l'Horta	U5b1b1d
I12163	1392	Girona, Pla de l'Horta	J2b1a+16311
I12164	1392	Girona, Pla de l'Horta	C4a1a+195
I3775	1300	Barcelona, Roda de Ter, L'Esquerda	H3t
I3776	1300	Barcelona, Roda de Ter, L'Esquerda	U5a1i1
I3777	1300	Barcelona, Roda de Ter, L'Esquerda	V17
I3778	1300	Barcelona, Roda de Ter, L'Esquerda	H4a1
I3866	1300	Barcelona, Roda de Ter, L'Esquerda	U5a1b1
I12029	1392	Girona, Pla de l'Horta	U5a1a1d
I3574	1450	Granada, Montefrío, El Castillón	U5b1+16189+@16192
I3575	1450	Granada, Montefrío, El Castillón	U5b1+16189+@16192
I3576	1468	Granada, Montefrío, El Castillón	T2c1a2
I3577	1450	Granada, Montefrío, El Castillón	H5b
I3578	1450	Granada, Montefrío, El Castillón	HV0f
I3579	1450	Granada, Montefrío, El Castillón	H1e1a6
I3581	1450	Granada, Montefrío, El Castillón	H3
I3582	1450	Granada, Montefrío, El Castillón	K1b1a
I3585	1195	Granada, Ventas de Zafarraya	H1
I3583	1450	Granada, Montefrío, El Castillón	HV0f
I3584	1400	Granada, Ventas de Zafarraya	H
I12030	1392	Girona, Pla de l'Horta	J1c3g
I12032	1392	Girona, Pla de l'Horta	C4a1a+195
I12033	1392	Girona, Pla de l'Horta	V
ZAP002	3825	Murcia, Lorca, Zapatería	H5a
LAV001	830	St. Lucia, Cas-en-Bas, Lavoutte site 	D1
LAV002	685	St. Lucia, Cas-en-Bas, Lavoutte site 	A2
LAV003	672	St. Lucia, Cas-en-Bas, Lavoutte site 	A2
LAV004	725	St. Lucia, Cas-en-Bas, Lavoutte site 	C1b4
LAV005	855	St. Lucia, Cas-en-Bas, Lavoutte site 	C1c
LAV006	725	St. Lucia, Cas-en-Bas, Lavoutte site 	C1b2
LAV007	659	St. Lucia, Cas-en-Bas, Lavoutte site 	B2e
LAV008	675	St. Lucia, Cas-en-Bas, Lavoutte site 	B2e
LAV009	646	St. Lucia, Cas-en-Bas, Lavoutte site 	A2
LAV010	659	St. Lucia, Cas-en-Bas, Lavoutte site 	B2e
LAV011	698	St. Lucia, Cas-en-Bas, Lavoutte site 	D1
LAV012	602	St. Lucia, Cas-en-Bas, Lavoutte site 	C1b
I17470	950	6-G-8	L5a1a
I21010	1100	Nubia, Kulubnarti, Cemetery R	T2
I21035	1100	Nubia, Kulubnarti, Cemetery R	L0a1a1
I21036	1100	Nubia, Kulubnarti, Cemetery R	L5a1b
I21037	1100	Nubia, Kulubnarti, Cemetery R	U5b2b5
I20913	1100	Nubia, Kulubnarti, Cemetery S	L5a1b
I21008	1100	Nubia, Kulubnarti, Cemetery R	n/a (<2x)
I21041	1100	Nubia, Kulubnarti, Cemetery R	U5b2b5
I20916	1100	Nubia, Kulubnarti, Cemetery S	L0a1a
I19013	1100	Nubia, Kulubnarti, Cemetery R	R0a1a
I19014	1100	Nubia, Kulubnarti, Cemetery R	H2a
I19015	1100	Nubia, Kulubnarti, Cemetery R	U5b2b5
I19132	1100	Nubia, Kulubnarti, Cemetery R	H2a
I19134	1100	Nubia, Kulubnarti, Cemetery R	L0a1a1
I19135	1100	Nubia, Kulubnarti, Cemetery R	R0a1a
I19136	1100	Nubia, Kulubnarti, Cemetery R	L5a1b
I19138	1100	Nubia, Kulubnarti, Cemetery R	L3b1a2
I19139	1100	Nubia, Kulubnarti, Cemetery R	L0a1a1
I19140	1100	Nubia, Kulubnarti, Cemetery R	L5a1b
I19143	1100	Nubia, Kulubnarti, Cemetery R	L2a1d1
I19144	1100	Nubia, Kulubnarti, Cemetery R	H2a
I19145	1100	Nubia, Kulubnarti, Cemetery R	L2a1d1
I19148	1100	Nubia, Kulubnarti, Cemetery R	U3b2
I6139	1223	Nubia, Kulubnarti, Cemetery R	K1a19
I6140	1177	Nubia, Kulubnarti, Cemetery R	U5b2b5
I6141	1090	Nubia, Kulubnarti, Cemetery R	L2a1+143+16189  (16192)
I6250	1138	Nubia, Kulubnarti, Cemetery R	H2a
I6251	1115	Nubia, Kulubnarti, Cemetery R	L0a1a1
I6252	1155	Nubia, Kulubnarti, Cemetery R	H2a
I6253	1103	Nubia, Kulubnarti, Cemetery R	H2a
I6327	990	Nubia, Kulubnarti, Cemetery R	L2a1d1
I6328	1031	Nubia, Kulubnarti, Cemetery R	J2a2e
I6330	1214	Nubia, Kulubnarti, Cemetery R	U1a1
I6340	1090	Nubia, Kulubnarti, Cemetery R	U5b2b5
I6138	1223	Nubia, Kulubnarti, Cemetery R	H2a
I6331	1125	Nubia, Kulubnarti, Cemetery R	H2a
I6329	1112	Nubia, Kulubnarti, Cemetery R	N1b1a2
I19133	1100	Nubia, Kulubnarti, Cemetery R	H2a
I19141	1100	Nubia, Kulubnarti, Cemetery R	L0a1a1
I19142	1100	Nubia, Kulubnarti, Cemetery R	L2a1d1
I19146	1100	Nubia, Kulubnarti, Cemetery R	U5b2b5
I19137	1100	Nubia, Kulubnarti, Cemetery R	H2a
I17449	1100	Nubia, Kulubnarti, Cemetery S	L2a1d1
I17450	1100	Nubia, Kulubnarti, Cemetery S	U5b2b5
I17451	1100	Nubia, Kulubnarti, Cemetery S	H2a
I17473	1100	Nubia, Kulubnarti, Cemetery S	HV13a
I17477	1100	Nubia, Kulubnarti, Cemetery S	L5a1b
I17481	1075	Nubia, Kulubnarti, Cemetery S	U5b2b5
I17482	1100	Nubia, Kulubnarti, Cemetery S	L1b1a2a
I18505	1100	Nubia, Kulubnarti, Cemetery S	L2a1d1
I18507	1100	Nubia, Kulubnarti, Cemetery S	U5b2b5
I18508	1100	Nubia, Kulubnarti, Cemetery S	U5b2b5
I18510	1100	Nubia, Kulubnarti, Cemetery S	H2a
I18511	1100	Nubia, Kulubnarti, Cemetery S	L3f1a1
I18514	1150	Nubia, Kulubnarti, Cemetery S	H2a
I18516	1100	Nubia, Kulubnarti, Cemetery S	L2a1+143+16189  (16192)+@16309
I18517	1100	Nubia, Kulubnarti, Cemetery S	N1b1a2
I18518	1100	Nubia, Kulubnarti, Cemetery S	L1b1a2
I18519	1100	Nubia, Kulubnarti, Cemetery S	J2a2e
I18520	1100	Nubia, Kulubnarti, Cemetery S	L2a1d1
I18521	1100	Nubia, Kulubnarti, Cemetery S	N1b1a2
I18522	1100	Nubia, Kulubnarti, Cemetery S	L2a1d1
I18525	1075	Nubia, Kulubnarti, Cemetery S	U5b2b5
I18536	1100	Nubia, Kulubnarti, Cemetery S	N1a1a3
I18538	1150	Nubia, Kulubnarti, Cemetery S	L2a1d1
I18540	1100	Nubia, Kulubnarti, Cemetery S	L2a1d1
I18610	1100	Nubia, Kulubnarti, Cemetery S	U5b2b5
I6254	999	Nubia, Kulubnarti, Cemetery S	L0a1a1
I6255	1138	Nubia, Kulubnarti, Cemetery S	L0a1a1
I6256	1119	Nubia, Kulubnarti, Cemetery S	L2a1d1
I6257	1127	Nubia, Kulubnarti, Cemetery S	L2a1d1
I6258	1177	Nubia, Kulubnarti, Cemetery S	H2a
I6324	1127	Nubia, Kulubnarti, Cemetery S	L2a1d1
I6325	1223	Nubia, Kulubnarti, Cemetery S	L2a1d1
I6326	1230	Nubia, Kulubnarti, Cemetery S	L2a1d1
I6332	1112	Nubia, Kulubnarti, Cemetery S	L2a1d1
I6333	1177	Nubia, Kulubnarti, Cemetery S	T1a7
I6334	1102	Nubia, Kulubnarti, Cemetery S	L1b1a2a
I6336	1049	Nubia, Kulubnarti, Cemetery S	U5b2b5
I6338	1239	Nubia, Kulubnarti, Cemetery S	H2a
I17475	1125	Nubia, Kulubnarti, Cemetery S	L2a1d1
I18612	1100	Nubia, Kulubnarti, Cemetery S	H2a
I17478	1150	Nubia, Kulubnarti, Cemetery S	L2a1d1
I18524	1100	Nubia, Kulubnarti, Cemetery S	N1a1a3
I18509	1150	Nubia, Kulubnarti, Cemetery S	L2a1d1
ans003	5282	Ansarve	T2b8
ans005	5367	Ansarve	K1a2b
ans008	5154	Ansarve	J1c5
ans014	5111	Ansarve	J1c5
ans016	4705	Ansarve	H7d
ans017	5053	Ansarve	HV0a
RISE207	3344	Ängamöllan	J1c8a1
RISE175	3233	Abekås I	T1a1
RISE210	3312	Ängamöllan	T2a1a
ber1	4483	Bergsgraven	U4c1a 
ber2	4492	Bergsgraven	N1a1a1a1
oll007	4617	Olljso	H1c 
RISE94	4487	Viby	K1a2a
VK359	1200	Oland	H1f+16093
VK379	1200	Oland	U3b1b
VK382	1200	Oland	H3g1
ros005	4955	Catalonia, Lleida	J1c5 
ros3	5084	Rossberga	K1b1a1 
ajv28	4829	Gotland, Eksta, Ajvide Settlement	U4a2
ajv36	4924	Gotland, Eksta, Ajvide Settlement	U5b2a2
hem001	4929	Gotland, Hemmor	K1a3a
hem004	5145	Gotland, Hemmor	U4a2
hem005	5178	Gotland, Hemmor	U5a1
hem001	4929	Gotland, Hemmor	K1a3a
hem004	5145	Gotland, Hemmor	U4a2
hem005	5178	Gotland, Hemmor	U5a1
vbj002	4780	Gotland, Västerbjers	U5b2a2
vbj015	4865	Gotland, Västerbjers	T2b11
vbj001	4675	Gotland, Västerbjers	U4a2
vbj002	4780	Gotland, Västerbjers	U5b2a2
vbj004	4702	Gotland, Västerbjers	U5b2a2
vbj006	4898	Gotland, Västerbjers	K1a3a
vbj007	4469	Gotland, Västerbjers	HV12
vbj008	4663	Gotland, Västerbjers	U5b1d2
vbj012	4933	Gotland, Västerbjers	U5b2a2
vbj013	4778	Gotland, Västerbjers	U4a2
vbj014	4802	Gotland, Västerbjers	U5b1d
vbj015	4865	Gotland, Västerbjers	T2b11
vbj017	4864	Gotland, Västerbjers	U4a2
vbj018	4868	Gotland, Västerbjers	U5a2
vbj003	4879	Gotland, Västerbjers	K1a3
vbj003	4879	Gotland, Västerbjers	K1a3
vbj001	4675	Gotland, Västerbjers	U4a2
vbj004	4702	Gotland, Västerbjers	U5b2a2
vbj006	4898	Gotland, Västerbjers	K1a3a
vbj007	4469	Gotland, Västerbjers	HV12
vbj008	4663	Gotland, Västerbjers	U5b1d2
vbj012	4933	Gotland, Västerbjers	U5b2a2
vbj013	4778	Gotland, Västerbjers	U4a2
vbj014	4802	Gotland, Västerbjers	U5b1d
vbj017	4864	Gotland, Västerbjers	U4a2
vbj018	4868	Gotland, Västerbjers	U5a2
StoraForvar11	7365	Gotland, Stora Karlsö	U5a1
VK579	1650	Oland	H1s
VK522	1550	Oland	H1a3b
RISE174	1405	Oxie 7	W1
oll009	3787	Olljso	H6a1b3 
oll010	3704	Olljso	X2b11 
RISE179	3843	Abekås I	K1a3
RISE97	3895	Fredriksberg	K2a5
RISE98	4082	L Beddinge 56	K1b1a1
Olsund_new	4306	Ölsund, Hälsingland	U4c2a
SF11	8892	Stora Förvar	U5a1
SBj	8771	Stora Bjers	U4a1
SF12	8895	Stora Förvar	U4a1
SF9	9144	Stora Förvar	U4a2
Kvarlov5164	5746	Kvärlöv, Saxtorp, Skåne	T2b
Gokhem7	4755	Gökhem, Västergötland	H24
Gokhem2	4928	Gökhem, Västergötland	H1c
Gokhem4	4924	Gökhem, Västergötland	H
Gokhem5	5084	Gökhem, Västergötland	K1e
I0011	7564	Motala, Kanaljorden	U5a1
I0012	7598	Motala, Kanaljorden	U2e1
I0013	7722	Motala, Kanaljorden	U5a1
I0014	7686	Motala, Kanaljorden	U5a2d
I0015	7710	Motala, Kanaljorden	U5a2d
I0017	7624	Motala, Kanaljorden	U2e1
I0017	7624	Motala, Kanaljorden	U2e1
Ajvide59	4700	Gotland, Stora Karlsö	n/a (<2x)
Ire8	4575	Gotland, Stora Karlsö	U4d
ajv54	4849	Ajvide	U5b1d2 
Ajvide52	4700	Gotland, Stora Karlsö	V
Ajvide53	4700	Gotland, Stora Karlsö	U4d
Ajvide58	4700	Gotland, Stora Karlsö	U4d
Ajvide70	4700	Gotland, Stora Karlsö	U4d
VK33	900	Skara, Varnhem	K1a4a1
VK517	900	Uppsala, Skomsta	J1c3f
VK347	1000	Oland	T2b28
vik_84035	1061	Sigtuna, cemetery 1 (Nunnnan)	H2a3a
vik_2072	973	Sigtuna, cemetery 4 (Bensinst.)	U
vik_bns023	900	Sigtuna, cemetery 4 (Bensinst.)	H4a1a3a
VK304	900	Skara, Varnhem	K1a1b1e
VK467	975	Gotland, Kopparsvik	H1a
vik_KAL006	900	Sigtuna, cemetery 3 (Kållandet)	V7a
vik_kal009	900	Sigtuna, cemetery 3 (Kållandet)	T2f1
vik_stg020	900	Sigtuna, church 1 (St. Gertrud)	T2
VK533	1000	Oland	H13a1a1e
vik_84001	964	Sigtuna, cemetery 1 (Nunnnan)	H2a2a1g
vik_84005	900	Sigtuna, cemetery 1 (Nunnnan)	H1ap1
vik_97002	900	Sigtuna, mass grave (St. Lars)	J2a1a
vik_97026	900	Sigtuna, mass grave (St. Lars)	U5a2a1
vik_97029	900	Sigtuna, mass grave (St. Lars)	J1c2
vik_grt035	994	Sigtuna, church 1 (St. Gertrud)	H
vik_grt036	870	Sigtuna, church 1 (St. Gertrud)	H13a1a5
vik_gtm021	900	Sigtuna, cemetery 4 (Götes mack)	H5
vik_gtm127	900	Sigtuna, cemetery 4 (Götes mack)	H1a3a
vik_kls001	900	Sigtuna, cemetery 2 (Kålsängen)	H1b1
vik_nuf002	900	Sigtuna, cemetery 1 (Nunnnan)	T1a1j
vik_stg021	919	Sigtuna, church 1 (St. Gertrud)	J1d1b1
vik_stg026	1018	Sigtuna, church 1 (St. Gertrud)	J1c2k
vik_urm035	863	Sigtuna, church 1 (Urmakaren)	H2a1c
vik_urm045	900	Sigtuna, church 1 (Urmakaren)	H1a8
vik_urm160	798	Sigtuna, church 1 (Urmakaren)	H1q
vik_urm161	857	Sigtuna, church 1 (Urmakaren)	T1
VK108	950	Malmo, Ljungbacka	J2b1a
VK217	950	Malmo, Ljungbacka	J1b1b1
VK232	975	Gotland, Kopparsvik	N1a1a1
VK251	975	Gotland, Kopparsvik	U5b1e1
VK265	1000	Karda	H13a1a
VK266	1000	Karda	V
VK267	1000	Karda	T2b4b
VK268	1000	Karda	K1c1
VK269	1000	Karda	H1e1a
VK270	1000	Karda	U4
VK29	900	Skara, Varnhem	T2b3b
VK30	900	Skara, Varnhem	U5b1c2b
VK303	900	Skara, Varnhem	T2a1b1a1
VK306	900	Skara, Varnhem	H15a1
VK308	900	Skara, Varnhem	H1c
VK309	900	Skara, Varnhem	K1b1c
VK31	900	Skara, Varnhem	I4a
VK332	1085	Oland	T2b24
VK333	1052	Oland	H2a2a1
VK334	893	Oland	U5a2b
VK335	1000	Oland	K1b2a3
VK336	1091	Oland	K2a3a
VK337	1069	Oland	U5a1b3a
VK34	900	Skara, Varnhem	HV+16311
VK342	1000	Oland	H2a1
VK343	1000	Oland	H3h
VK344	1000	Oland	J1c2t
VK345	1000	Oland	H4a1
VK346	1000	Oland	H2a2b
VK348	1000	Oland	T2b28
VK349	1110	Oland	H1e2a
VK35	900	Skara, Varnhem	T2f1a1
VK350	1134	Oland	H3n
VK352	1000	Oland	H64
VK353	893	Oland	H1e1a
VK354	939	Oland	H2a1
VK355	1097	Oland	U5b1b1a
VK357	887	Oland	J2b1a
VK358	1092	Oland	U3a1
VK380	1000	Oland	H27
VK39	900	Skara, Varnhem	T2b4b
VK395	900	Skara, Varnhem	X2c1
VK396	900	Skara, Varnhem	J1c2t
VK397	900	Skara, Varnhem	J1b1a1
VK398	900	Skara, Varnhem	H1b1+16362
VK399	900	Skara, Varnhem	H4a1a1a
VK40	900	Skara, Varnhem	T1a1
VK400	900	Skara, Varnhem	H1+16239
VK401	900	Skara, Varnhem	H2a2b
VK402	900	Skara, Varnhem	J2a1a1
VK403	900	Skara, Varnhem	K1a4a1a2b
VK404	900	Skara, Varnhem	U4a2
VK405	900	Skara, Varnhem	K1a10
VK406	900	Skara, Varnhem	K1a4a1
VK407	900	Skara, Varnhem	H1c21
VK42	900	Skara, Varnhem	T2b11
VK424	900	Skara, Varnhem	K2b1a1
VK425	900	Skara, Varnhem	U3a1
VK426	900	Skara, Varnhem	U6a1a1
VK427	900	Skara, Varnhem	K1a4
VK428	975	Gotland, Frojel	K1a4a1a2b
VK429	975	Gotland, Frojel	H70
VK430	975	Gotland, Frojel	T1a1b
VK431	975	Gotland, Frojel	H2a1
VK432	975	Gotland, Frojel	J1b1a1
VK433	975	Gotland, Frojel	H5
VK434	975	Gotland, Frojel	U5b2a2
VK435	975	Gotland, Frojel	T1a5a
VK437	975	Gotland, Frojel	V
VK438	975	Gotland, Frojel	H1
VK439	975	Gotland, Frojel	U4a2a
VK440	975	Gotland, Frojel	T2b+152
VK441	975	Gotland, Frojel	J1c1b1a
VK442	1097	Oland	U2e1f1
VK443	1000	Oland	U5b2b5
VK444	1097	Oland	K1a
VK450	975	Gotland, Kopparsvik	J1c1b1a
VK452	975	Gotland, Kopparsvik	T2b
VK453	975	Gotland, Kopparsvik	H8c
VK454	975	Gotland, Kopparsvik	HV9
VK455	975	Gotland, Frojel	U5a2c1
VK456	975	Gotland, Frojel	I1a1e
VK457	975	Gotland, Frojel	I5a
VK458	975	Gotland, Frojel	I1a1a3
VK459	975	Gotland, Frojel	W3a1
VK460	975	Gotland, Frojel	I3
VK461	975	Gotland, Frojel	H7b
VK462	975	Gotland, Frojel	H1e1a
VK463	975	Gotland, Frojel	H1b5
VK464	975	Gotland, Frojel	H1
VK468	975	Gotland, Kopparsvik	H1a1
VK469	975	Gotland, Kopparsvik	H3ac
VK471	975	Gotland, Kopparsvik	H1m
VK472	975	Gotland, Kopparsvik	H13a1a1b
VK473	975	Gotland, Kopparsvik	N1a1a1a1
VK474	975	Gotland, Kopparsvik	J1d
VK475	975	Gotland, Kopparsvik	H1a
VK476	975	Gotland, Kopparsvik	X2+225
VK477	975	Gotland, Kopparsvik	H1b1+16362
VK478	975	Gotland, Kopparsvik	H1m
VK479	975	Gotland, Kopparsvik	H1a1
VK48	975	Gotland, Kopparsvik	H10e
VK50	975	Gotland, Kopparsvik	H1+16189
VK51	975	Gotland, Kopparsvik	U5b1e1
VK527	900	Uppsala, Skomsta	J1c3f
VK53	975	Gotland, Kopparsvik	HV9b
VK56	975	Gotland, Frojel	H6a1a
VK57	975	Gotland, Frojel	J1c6
VK58	975	Gotland, Frojel	I4a1
VK60	975	Gotland, Frojel	H13a1a1b
VK63	975	Gotland, Frojel	H56
VK64	975	Gotland, Frojel	I1a1
I5755	4175	Sion-Petit-Chasseur, Dolmen XI	K2b1a
I5757	4175	Sion-Petit-Chasseur, Dolmen XI	H3af
I5759	4175	Sion-Petit-Chasseur, Dolmen XI	U2e1c1
Bichon	13698	Grotte du Bichon	U5b1h
MX193	4087	Spreitenbach CWC	K1a+195
RA54	4498	Seengen	J2b1a2
TU876(SX10)	4550	Rapperswil Zürichstrasse	U3a1
TU904(SX17)	4344	Wartau	U4a2f
TU908(SX21)	4327	Wartau	H3
TU910(SX22)	4949	Wartau	K1a4a1
TU914(SX26)	4322	Wartau	K2b1
TU874(SX8)	4573	Rapperswil Zürichstrasse	U3a1
MX188	4399	Spreitenbach CWC	U2e2a1d
MX189	4058	Spreitenbach CWC	T2b
MX191	4523	Spreitenbach CWC	H3+16189
MX196	4495	Spreitenbach CWC	J1c3
MX197	4351	Spreitenbach CWC	H11a+152
MX198	4509	Spreitenbach CWC	J1c4
MX199	4235	Spreitenbach CWC	J2b1a
MX298	4461	Wartau	X2b4
RA64	4099	Zuzach	K1a1
TU905(SX18)	2032	Wartau	B4c1b2c2
TU907(SX20)	3576	Wartau	K1a4a1
TU911(SX23)	3762	Wartau	X2b4
MX195	4225	Spreitenbach CWC	H11a+152
MX192	4470	Spreitenbach CWC	H11a+152
MX190	4530	Spreitenbach CWC	U2e2a1d
RA63	3970	Zuzach	H5a
Aes1	4939	Aesch	H1+152
Aes10	4833	Aesch	K1a+195
Aes13	4902	Aesch	X2b+226
Aes14	4897	Aesch	U5a1c1
Aes16	4942	Aesch	K1a2
Aes17	4878	Aesch	H10+(16093)
Aes18	4838	Aesch	H3
Aes2	4885	Aesch	H1
Aes20	4842	Aesch	K2b1a
Aes21	4825	Aesch	U8b1b
Aes22	4740	Aesch	J2b1a2
Aes23	4722	Aesch	J2b1a
Aes24	4839	Aesch	K2b1a
Aes3	4919	Aesch	H1
Aes4	4970	Aesch	H3
Aes5	4906	Aesch	J1c3
Aes8	4851	Aesch	J1c3
Aes9	4848	Aesch	U5b2b5
MX150	5164	Oberbipp Horgen	H4a1a
MX182	5158	Oberbipp Horgen	K1a
MX184	4950	Oberbipp Horgen	J1c3
MX203	4950	Oberbipp Horgen	H4a1
MX204	4950	Oberbipp Horgen	K1a2b
MX209	4950	Oberbipp Horgen	K1a+195
MX210	4950	Oberbipp Horgen	K1a2b
MX211	4992	Oberbipp Horgen	K1a+195
MX212	5165	Oberbipp Horgen	H1
MX213	5125	Oberbipp Horgen	K1b1a
RA42	5165	Oberbipp Horgen	H3ap
RA43	5122	Oberbipp Horgen	K1a4a1a
RA44	4828	Oberbipp Horgen	K1a+195
RA45	4975	Oberbipp Horgen	H1
RA57	4806	Muttenz	J2b1a2
RA58	4865	Muttenz	H7d
RA59.Furtwangler	4830	Muttenz	H1+16311
RA61	4804	Muttenz	K1a4a1
RA62	4853	Muttenz	H1+16311
TU875(SX9)	6338	Niederried Ursisbalm	H5
TU877(SX11)	6355	Niederried Ursisbalm	J1c1b
Aes19	4825	Aesch	H1
Aes15	4899	Aesch	U5a1c1
MX219	5130	Oberbipp Horgen	K
MX183	5160	Oberbipp Horgen	K1a+195
Aes11	4885	Aesch	K1a3a
Aes12	4864	Aesch	H1
MX187	5055	Oberbipp Horgen	K1a+195
Aes25	4635	Aesch	X2b+226
ETM010	4550	Idlib Governorate, Tell Mardikh/Ebla	J1b1b1
ETM012	4470	Idlib Governorate, Tell Mardikh/Ebla	T2c1+146
ETM014	3850	Idlib Governorate, Tell Mardikh/Ebla	U3b2a1
ETM016	3914	Idlib Governorate, Tell Mardikh/Ebla	U8b1a2b
ETM018	4004	Idlib Governorate, Tell Mardikh/Ebla	J1b1b1
ETM023	4275	Idlib Governorate, Tell Mardikh/Ebla	H14a
ETM026	3850	Idlib Governorate, Tell Mardikh/Ebla	K1a4
I13721	3169	Green Island, Gongguan site	Y2a1
I13722	1500	Green Island, Gongguan site	Y2a1
I13692	1550	Hanben, Blihun site	M7c1c3
I13695	1459	Hanben, Blihun site	F4b
I14925	1550	Hanben, Blihun site	M7b1a2a1
I14929	1550	Hanben, Blihun site	B4a1a
I14931	1550	Hanben, Blihun site	E1a1a1
I14933	1550	Hanben, Blihun site	F3b1a
I14934	1550	Hanben, Blihun site	E2a
I14937	1550	Hanben, Blihun site	B4a1a
I15158	1550	Hanben, Blihun site	B4b1a2f
I15159	1550	Hanben, Blihun site	F4b1
I3611	1715	Hanben, Blihun site	E1a1a1
I3612	1800	Hanben, Blihun site	E1a1a1
I3614	1550	Hanben, Blihun site	R
I3615	1833	Hanben, Blihun site	R
I3616	1641	Hanben, Blihun site	B4b1a2f
I3617	1644	Hanben, Blihun site	F4b1
I3618	1550	Hanben, Blihun site	R
I3619	1473	Hanben, Blihun site	F3b1a+16093
I3620	1857	Hanben, Blihun site	R
I3621	1595	Hanben, Blihun site	R9c1b2
I3727	1550	Hanben, Blihun site	D6a2
I3728	1496	Hanben, Blihun site	F3b1a+16093
I3731	1550	Hanben, Blihun site	F3b1a+16093
I3732	1235	Hanben, Blihun site	F1a3a
I3734	1575	Hanben, Blihun site	E1a1
I3735	1532	Hanben, Blihun site	E1a1
I3736	1550	Hanben, Blihun site	F4b1
I8071	1550	Hanben, Blihun site	R
I8072	1550	Hanben, Blihun site	E1a1a
I8074	1550	Hanben, Blihun site	F3b1a+16093
I8075	1459	Hanben, Blihun site	E2b
I8076	1550	Hanben, Blihun site	R30
I8080	1550	Hanben, Blihun site	F3b1a+16093
I8081	1409	Hanben, Blihun site	F3b1a2
I8078	1575	Hanben, Blihun site	E1a1
I15156	1550	Hanben, Blihun site	D6a2
I13694	1550	Hanben, Blihun site	B4a1a
I13696	1550	Hanben, Blihun site	n/a (<2x)
I13697	1550	Hanben, Blihun site	R
I14926	1550	Hanben, Blihun site	F4b1
I14927	1550	Hanben, Blihun site	M7b1a2a1
I14928	1550	Hanben, Blihun site	B5a2a1+16129
I14930	1550	Hanben, Blihun site	E1a1a1
I15160	1550	Hanben, Blihun site	F4b1
I15162	1550	Hanben, Blihun site	E1a1a
I15164	1550	Hanben, Blihun site	E2a
I15166	1550	Hanben, Blihun site	E1a1a
I8079	1550	Hanben, Blihun site	F3b1
tai001	8195	Liangdao	E
tai002	7550	Liangdao	R9
I4160	3475	Dashty-Kozy	U2e1h
I4257	3423	Dashty-Kozy	T2a1b1
I4258	3504	Dashty-Kozy	T2b34
I10551	4450	Farkhor	n/a (<2x)
I4290	5450	Sarazm	W6
I4910	5526	Sarazm	J1d
I12292	2036	Ksirov	U2e1e
I12293	2000	Ksirov	U2e1e
I12294	1958	Ksirov	H1
I12260	2051	Ksirov	U2e1e
I12257	2000	Ksirov	J1b6
I8821	7070	Dodoma Kondoa, Kisese II	L5b2
I3726	3023	Luxmanda, UVS40	L2a1+143+@16309
I3726	3023	Luxmanda, UVS40	L2a1+143+@16309
I13976	18500	Mlambalasi (HwJf02)	n/a (<2x)
I1048	1357	Zanzibar, Pemba Island, Mapangani Cave	L0a1'4
I1048	1357	Zanzibar, Pemba Island, Mapangani Cave	L0a1'4
I1048	1357	Zanzibar, Pemba Island, Mapangani Cave	L0a
I2298	590	Zanzibar, Pemba Island, Mapangani Cave	L2a1a2
I13972	1647	Gishimangeda Cave	T2+150
I13977	1924	Gishimangeda Cave	L0f2a1
I13978	2273	Gishimangeda Cave	L4b2a1
I13979	2409	Gishimangeda Cave	L3x1
I13980	2587	Gishimangeda Cave	HV1b1
I13981	2566	Gishimangeda Cave	L0a
I13970	1950	Gishimangeda Cave	L3h1a2a
I13763	1930	Karatu District, Northeastern shore of Lake Eyasi, Gishimangeda	n/a (<2x)
I13982	2150	Gishimangeda Cave	L4b2a2
I13983	2150	Gishimangeda Cave	L4b2a2b
I13763	1930	Karatu District, Northeastern shore of Lake Eyasi, Gishimangeda	L3
I13983	2150	Gishimangeda Cave	n/a (<2x)
I13762	2051	Gishimangeda Cave	L3i2
I0589	1331	Zanzibar, Kuumbi Cave	L4b2a2c
I0589	1331	Zanzibar, Kuumbi Cave	L4b2a2c
I0589	1331	Zanzibar, Kuumbi Cave	L4b2a2
I4458	2603	Ban Chiang	n/a (<2x)
I8974	3050	Ban Chiang	R
I4458	2603	Ban Chiang	n/a (<2x)
I8977	3050	Ban Chiang	n/a (<2x)
I8970	2450	Ban Chiang	M72a
Th531	1585	Northern Mae Hong Son, Long Long Rak	G2b1a
Th519	1659	Northern Mae Hong Son, Long Long Rak	B5a1d
Th521	1666	Northern Mae Hong Son, Long Long Rak	F1f
Th530	1646	Northern Mae Hong Son, Long Long Rak	G2b1a
Th519	1659	Northern Mae Hong Son, Long Long Rak	B5a1d
I8978	3300	Ban Chiang	n/a (<2x)
TON002	2625	Talasiu site, Tongatapu	B4a1a1
TON001	2625	Talasiu site, Tongatapu	B4a1a1a
LHA001	844	Tongatapu	B4a1a1
Tsimshian	0	..	A2-C64T 
ALA002	3388	Hatay Province, Tell Atchana/Alalakh	N1a3a2
ALA004	3773	Hatay Province, Tell Atchana/Alalakh	X2e2a
ALA008	3752	Hatay Province, Tell Atchana/Alalakh	H6a1b
ALA011	3620	Hatay Province, Tell Atchana/Alalakh	X2d
ALA013	3734	Hatay Province, Tell Atchana/Alalakh	H47
ALA015	3861	Hatay Province, Tell Atchana/Alalakh	K1a
ALA016	3503	Hatay Province, Tell Atchana/Alalakh	I2
ALA017	3478	Hatay Province, Tell Atchana/Alalakh	U1a1d
ALA018	3382	Hatay Province, Tell Atchana/Alalakh	HV1b3b
ALA020	3395	Hatay Province, Tell Atchana/Alalakh	H6a
ALA023	3785	Hatay Province, Tell Atchana/Alalakh	N1b1a
ALA024	3889	Hatay Province, Tell Atchana/Alalakh	U3b
ALA025	3711	Hatay Province, Tell Atchana/Alalakh	H
ALA026	3627	Hatay Province, Tell Atchana/Alalakh	T1a
ALA028	3705	Hatay Province, Tell Atchana/Alalakh	K1a17
ALA029	3743	Hatay Province, Tell Atchana/Alalakh	T2
ALA030	3467	Hatay Province, Tell Atchana/Alalakh	H5a1j
ALA034	3697	Hatay Province, Tell Atchana/Alalakh	H13a2b2
ALA035	3820	Hatay Province, Tell Atchana/Alalakh	H20a
ALA037	3754	Hatay Province, Tell Atchana/Alalakh	W3b
ALA039	3337	Hatay Province, Tell Atchana/Alalakh	K1a+150
ALA095	3780	Hatay Province, Tell Atchana/Alalakh	HV
ALA009	3699	Hatay Province, Tell Atchana/Alalakh	J1c3
ALA038	3473	Hatay Province, Tell Atchana/Alalakh	J1b3b1
ALA019	3514	Hatay Province, Tell Atchana/Alalakh	H2a3
I20224	2565	Değirmendere (Aegean, Muğla, Yatağan) 	H14b
I20227	2565	Değirmendere (Aegean, Muğla, Yatağan) 	U1a1a3
I20228	2565	Değirmendere (Aegean, Muğla, Yatağan) 	T2b7a2
I20229	2565	Değirmendere (Aegean, Muğla, Yatağan) 	I5c1
I20230	2565	Değirmendere (Aegean, Muğla, Yatağan) 	H
I20231	2565	Değirmendere (Aegean, Muğla, Yatağan) 	U8b1a2
I20232	2565	Değirmendere (Aegean, Muğla, Yatağan) 	J1c16
I20233	2565	Değirmendere (Aegean, Muğla, Yatağan) 	T2c1
I20257	2565	Değirmendere (Aegean, Muğla, Yatağan) 	H13a1a1a
I20258	2565	Değirmendere (Aegean, Muğla, Yatağan) 	J2a1
I20225	2565	Değirmendere (Aegean, Muğla, Yatağan) 	K1a4
I20226	2565	Değirmendere (Aegean, Muğla, Yatağan) 	I5c1
ART001	4342	Malatya Province, Arslantepe	H14b3
ART009	4553	Malatya Province, Arslantepe	K1a28
ART010	4625	Malatya Province, Arslantepe	U8b1a1
ART011	4640	Malatya Province, Arslantepe	T2c1
ART004	5632	Malatya Province, Arslantepe	H
ART005	5650	Malatya Province, Arslantepe	J1c
ART012	5159	Malatya Province, Arslantepe	N1a1a1a
ART014	5255	Malatya Province, Arslantepe	X2i+@225
ART015	5212	Malatya Province, Arslantepe	U1a1d
ART017	5166	Malatya Province, Arslantepe	T2c1+146
ART018	5260	Malatya Province, Arslantepe	H14a+146
ART019	5393	Malatya Province, Arslantepe	K1a3
ART022	5413	Malatya Province, Arslantepe	J1c
ART023	5227	Malatya Province, Arslantepe	U3b1
ART026	5163	Malatya Province, Arslantepe	K1a8b
ART032	5254	Malatya Province, Arslantepe	N1b1a2
ART038	5175	Malatya Province, Arslantepe	K1a17a
ART039	5638	Malatya Province, Arslantepe	I5a
ART042	5767	Malatya Province, Arslantepe	T1b
ART024	5384	Malatya Province, Arslantepe	X2i+@225
Ash002	9483	Central Anatolia, Aksaray, Aşıklı Höyük	H2a
Ash040	9647	Central Anatolia, Aksaray, Aşıklı Höyük	N1a1a1
Ash133	9845	Central Anatolia, Aksaray, Aşıklı Höyük	K1a4
Ash131	9888	Central Anatolia, Aksaray, Aşıklı Höyük	T2c1a
Ash129	9837	Central Anatolia, Aksaray, Aşıklı Höyük	K1a4
Ash136	9827	Central Anatolia, Aksaray, Aşıklı Höyük	T2c1a
Ash128	10018	Central Anatolia, Aksaray, Aşıklı Höyük	K1a4
MA2205	3825	Kalehöyük	J2b1
MA2206	3825	Kalehöyük	U1a
MA2208	3825	Kalehöyük	H6a1b2e
I3294	4300	Gümüşlük ( Aegean, Bodrum, Çukurbük, Bodrum)	n/a (<2x)
ZHAG	9900	Boncuklu	N1a1a1
ZHAJ	9900	Boncuklu	U3
ZHJ	10190	Boncuklu	U3
ZKO	9900	Boncuklu	U3
ZMOJ	9900	Boncuklu	K1a
Bon005	10220	Boncuklu	N1a1a1
Bon001	10032	Boncuklu	U3
Bon002	10078	Boncuklu	K1a
Bon004	10075	Boncuklu	N1a1a1
CBT018	7516	Çorum Province, Boğazköy-Büyükkaya	X2
I20141	850	Stratonikeia and Lagina (Aegean, Muğla, Yatağan) 	X2e1a
I20142	650	Stratonikeia-West Church (Aegean, Muğla, Yatağan)	H14a
I20143	650	Stratonikeia-West Church (Aegean, Muğla, Yatağan)	J1b3b1
I20144	650	Stratonikeia-West Church (Aegean, Muğla, Yatağan)	H5f
I20145	650	Stratonikeia-West Church (Aegean, Muğla, Yatağan)	HV7
I20146	650	Stratonikeia-West Church (Aegean, Muğla, Yatağan)	H7b1
I20147	650	Stratonikeia-West Church (Aegean, Muğla, Yatağan)	R0a
I20187	660	Stratonikeia-West Church (Aegean, Muğla, Yatağan)	U7a4a1
I20574	650	Stratonikeia-West Church (Aegean, Muğla, Yatağan)	H7c1
I20140	850	Stratonikeia and Lagina (Aegean, Muğla, Yatağan) 	X2e1a
I8369	1350	Basilica (Marmara, Iznik)	U8b1a1
I8372	1565	Basilica (Marmara, Iznik)	U6a7c1
I10430	1218	Ilıpınar (Marmara, Bursa, Orhangazi) 	W6
I10542	5461	Ilıpınar (Marmara, Bursa, Orhangazi) 	H13a1
I10543	6450	Ilıpınar (Marmara, Bursa, Orhangazi) 	U5a2
I10545	6450	Ilıpınar (Marmara, Bursa, Orhangazi) 	U3b1
I10547	6450	Ilıpınar (Marmara, Bursa, Orhangazi) 	J1d2
I1584	5770	Northwest Anatolia, Marmara, Barcın	K1a17
I1584	5770	Northwest Anatolia, Marmara, Barc�n	K1a17
I14793	5200	Oylum Höyük (Southeast, Kilis)	N1a1b
I1584	5770	Northwest Anatolia, Marmara, Barcın	K1a17
I1584	5770	Northwest Anatolia, Marmara, Barcın	K1a17
I1584	5770	Northwest Anatolia, Marmara, Barcın	K1a17
CBT001	5446	Çorum Province, Çamlıbel Tarlası	T2b
CBT004	5526	Çorum Province, Çamlıbel Tarlası	HV1
CBT005	5415	Çorum Province, Çamlıbel Tarlası	K1a
CBT010	5480	Çorum Province, Çamlıbel Tarlası	K1a
CBT011	5480	Çorum Province, Çamlıbel Tarlası	K1a
CBT014	5518	Çorum Province, Çamlıbel Tarlası	H5
CBT015	5525	Çorum Province, Çamlıbel Tarlası	U3a2
CBT016	5538	Çorum Province, Çamlıbel Tarlası	K1a3
CBT013	5526	Çorum Province, Çamlıbel Tarlası	HV1
CBT017	5480	Çorum Province, Çamlıbel Tarlası	K1a3
CBT002	5529	Çorum Province, Çamlıbel Tarlası	K1a3
CCH290	8577	Central Anatolia, Konya, Çatalhöyük	H2a2a1d
cth842	8559	Central Anatolia, Konya, Çatalhöyük	K1a
CCH144	8789	Central Anatolia, Konya, Çatalhöyük	N1a1a1
CCH285	8500	Central Anatolia, Konya, Çatalhöyük	H2a2a1
CCH289	8661	Central Anatolia, Konya, Çatalhöyük	K1a
CCH294	8500	Central Anatolia, Konya, Çatalhöyük	H2a2a
CCH311	8500	Central Anatolia, Konya, Çatalhöyük	T2e
cth006	8517	Central Anatolia, Konya, Çatalhöyük	K1a4
cth217	8274	Central Anatolia, Konya, Çatalhöyük	K1a4b
cth728	8568	Central Anatolia, Konya, Çatalhöyük	K1a
cth739	8105	Central Anatolia, Konya, Çatalhöyük	K1b1
cth747	8506	Central Anatolia, Konya, Çatalhöyük	T2c1
pch034	8500	Central Anatolia, Konya, Çatalhöyük	K1a17
CCH163	8636	Central Anatolia, Konya, Çatalhöyük	T2
I14821	1150	Zeytinliada (Marmara, Balikesir, Erdek) 	U5b1b1+@16192
I14822	1150	Zeytinliada (Marmara, Balikesir, Erdek) 	H14a
I14831	1150	Zeytinliada (Marmara, Balikesir, Erdek) 	T2b9
I14832	1150	Zeytinliada (Marmara, Balikesir, Erdek) 	H+195
I14824	1456	Zeytinliada (Marmara, Balikesir, Erdek) 	HV4a2b
I20259	1346	Samantaş (Aegean, Muğla, Yatağan) 	N1b1a8
I20260	1346	Samantaş (Aegean, Muğla, Yatağan) 	U2e1a1
I20261	1346	Samantaş (Aegean, Muğla, Yatağan) 	K1a
I20265	1346	Samantaş (Aegean, Muğla, Yatağan) 	K1a4c
I20266	1346	Samantaş (Aegean, Muğla, Yatağan) 	W6
I20320	1346	Samantaş (Aegean, Muğla, Yatağan) 	HV0a
I20264	1346	Samantaş (Aegean, Muğla, Yatağan) 	K1a4c
I14649	4168	Tilbe_ar H�y�k (Southeast, Gaziantep) 	U3c
I14792	4247	Oylum Höyük (Southeast, Kilis)	N1a1a3
I14794	4450	Oylum Höyük (Southeast, Kilis)	K1a+150
I14797	4450	Oylum Höyük (Southeast, Kilis)	N2a
I14798	4450	Oylum Höyük (Southeast, Kilis)	U3b1a
I16580	4450	Oylum Höyük (Southeast, Kilis)	H
I2495	4355	Harmanören-Göndürle Höyük (Mediterranean, Isparta) 	H
I2499	4514	Harmanören-Göndürle Höyük (Mediterranean, Isparta) 	K1a2
I2683	4479	Harmanören-Göndürle Höyük (Mediterranean, Isparta) 	T2b+152
I4481	4711	Tatika (Southeast, Şırnak, Güçlükonak, Koçtepe köyü)	R1b1
I4614	4955	Tatika (Southeast, Şırnak, Güçlükonak, Koçtepe köyü)	T2c1c1
I4615	4991	Tatika (Southeast, Şırnak, Güçlükonak, Koçtepe köyü)	N1
I4616	4678	Tatika (Southeast, Şırnak, Güçlükonak, Koçtepe köyü)	U3b1
I4619	4635	Tatika (Southeast, Şırnak, Güçlükonak, Koçtepe köyü)	U3b3
I5733	4729	Yassıtepe (Aegean, Izmir)	H
I5735	4925	Yassıtepe (Aegean, Izmir)	I5c1
I5740	4621	Devret Höyük (Black Sea, Amasya, Suluova, Kanatpınar)	K1b1c
I5741	5166	Devret Höyük (Black Sea, Amasya, Suluova, Kanatpınar)	T2c1a
I5742	4942	Devret Höyük (Black Sea, Amasya, Suluova, Kanatpınar)	U2d
I5743	4924	Devret Höyük (Black Sea, Amasya, Suluova, Kanatpınar)	W3a1
I7073	4796	Devret Höyük (Black Sea, Amasya, Suluova, Kanatpınar)	U7
I7079	4439	Devret Höyük (Black Sea, Amasya, Suluova, Kanatpınar)	K1a12a1a
I2495	4355	Harmanören-Göndürle Höyük (Mediterranean, Isparta) 	H
I2499	4514	Harmanören-Göndürle Höyük (Mediterranean, Isparta) 	K1a2
I2683	4479	Harmanören-Göndürle Höyük (Mediterranean, Isparta) 	T2b+152
I4620	4660	Tatika (Southeast, Şırnak, Güçlükonak, Koçtepe köyü)	U7
MA2210	4575	Ovaören	H
MA2212	4575	Ovaören	W5
MA2213	4575	Ovaören	J1c10a
I16577	4450	Oylum Höyük (Southeast, Kilis)	n/a (<2x)
I4621	4571	Tatika (Southeast, Şırnak, Güçlükonak, Koçtepe köyü)	U3b2c
I4478	4700	Tatika (Southeast, Şırnak, Güçlükonak, Koçtepe köyü)	R1b1
I14767	3256	Muradiye (East, Van)	H14a+146
ZBC	15411	Pınarbaşı	K2b 
I3225	2368	Halikarnassos (Aegean, Bodrum, Yokuşbaşı)	H5
I3308	2127	Halikarnassos (Aegean, Bodrum, Yokuşbaşı)	C5b
I3309	2127	Halikarnassos (Aegean, Bodrum, Yokuşbaşı)	H2
I3310	2127	Halikarnassos (Aegean, Bodrum, Yokuşbaşı)	W
I3311	2127	Halikarnassos (Aegean, Bodrum, Yokuşbaşı)	H4a
I3916	2127	Gordion (Central, Ankara)	X2n
I4472	2127	Cedit, Basarabya (Black Sea, Samsun, llkadım)	N1a3
I5228	2094	Zafer, Azman (Black Sea, Samsun, Tekkeköy)	J2b
I5255	2197	Aktaş Mevki (Southeast, Mardin, Midyat)	HV1a1b
I6573	2127	Gordion (Central, Ankara)	HV2a2
I6574	2127	Gordion (Central, Ankara)	W3a1
I4030	2127	Gordion (Central, Ankara)	H20
I5249	2071	Büyüklü (Black Sea, Samsun, Tekkeköy, Mahmatlı)	U4a
I3300	2350	Halikarnassos (Aegean, Bodrum, Yokuşbaşı)	U4a1a1
I3303	2217	Halikarnassos (Aegean, Bodrum, Yokuşbaşı)	K1a3
I4473	2127	Cedit, Basarabya (Black Sea, Samsun, llkadım)	H
MA2197	2133	Kalehöyük	U8b1b2
I14635	2500	Kuriki Höyük (Southeast, Batman) 	U1a1
I14636	2500	Kuriki Höyük (Southeast, Batman) 	n/a (<2x)
I14644	2593	Kuriki Höyük (Southeast, Batman) 	J2b1
I14734	2500	Kuriki Höyük (Southeast, Batman) 	U2e1b
I14765	2750	Çavuştepe (East, Van)	U3a2a
I19612	2750	Çavuştepe (East, Van)	H15b
I20577	2750	Çavuştepe (East, Van) 	N1b1a2
I19611	2750	Çavuştepe (East, Van)	J1b5a
I16570	2500	Kuriki Höyük (Southeast, Batman)	n/a (<2x)
I14764	2582	Çavuştepe (East, Van) 	H+16311
I4029	2603	Gordion (Central, Ankara)	H14a
I19613	2750	Çavuştepe (East, Van)	T2a3
I14731	2500	Kuriki Höyük (Southeast, Batman) 	J2a2e
I14733	2401	Kuriki Höyük (Southeast, Batman) 	H29
I14735	2500	Kuriki Höyük (Southeast, Batman) 	U3a'c
IKI002	5165	Samsun Province, İkiztepe	J1c16
IKI009	5206	Samsun Province, İkiztepe	J2a1
IKI016	5396	Samsun Province, İkiztepe	I5
IKI024	5821	Samsun Province, İkiztepe	U1b1
IKI034	5392	Samsun Province, İkiztepe	K1a17
IKI036	5405	Samsun Province, İkiztepe	J2b1c
IKI038	5480	Samsun Province, İkiztepe	X1'2'3
kum6	5615	Kumtepe	H2a 
I14627	5535	Kuriki Höyük (Southeast, Batman) 	U8b1a2b
I14730	5950	Kuriki Höyük (Southeast, Batman) 	H29
I4480	5193	Tatika (Southeast, Şırnak, Güçlükonak, Koçtepe köyü)	K1a
I4617	5000	Tatika (Southeast, Şırnak, Güçlükonak, Koçtepe köyü)	U3b3
I4483	5176	Tatika (Southeast, Şırnak, Güçlükonak, Koçtepe köyü)	I1b
I14759	3700	Oylum Höyük (Southeast, Kilis)	U9b
I14761	3700	Oylum Höyük (Southeast, Kilis)	K1a17
I14762	3583	Oylum Höyük (Southeast, Kilis)	J1b1b1
I14784	3695	Oylum Höyük (Southeast, Kilis)	H
I14786	3540	Oylum Höyük (Southeast, Kilis)	J1b2
I14788	4450	Oylum Höyük (Southeast, Kilis)	K1a15
I14785	3700	Oylum Höyük (Southeast, Kilis) 	J1b2
I14782	3700	Oylum Höyük (Southeast, Kilis) 	H+152
I16574	3700	Oylum Höyük (Southeast, Kilis)	U8b1a1
I5737	3931	Yassıtepe (Aegean, Izmir)	K1a4a1
I14789	3658	Oylum Höyük (Southeast, Kilis)	H
I4540	410	Aktaş Mevki (Southeast, Mardin, Midyat)	R0a2
I0707	8096	Barcın (Northwest Anatolia, Marmara)	K1a4
I0708	8101	Northwest Anatolia, Marmara, Barcın	N1b1a
I0709	8085	Barcın (Northwest Anatolia, Marmara)	U3
I0723	7870	Menteşe (Northwest Anatolia, Marmara, Yenişehir)	X2m2
I0724	7950	Menteşe (Northwest Anatolia, Marmara, Yenişehir)	K1a4
I0727	7950	Menteşe (Northwest Anatolia, Marmara, Yenişehir)	K1a2
I0736	8300	Northwest Anatolia, Marmara, Barcın	N1a1a+152
I0744	8270	Northwest Anatolia, Marmara, Barcın	J1c11
I0745	8243	Barcın (Northwest Anatolia, Marmara)	U8b1b1
I0746	7928	Northwest Anatolia, Marmara, Barcın	K1a
I1096	8300	Northwest Anatolia, Marmara, Barcın	N1a1a+152
I1097	8282	Northwest Anatolia, Marmara, Barcın	W1+119
I1098	8282	Barcın (Northwest Anatolia, Marmara)	X2d
I1101	8300	Northwest Anatolia, Marmara, Barcın	T2b
I11949	8300	Barcın (Northwest Anatolia, Marmara)	T2c1
I1510	7925	Ilıpınar (Marmara, Bursa, Orhangazi)	N1a1a1a
I1579	8072	Barcın (Northwest Anatolia, Marmara)	K1a+150
I1580	8205	Barcın (Northwest Anatolia, Marmara)	H5
I1581	8252	Barcın (Northwest Anatolia, Marmara)	U3
I1583	8273	Barcın (Northwest Anatolia, Marmara)	K1a2
I1585	8021	Barcın (Northwest Anatolia, Marmara)	J1c
I3121	7925	Ilıpınar (Marmara, Bursa, Orhangazi) 	N1a1a1
I0723	7870	Menteşe (Northwest Anatolia, Marmara, Yenişehir)	X2m2
I0724	7950	Menteşe (Northwest Anatolia, Marmara, Yenişehir)	K1a4
I0727	7950	Menteşe (Northwest Anatolia, Marmara, Yenişehir)	K1a2
I1579	8072	Barcın (Northwest Anatolia, Marmara)	K1a-C150T
I1580	8205	Barcın (Northwest Anatolia, Marmara)	H5
I1581	8252	Barcın (Northwest Anatolia, Marmara)	U3
I1583	8273	Barcın (Northwest Anatolia, Marmara)	K1a2
I1585	8021	Barcın (Northwest Anatolia, Marmara)	J1 or J1c
I0854	8104	Barcın (Northwest Anatolia, Marmara)	N1a1a1a
I0854	8104	Barcın (Northwest Anatolia, Marmara)	N1a1a1a
I1583	8273	Barcın (Northwest Anatolia, Marmara)	K1a2
Bar31	8272	Northwest Anatolia, Marmara, Barcın	X2m
Bar8	8064	Northwest Anatolia, Marmara, Barcın	K1a2
I1583	8273	Barcın (Northwest Anatolia, Marmara)	K1a2
MA2200	3575	Kalehöyük	K1a+150
MA2203	3575	Kalehöyük	J1c
I14820	390	Zeytinliada (Marmara, Balikesir, Erdek) 	U5b1b1+@16192
I14823	377	Zeytinliada (Marmara, Balikesir, Erdek) 	T1a2
I14844	386	Yenişehirkapı (Marmara, İznik)	H47a
I20322	475	Çapalıbağ, Yeşilbağcılar-YTEUAS (Aegean, Muğla, Yatağan) 	W9
I20323	475	Çapalıbağ, Yeşilbağcılar-YTEUAS (Aegean, Muğla, Yatağan) 	K1b1c
I20324	475	Çapalıbağ, Yeşilbağcılar-YTEUAS (Aegean, Muğla, Yatağan) 	H13a1a1
I20325	475	Çapalıbağ, Yeşilbağcılar-YTEUAS (Aegean, Muğla, Yatağan) 	HV14a
I20326	475	Çapalıbağ, Yeşilbağcılar-YTEUAS (Aegean, Muğla, Yatağan) 	T2a1a
I20327	400	Çapalıbağ, Yeşilbağcılar-YTEUAS (Aegean, Muğla, Yatağan) 	A17
I20328	399	Çapalıbağ, Yeşilbağcılar-YTEUAS (Aegean, Muğla, Yatağan) 	J2b2
I20329	400	Çapalıbağ, Yeşilbağcılar-YTEUAS (Aegean, Muğla, Yatağan) 	H43
I20570	400	Çapalıbağ, Yeşilbağcılar-YTEUAS (Aegean, Muğla, Yatağan) 	K1a
I20571	464	Çapalıbağ, Yeşilbağcılar-YTEUAS (Aegean, Muğla, Yatağan) 	K1a12a1a
I20572	562	Çapalıbağ, Yeşilbağcılar-YTEUAS (Aegean, Muğla, Yatağan) 	X2p
I20573	529	Çapalıbağ, Yeşilbağcılar-YTEUAS (Aegean, Muğla, Yatağan) 	U4a1d
MA2195	450	Kalehöyük	D4j
MA2196	450	Kalehöyük	K
I3917	2596	Gordion (Central, Ankara)	U3b2a1a
I4539	437	Aktaş Mevki (Southeast, Mardin, Midyat)	T2a3
I8432	10700	Boncuklu Tarla (Southeast, Mardin, Dargeçit, Ilısu)	K1a
I4529	1716	Cedit, Basarabya (Black Sea, Samsun, llkadım)	D4e1
I4531	1665	Cedit, Basarabya (Black Sea, Samsun, llkadım)	U7b
I14799	1575	Basilica (Marmara, Iznik)	I1
I16584	1900	Apollonia (Marmara, Bursa, Gölyazı)	N1a1b1
I16583	1900	Apollonia (Marmara, Bursa, Gölyazı)	H14b
I4530	1648	Cedit, Basarabya (Black Sea, Samsun, llkadım)	U3a2a1
I14845	1900	Apollonia (Marmara, Bursa, Gölyazı)	K1a19
I20000	1726	Camandras and Dalagöz (Aegean, Muğla, Yatağan, Necropole) 	HV4
I20001	1726	Camandras and Dalagöz (Aegean, Muğla, Yatağan, Necropole) 	K1a4b
I20139	1726	Camandras and Dalagöz (Aegean, Muğla, Yatağan, Necropole) 	J2a2e
I4613	1350	Aktaş Mevki (Southeast, Mardin, Midyat)	X2+225+@153
I16585	1900	Apollonia (Marmara, Bursa, Gölyazı)	H5
I14645	750	Tilbeşar Höyük (Southeast, Gaziantep) 	T2a1
I14647	750	Tilbeşar Höyük (Southeast, Gaziantep) 	H13a1d
I14648	851	Tilbeşar Höyük (Southeast, Gaziantep) 	T1a7
I14651	750	Tilbeşar Höyük (Southeast, Gaziantep) 	W6
I14652	750	Tilbeşar Höyük (Southeast, Gaziantep) 	H+152
I14791	942	Oylum Höyük (Southeast, Kilis)	N3a
I16571	750	Tilbeşar Höyük (Southeast, Gaziantep)	X4
I4474	1308	Dara - Necropolis underground chamber (Southeast, Mardin) 	U3a
I4475	1228	Dara - Necropolis underground chamber (Southeast, Mardin) 	W6
I4532	1222	Dara -Necropolis underground chamber (Southeast, Mardin) 	N1a3a
I4533	1116	Dara -Necropolis underground chamber (Southeast, Mardin) 	X4
I4534	1200	Dara -Necropolis underground chamber (Southeast, Mardin) 	U4b
I14650	750	Tilbeşar Höyük (Southeast, Gaziantep) 	U4b3
I14790	950	Oylum Höyük (Southeast, Kilis)	N3a
I14787	950	Oylum Höyük (Southeast, Kilis)	H5
I14760	1127	Oylum Höyük (Southeast, Kilis)	U5a2
Tep006	8099	Tepecik Ciftlik	N1a1a1
Tep001	8518	Tepecik Ciftlik	K1a
Tep002	8487	Tepecik Ciftlik	K1a12a
Tep003	8419	Tepecik Ciftlik	N1b1a
Tep004	8237	Tepecik Ciftlik	N1a1a1
I10546	1250	Ilıpınar (Marmara, Bursa, Orhangazi) 	J1c10
I14833	1400	Yenişehirkapı (Marmara, İznik)	H14a
I14839	1466	Yenişehirkapı (Marmara, İznik)	U1a1a3
I14842	1400	Yenişehirkapı (Marmara, İznik)	H87
I14843	1400	Yenişehirkapı (Marmara, İznik)	T2a3
I19539	650	Stratonikeia-West Church (Aegean, Muğla, Yatağan)	J2b
I8366	1350	Basilica (Marmara, Iznik)	T2g1
I8368	1350	Basilica (Marmara, Iznik)	HV1a'b'c
I8370	1350	Basilica (Marmara, Iznik)	H
I8371	1350	Basilica (Marmara, Iznik)	X2n
I8373	1350	Basilica (Marmara, Iznik)	H80
I8367	1350	Basilica (Marmara, Iznik)	T2g1
I10429	1250	Ilıpınar (Marmara, Bursa, Orhangazi) 	K1a1
I14840	1478	Yenişehirkapı (Marmara, İznik)	H8c
I6124	4042	Gonur	H14a
I11039	4188	Gonur	HV12b1
I12478	5050	Geoksyur	HV13b
I12479	5050	Geoksyur	I1c1
I12480	5050	Geoksyur	HV
I12481	5050	Geoksyur	HV12b1
I12482	5050	Geoksyur	I1c1
I12483	5050	Geoksyur	HV
I12485	5050	Geoksyur	J1d4
I12486	5050	Geoksyur	J1b1a1
I12487	5050	Geoksyur	T2g1b
I8503	5050	Geoksyur	J
I8504	4963	Geoksyur	T2d2
I8505	5050	Geoksyur	H
I8510	5163	Geoksyur	I1b
I8524	5050	Geoksyur	U7a
I8526	5050	Geoksyur	J1d6
I8527	5050	Geoksyur	n/a (<2x)
I8528	5050	Geoksyur	I1b
I8529	5050	Geoksyur	U
I8530	5050	Geoksyur	I1
I8532	5050	Geoksyur	n/a (<2x)
I8502	5013	Geoksyur	U7a
I8525	4943	Geoksyur	H2
I8534	4862	Geoksyur	J1b1a1
I8531	5050	Geoksyur	H1bm
I12484	5100	Geoksiur	R2+13500
DA383	5150	Takhirbai 3	W3a2
DA380	5173	Kara-Depe	U2b
DA381	5174	Geoksyur	J1+16193
I4259	5021	Parkhai II	HV13b
I4634	4998	Parkhai II	I1b
I4635	5450	Parkhai II	HV13b
I6669	4924	Parkhai II	HV2a
I4085	5450	Turkestan, Tepe Anau	H13a2a
I4086	5450	Turkestan, Tepe Anau	U1a1d
I4087	5450	Turkestan, Tepe Anau	W3a1
I6671	4550	Parkhai II	HV14
I6670	4450	Parkhai II	n/a (<2x)
I10410	3750	Gonur	T2c1a
I10411	4200	Gonur	U7a
I11042	4225	Gonur	HV18
I1781	3832	Gonur	T1a1
I1782	4163	Gonur	W3
I1784	4060	Gonur	U7a2
I1787	4023	Gonur	N1a2
I1788	3947	Gonur	H6b2
I1790	3994	Gonur	W6
I1793	4038	Gonur	T2
I2085	3881	Gonur	HV1a3a
I2087	4051	Gonur	HV12b1
I2116	3916	Gonur	U7a4a1
I2121	4079	Gonur	HV2
I2125	4011	Gonur	W1+119
I2128	4056	Gonur	W
I3374	3966	Gonur	W3b
I6119	3975	Gonur	J1
I6217	4139	Gonur	J1
I6117	4000	Gonur	T
I7173	4050	Gonur	HV2a
I11040	3850	Gonur	W
I3365	4050	Gonur	n/a (<2x)
I6118	4000	Gonur	J1b1a3
I6120	4000	Gonur	R2
I6122	4000	Gonur	N1a2
I6125	4000	Gonur	W3b
I6126	4000	Gonur	N2
I6218	4000	Gonur	U8b1a2+16311
I6310	4000	Gonur	I
I6312	4000	Gonur	R2
I6318	4000	Gonur	H
I7101	4050	Gonur	U1a1c1
I7102	3850	Gonur	HV12b1
I7170	3850	Gonur	HV12b1
I7171	4050	Gonur	HV13b
I1783	4068	Gonur	U7a
I1789	4082	Gonur	U7a3
I2122	4023	Gonur	J1d
I1792	4254	Gonur	T2d1a
I2123	4211	Gonur	M30a
I10409	4113	Gonur	R5a2b
I11041	4015	Gonur	R2
I12255	3800	Gonur	T2c1a
DA382	2802	Takhirbai 3	T2c1a
I6668	3250	Parkhai II	H29a
I6667	3400	Parkhai I	HV2a
I6675	3250	Sumbar	W3b
BR1-1	0	Uttar Pradesh Brahmins	T1a1;T1a1_152 
BR1-10	0	Uttar Pradesh Brahmins	D4q 
BR1-12	0	Uttar Pradesh Brahmins	T2_16189 
BR1-13	0	Uttar Pradesh Brahmins	A4_200 
BR1-16	0	Uttar Pradesh Brahmins	F1d 
BR1-18	0	Uttar Pradesh Brahmins	U2e3 
BR1-3	0	Uttar Pradesh Brahmins	U2b2 
BR1-4	0	Uttar Pradesh Brahmins	T1a1;T1a1_152 
BR1-5	0	Uttar Pradesh Brahmins	M65a;M 
BR1-6	0	Uttar Pradesh Brahmins	M35b2 
MUN001	450	Munsa	n/a (<2x)
I6561	3985	Alexandria	H2a1a
MJ-09	4286	Mamai-Gora, The central sector of the burial. Mound 162, burial 15, skeleton 2	H13a2c 
MJ-36	1628	Komariv-1, Grave 3	H1c
MJ-19	1537	Legedzine, Grave 20	H1n6
MJ-37	1624	Shyshaky, Grave 112 in the central part of the burial ground	T2g1
MJ-31	3136	"Dykyi Sad hillfort, ""Citadel"", Room №7 in the ""Citadel"""	U5a1b1 
MJ-12	2847	Cartal III, NW part of the burial ground, plot I, grave 101	H35
I5884	4735	Kirovograd Oblast, Dereivka village	U5a2b
I2105	4850	Shevchenko, OAE-2003	T1a1
I3141	4850	Shevchenko, OAE-2003	H15b1
MJ-06	4620	Kumy, Mound 6, burial 8	H2a1
I3141	4850	Shevchenko, OAE-2003	H15b1
I4110	5394	Kirovograd Oblast, Dereivka village	J2b1d
I5882	5005	Kirovograd Oblast, Dereivka village	U5a2+16294
I2111	5622	Verteba Cave	HV
I3151	5675	Verteba Cave	U8b1b
MJ-15	2246	St Merchik, Group II, mound 1, burial 1	U2e2
MJ-15	2246	St Merchik, Group II, mound 1, burial 1	U2e2 
MJ-13	2495	Kup'evaha, Mound 25, burial 1, skeleton 3	H11b1 
MJ-14	2593	Medwin, Group I, mound 22/1	H6a1b 
MJ-16	2544	Medwin, Group I, mound 6/1	T2b
MJ-33	2553	Medwin, Group I, mound 18/1	U5a2a2 a 
MJ-34	2231	Kolomak hillfort, №1842, pit 68, excavation IV	W3a1 
MJ-35	2515	Kup'evaha, Mound 25, burial 1, skeleton 1	X4
MJ-46	2220	Mamai-Gora, The eastern sector of the burial. Object 165, burial 1	J1d6
MJ-47	2429	Mamai-Gora, The eastern sector of the burial. Object 175, burial 1	T2
MJ-08	2587	Kumy, Mound 1, burial 2	T2a1b1a 
VK541	700	Lutsk	H7
I1733	10200	Vasil'evka	U4b
I1763	10081	Vasil'evka	U5b2
I1819	10658	Vasil'evka	U5b2
I5876	8832	Kirovograd Oblast, Dereivka village	U5a2+16294
I1819	10658	Vasil'evka	U5b2
I1737	10358	Vasil'evka	U5a2
I5885	8099	Kirovograd Oblast, Dereivka village	U5b2b
I1732	7218	Vovnigi	U4b
I1734	8100	Vasil'evka	U5b2
I1736	8110	Vasil'evka	U5b2b1
I1738	7348	Vovnigi	U5a2+16294
I3714	7100	Volniensky, Vilnianka	U4d
I3715	7526	Volniensky, Vilnianka	U2e1h
I3717	7242	Kirovograd Oblast, Dereivka village	U5a2+16294
I3718	7217	Kirovograd Oblast, Dereivka village	U5a1
I4111	6593	Kirovograd Oblast, Dereivka village	U4d
I4114	7350	Kirovograd Oblast, Dereivka village	U5a1
I5875	7095	Kirovograd Oblast, Dereivka village	U4a1
I5883	7048	Kirovograd Oblast, Dereivka village	U4a
I5890	7092	Kirovograd Oblast, Dereivka village	U5a1
I5892	7069	Kirovograd Oblast, Dereivka village	U4a1
I5891	7297	Kirovograd Oblast, Dereivka village	U4d
I5869	7465	Volniensky, Vilnianka	U4b1b1
I5893	7249	Kirovograd Oblast, Dereivka village	U5a2+16294
I5879	7208	Kirovograd Oblast, Dereivka village	U5a1
I4112	6950	Kirovograd Oblast, Dereivka village	U5a2+16294
I5888	6950	Kirovograd Oblast, Dereivka village	U5b2b1
I5878	7139	Kirovograd Oblast, Dereivka village	U4b1a1a
I3712	7377	Volniensky, Vilnianka	U4b1a
I3713	6942	Volniensky, Vilnianka	U4b1a
I4112	6950	Kirovograd Oblast, Dereivka village	U5a2+16294
I5868	7313	Volniensky, Vilnianka	U4d
I5873	7334	Volniensky, Vilnianka	U4b
I5881	7077	Kirovograd Oblast, Dereivka village	U5a1
I5886	7212	Kirovograd Oblast, Dereivka village	U4a
I5889	6988	Kirovograd Oblast, Dereivka village	U5a2+16294
I5957	7287	Volniensky, Vilnianka	T2
I6133	7200	Volniensky, Vilnianka	U5b2
I1378	7300	Vovnigi	U4b
I1378	7300	Vovnigi	U5b2
I1917	4955	Ozera, OAE-99	R0a1+152
scy006	2550	Cherkasy Region, Gorodische District, Starosillya	D4j2
scy009	2568	Cherkasy Region, Gorodische District, Starosillya	J2b1a6
scy010	2606	Cherkasy Region, Gorodische District, Starosillya	N1b1a
scy011	2176	Cherkasy Region, Mankivsky District, Nesterivka	A
VK540	900	Shestovitsa	V
VK542	900	Chernigov	H5a2a
VK539	900	Shestovitsa	V
I5319	725	Alaska, western interior, Tochak McGrath, Upper Kuskokwim River	A2a1
I5321	725	Alaska, western interior, Tochak McGrath, Upper Kuskokwim River	A2+(64)
I5320	725	Alaska, western interior, Tochak McGrath, Upper Kuskokwim River	A2+(64)
I5319	725	Alaska, western interior, Tochak McGrath, Upper Kuskokwim River	A2a1
I5319	725	Alaska, western interior, Tochak McGrath, Upper Kuskokwim River	A2a1
523a	100	Palm Site	A2a
I1118	315	Alaska, Aleutian Islands, Kagamil Island Warm Cave	D2a1a
I1125	575	Alaska, Aleutian Islands, Ship Rock Island	D2a1a
I1127	435	Alaska, Aleutian Islands, Kagamil Island Warm Cave	D2a1a
I1128	405	Alaska, Aleutian Islands, Kagamil Island Warm Cave	D2a1a
I1129	395	Alaska, Aleutian Islands, Kagamil Island Warm Cave	D2a1a
I1123	315	Alaska, Aleutian Islands, Kagamil Island Warm Cave	A2a
I1124	230	Alaska, Aleutian Islands, Kagamil Island Warm Cave	D2a1a
I0712	1065	Alaska, Aleutian Islands, Umnak Island, Chaluka Midden	D2a1a
I0719	505	Alaska, Aleutian Islands, Umnak Island, Chaluka Midden	D2a1a
I0721	2070	Alaska, Aleutian Islands, Umnak Island, Chaluka Midden	D2a1a
I1126	965	Alaska, Aleutian Islands, Umnak Island, Chaluka Midden	D2a1a
I0719	505	Alaska, Aleutian Islands, Umnak Island, Chaluka Midden	D2a1a
ShukaKaa	10366	Alaska, Prince of Wales Island, On Your Knees Cave	D4h3a 
TrailCreek	9005	Alaska, Trail Creek	B2*
USR1	11425	Upward Sun River	C1
USR2	11425	Upward Sun River	B2
Anzick	12712	Montana, Anzick Ranch	D4h3a
PS-04	1550	Point Sal, CA	D1t
PS-09	1550	Point Sal, CA	A2
PS-34	1550	Point Sal, CA	A2cc
PS-26	1550	Point Sal, CA	D1t
NC	1336	New Cuyama, CA	D1
PS-02	1550	Point Sal, CA	D1t
PS-03	1456	Point Sal, CA	A2
PS-06	1454	Point Sal, CA	D1t
PS-07	1447	Point Sal, CA	D1t
PS-17	1550	Point Sal, CA	D1t
PS-18	1550	Point Sal, CA	D1t
PS-23	1550	Point Sal, CA	D1t
SN-31	4875	California, San Nicolas Island	A2
SN-41	4875	California, San Nicolas Island	A2ca
SN-45	4875	California, San Nicolas Island	n/a (<2x)
SN-55	4875	California, San Nicolas Island	A2
SN-56	4875	California, San Nicolas Island	A2cb
SN-60	4409	California, San Nicolas Island	A2cb
SN-04	4842	California, San Nicolas Island	A2ca
SN-17	5164	California, San Nicolas Island	A2ca
SN-20	4875	California, San Nicolas Island	A2cb
SN-25	4378	California, San Nicolas Island	A2cb
SN-32	5109	California, San Nicolas Island	A2cb
SN-37	4875	California, San Nicolas Island	A2ca
SN-39	4875	California, San Nicolas Island	A2cb
SN-44	5390	California, San Nicolas Island	A2cb
SN-48	4875	California, San Nicolas Island	A2
SN-54	4409	California, San Nicolas Island	A2cb
SN-57	4875	California, San Nicolas Island	A2ca
SN-58	4875	California, San Nicolas Island	A2ca
SN-59	5053	California, San Nicolas Island	A2cb
SN-01	3150	California, San Nicolas Island	B2a5b
SN-10	3150	California, San Nicolas Island	B2a5b
SN-12	1209	California, San Nicolas Island	C
SN-43	2635	California, San Nicolas Island	C1b41a
I15690	1467	California, San Nicolas Island	C1b41a1
SN-03	1588	California, San Nicolas Island	Cb16a1
SN-09	3150	California, San Nicolas Island	B2a5b
SN-11	1087	California, San Nicolas Island	D1
SN-13	796	California, San Nicolas Island	C1b
SN-15	1762	California, San Nicolas Island	Cb16a1
SN-16	3150	California, San Nicolas Island	B2a5b
SN-38	3150	California, San Nicolas Island	C1b41a1
SN-52	919	California, San Nicolas Island	B2y1
SN-53	737	California, San Nicolas Island	B2a5b
SN-51	1478	California, San Nicolas Island	C1b41a1
SC-02	950	San Clemente Island, CA	n/a (<2x)
CT-01	424	San Catalina Island, CA	C1b41a1a
CT-02	400	San Catalina Island, CA	C1b41a1
SC-01	950	San Clemente Island, CA	Cb16a1
SC-03	968	San Clemente Island, CA	C1b41a
SC-04	799	San Clemente Island, CA	B2a5
SC-05	1011	San Clemente Island, CA	Cb16a1
SC-06	950	San Clemente Island, CA	C1b41a
SC-07	950	San Clemente Island, CA	C1b41a1a
CH-01	1469	California, Carpenteria	A2
CR-01	1017	San Cruz Island, CA	A2
Ala1	300	Síi Túupentak (ALA-565/H), San Francisco Bay	C1c1b
SM-01	606	San Miguel Island, CA	A2
SM-02	722	San Miguel Island, CA	A2
I24298	400	Northern Mariana Islands, Saipan, Garapan, Best Sunshine Casino site	E2a
I24299	386	Northern Mariana Islands, Saipan, Garapan, Best Sunshine Casino site	E2a
I24340	400	Northern Mariana Islands, Saipan, Garapan, Best Sunshine Casino site	E2a
I24346	375	Northern Mariana Islands, Saipan, Garapan, Best Sunshine Casino site	E2a
I24347	400	Northern Mariana Islands, Saipan, Garapan, Best Sunshine Casino site	E2a
I24348	500	Northern Mariana Islands, Saipan, Garapan, Best Sunshine Casino site	E2a
I24496	602	Northern Mariana Islands, Saipan, Garapan, Best Sunshine Casino site	E2
I24497	510	Northern Mariana Islands, Saipan, Garapan, Best Sunshine Casino site	E1a1b
I24498	400	Northern Mariana Islands, Saipan, Garapan, Best Sunshine Casino site	E1a1b
I24500	475	Northern Mariana Islands, Saipan, Garapan, Best Sunshine Casino site	E2a
I24501	318	Northern Mariana Islands, Saipan, Garapan, Best Sunshine Casino site	E2a
I24502	382	Northern Mariana Islands, Saipan, Garapan, Best Sunshine Casino site	E2
I24504	540	Northern Mariana Islands, Saipan, Garapan, Best Sunshine Casino site	E2a
I24505	400	Northern Mariana Islands, Saipan, Garapan, Best Sunshine Casino site	B4a1a1
I24506	400	Northern Mariana Islands, Saipan, Garapan, Best Sunshine Casino site	E2a
I24507	475	Northern Mariana Islands, Saipan, Garapan, Best Sunshine Casino site	E2a
I24508	423	Northern Mariana Islands, Saipan, Garapan, Best Sunshine Casino site	E2a
I24509	400	Northern Mariana Islands, Saipan, Garapan, Best Sunshine Casino site	E2a
I24510	467	Northern Mariana Islands, Saipan, Garapan, Best Sunshine Casino site	E2a
I24511	500	Northern Mariana Islands, Saipan, Garapan, Best Sunshine Casino site	E1a1b
I24512	604	Northern Mariana Islands, Saipan, Garapan, Best Sunshine Casino site	E2a
I24513	400	Northern Mariana Islands, Saipan, Garapan, Best Sunshine Casino site	E1a1b
I24514	475	Northern Mariana Islands, Saipan, Garapan, Best Sunshine Casino site	E2a
I24515	600	Northern Mariana Islands, Saipan, Garapan, Best Sunshine Casino site	E1a1b
I24570	400	Northern Mariana Islands, Saipan, Garapan, Best Sunshine Casino site	E1a1b
I24588	400	Northern Mariana Islands, Saipan, Garapan, Best Sunshine Casino site	E2
I24589	400	Northern Mariana Islands, Saipan, Garapan, Best Sunshine Casino site	E2a
I24590	594	Northern Mariana Islands, Saipan, Garapan, Best Sunshine Casino site	E2a
I24591	400	Northern Mariana Islands, Saipan, Garapan, Best Sunshine Casino site	E1a1b
I24592	400	Northern Mariana Islands, Saipan, Garapan, Best Sunshine Casino site	E1a1b
I24593	536	Northern Mariana Islands, Saipan, Garapan, Best Sunshine Casino site	E1a1b
I24597	400	Northern Mariana Islands, Saipan, Garapan, Best Sunshine Casino site	E2a
I24598	400	Northern Mariana Islands, Saipan, Garapan, Best Sunshine Casino site	E1a1b
I24603	400	Northern Mariana Islands, Saipan, Garapan, Best Sunshine Casino site	E1a1b
I24604	400	Northern Mariana Islands, Saipan, Garapan, Best Sunshine Casino site	E1a1b
I24606	521	Northern Mariana Islands, Saipan, Garapan, Best Sunshine Casino site	E2a
I24607	475	Northern Mariana Islands, Saipan, Garapan, Best Sunshine Casino site	E2a
I24608	600	Northern Mariana Islands, Saipan, Garapan, Best Sunshine Casino site	E2a
I24609	400	Northern Mariana Islands, Saipan, Garapan, Best Sunshine Casino site	E2a
I24503	500	Northern Mariana Islands, Saipan, Garapan, Best Sunshine Casino site	E2a
I24339	375	Northern Mariana Islands, Saipan, Garapan, Best Sunshine Casino site	E2a
I24605	500	Northern Mariana Islands, Saipan, Garapan, Best Sunshine Casino site	E2
I24297	500	Northern Mariana Islands, Saipan, Garapan, Best Sunshine Casino site	E2a
I24569	525	Northern Mariana Islands, Saipan, Garapan, Best Sunshine Casino site	E1a1b
I24341	400	Northern Mariana Islands, Saipan, Garapan, Best Sunshine Casino site	E2
I24499	499	Northern Mariana Islands, Saipan, Garapan, Best Sunshine Casino site	E2a
Lovelock1	1935	Lovelock Cave, Nevada, US	D1
Lovelock2	1839	Lovelock Cave, Nevada, US	D1
Lovelock4	1743	Lovelock Cave, Nevada, US	D1
Lovelock3	648	Lovelock Cave, Nevada, US	B2a1
AHUR_2064	10962	Nevada, Spirit Cave	D1
AHUR770c	10988	Nevada, Spirit Cave	D1
I2717	859	New Mexico, Pueblo Bonito	B2y1
I2718	1018	New Mexico, Pueblo Bonito	B2y1
I2719	937	New Mexico, Pueblo Bonito	n/a (<2x)
I2716	934	New Mexico, Pueblo Bonito	B2y1
I2715	943	New Mexico, Pueblo Bonito	B2y1
US-14	334	Shohola Creek, Indian Cabin Ridge, PA	U4c1a
kennewick	8752	Washington State, Kennewick, Columbia River	X2a
I11025	3400	Bustan	N1b1a
I11026	3400	Bustan	U7a
I11027	3526	Bustan	T2c
I11519	3400	Bustan	J1b1b1
I4156	3400	Bustan	H2a2a
I4157	3400	Bustan	T1
I4159	3400	Bustan	R0
I4899	3400	Bustan	HV
I5604	3745	Bustan	K1a1
I5605	3400	Bustan	W6
I4158	3400	Bustan	H2
I11521	3400	Bustan	R1b1
I11520	3497	Bustan	HV2a2
I11028	5099	Bustan	W1+119
I4161	3900	Dzharkutan	H+16311
I4163	3458	Dzharkutan	J1b
I4312	3609	Dzharkutan	HV2a
I4313	3421	Dzharkutan	U3a'c
I4315	3461	Dzharkutan	R2+13500+195
I7411	3542	Dzharkutan	T2c1a
I4314	3756	Dzharkutan	n/a (<2x)
I4901	3900	Dzharkutan	U5a2+16294
I5608	3900	Dzharkutan	I4a
I7412	3642	Dzharkutan	H+16311
I4153	3050	Ferghana, Burial Kashkarchi	U5b2b
I4255	3050	Ferghana, Burial Kashkarchi	N1a1a1a1
I12499	3369	Kokcha 3	U5b1e1
I8506	3614	Kokcha 3	T
I8507	3950	Kokcha 3	U2e2a1d
I4285	3685	Sappali Tepe	U7a3a
I4286	3768	Sappali Tepe	I1c
I4288	3750	Sappali Tepe	W
I4289	3790	Sappali Tepe	U1a2
I7414	3925	Sappali Tepe	HV
I7416	3824	Sappali Tepe	U1a2
I7419	3754	Sappali Tepe	J1b
I7420	3750	Sappali Tepe	W3a1
I7421	3790	Sappali Tepe	J1b1b1
I7492	3853	Sappali Tepe	K1a
I7542	3766	Sappali Tepe	HV13b
I7493	3750	Sappali Tepe	U2e2a1d
I7494	3875	Sappali Tepe	HV20
I7495	3853	Sappali Tepe	H2a
I8508	6356	Zaman Baba	n/a (<2x)
FUT001	1159	Futuna	P1d2a
FUT002	1238	Futuna	M28b1
FUT006	1209	Futuna	P1d2a
FUT007	1204	Futuna	M28b1
I3921	1260	Epi Island, Burumbe	P1d1
I3921	1260	Epi Island, Burumbe	P1d1
I4096	1305	Epi Island, Burumbe	B4a1a1k
I4105	150	Epi Island, Wam Bay	M28a+204
I4106	140	Epi Island, Wam Bay	R
I4419	140	Efate, Banana Bay	R
I4424	140	Efate, Pango Village	R
I4425	135	Efate, Ifira	P2
I4105	150	Epi Island, Wam Bay	M28a+204
I4106	140	Epi Island, Wam Bay	B4a1a1a11
I4450	215	Efate, Pangpang	P1d2
MAL007	2038	Malakula	B4a1a1a
TAN001	202	Tanna	P1d1
MAL001	2240	Malakula	B4a1a1
MAL008	2238	Malakula	B4a1a1a
I4451	2260	Efate, Mele-Taplins	M28a7a
I4451	2260	Efate, Mele-Taplins	M28a7a
I6188	2400	Efate, Mele-Taplins	Q1b
MAL002	2525	Malakula	B4a1a1a
TAN002	2490	Tanna	Q2a
MAL004	2567	Malakula	B4a1a1a
MAL006	2665	Malakula	B4a1a1a11
I1368	2870	Efate, Teouma	B4a1a1
I1369	2885	Efate, Teouma	n/a (<2x)
I1370	2945	Efate, Teouma	n/a (<2x)
I5951	2820	Efate, Teouma	B4a1a1a
I1369	2885	Efate, Teouma	R
I1368	2870	Efate, Teouma	B4a1a1
I1370	2945	Efate, Teouma	B4a1a1
I5266	2950	Efate, Teouma	B4a1a1a1
I5267	2990	Efate, Teouma	n/a (<2x)
I5265	2950	Efate, Teouma	n/a (<2x)
I5268	2885	Efate, Teouma	n/a (<2x)
I10968	400	Retoka	B4a1a1
I10969	400	Retoka	P2
I14493	387	Retoka	P2
I5259	480	Efate, Mangalitu	P1f
I17889	2345	Las Locas	B2j
I17890	2235	Las Locas	B2j
I17891	2230	Las Locas	B2j
I17892	2337	Las Locas	B2j
I17893	2226	Las Locas	B2j
I17894	2263	Las Locas	B2d
I17895	2250	Las Locas	B2j
I17896	2250	Las Locas	B2d
I2497	1950	Nui Nap	C7a
I2948	1947	Nui Nap	n/a (<2x)
I2497	1950	Nui Nap	C7a
I2948	1947	Nui Nap	n/a (<2x)
Vt779	2237	Northern Thanh Noa, Nui Nap	M7c1b2b
Vt781	2242	Northern Thanh Noa, Nui Nap	F1a
Vt796	2138	Northern Thanh Noa, Nui Nap	F1e3
Vt808	2248	Northern Thanh Noa, Nui Nap	M7b1a1
Vt719	219	Northeast Quang Ninh, Hon Hai Co Tien	M7c2
Vt880	3950	Northeast Quang Ninh, Hhon Hai Co Tien	F1f
Vt777	2271	Northern Thanh Hoa, Mai Da Dieu	F1a1'4
Vt778	2648	Northwest Lai Châu, Nam Tun	F1a1a1
Vt833	4168	Northern Thanh Hoa, Mai Da Dieu	M20
I0627	3949	Man Bac	M7b1a1+(16192)
I1135	3715	Man Bac	M7
I1859	3762	Man Bac	M13b1
I2731	3684	Man Bac	M74b
I2947	3850	Man Bac	n/a (<2x)
I0626	3850	Man Bac	B5a1a
I0627	3949	Man Bac	M7b1a1+(16192)
I1859	3762	Man Bac	M13b1
I2731	3684	Man Bac	M74b
I2726	3850	Man Bac	n/a (<2x)
I1137	3758	Man Bac	n/a (<2x)
I1137	3758	Man Bac	n/a (<2x)
VV1-01	0	Vellalar	R7 
VV1-03	0	Vellalar	M3c1b 
VV1-04	0	Vellalar	R8a2 
VV1-05	0	Vellalar	M36d;M 
VV1-06	0	Vellalar	M4 
VV1-07	0	Vellalar	M36d;M 
VV1-14	0	Vellalar	R7 
VV1-16	0	Vellalar	R8a2 
VV1-20	0	Vellalar	R8a2 
I1775	3563	Wales, North Wales, Llandudno, Great Orme	I3
I6771	2042	Wales, Glamorgan, Llantwit Major, Llanmaes	U4b1a
I5364	2644	Wales, West Glamorgan, Culverhole Cave	H5c
I16488	3050	Wales, West Glamorgan, Gower Peninsula, Port Eynon, Culver Hole Cave	U5a1b1
I16471	2025	Wales, Glamorgan, Llantwit Major, Llanmaes	J1c2e
I16476	3350	Wales, West Glamorgan, Gower Peninsula, Port Eynon, Culver Hole Cave	H24
I2574	3277	Wales, North Wales, Llandudno, Great Orme	U5a1a2b
I16479	3250	Wales, Conwy, Llandudno, Little Ormes Head, Ogof Rhiwledyn	n/a (<2x)
I5440	3383	Wales, Glamorgan, St. Fagan's	K1c1
I6754	9580	Wales, Pembrokeshire, Caldey Island, Ogof-Yr-Ychen	U5b1+16189
I6754	9580	Wales, Pembrokeshire, Caldey Island, Ogof-Yr-Ychen	U5b
I16405	2250	Wales, Glamorgan, RAF St Athan	K1a+195
I16410	2226	Wales, Clwyd, Dinorben	T2b
I16475	2226	Wales, Clwyd, Dinorben	X2b
I16514	2226	Wales, Clwyd, Dinorben	HV0
I16491	4686	Wales, Denbighshire, Llanferres, Orchid Cave	U5b2b
I3023	5300	Wales, Brechnockshire, Hay-on-Wye, Little Lodge	T / V22
I3033	5533	Wales, Pembrokeshire, Caldey Island, Ogof-Yr-Ychen	H
I5358	4918	Wales, Denbighshire, Rhos Ddigre	K1a1
I5359	5600	Wales, Glamorgan, Tinkinswood	H5
I3033	5533	Wales, Pembrokeshire, Caldey Island, Ogof-Yr-Ychen	U5b
I3023	5300	Wales, Brechnockshire, Hay-on-Wye, Little Lodge	T / V22
I3033	5533	Wales, Pembrokeshire, Caldey Island, Ogof-Yr-Ychen	U5b
I5357	4776	Wales, Anglesey, Bryn Yr Hen Bobl	L / N5
I5358	4918	Wales, Denbighshire, Rhos Ddigre	K1a4
I5359	5600	Wales, Glamorgan, Tinkinswood	H5
I6770	5200	Wales, Flintshire, Gop Cave	K1
Y2040	0	..	A2 
I10726	5095	Eastern Province, Kalemba	L0d1b2b
GUP001	7250	South Sulawesi, Leang Panninge	M1
JAG34	3715	Osijek, Jagodnjak-Krcevine	K2a
JAG58	3650	Osijek, Jagodnjak-Krcevine	T2b11
JAG78	3650	Osijek, Jagodnjak-Krcevine	U5b1b1a
JAG82	3650	Osijek, Jagodnjak-Krcevine	U2e1a1
JAG85	3650	Osijek, Jagodnjak-Krcevine	K1b1b1
JAG93	3650	Osijek, Jagodnjak-Krcevine	U5a1g
POP02	6450	Osijek, Beli Manastir-Popova zemlja	K1a
POP04	6450	Osijek, Beli Manastir-Popova zemlja	H
POP05	6450	Osijek, Beli Manastir-Popova zemlja	K1a5
POP06	6450	Osijek, Beli Manastir-Popova zemlja	K2b1
POP07	6635	Osijek, Beli Manastir-Popova zemlja	U5b2b
POP08	6450	Osijek, Beli Manastir-Popova zemlja	U8b1a1
POP09	6450	Osijek, Beli Manastir-Popova zemlja	K1a4
POP12	6450	Osijek, Beli Manastir-Popova zemlja	T2b
POP13	6450	Osijek, Beli Manastir-Popova zemlja	T2c1d1
POP14	6488	Osijek, Beli Manastir-Popova zemlja	N1a1a1
POP16	6450	Osijek, Beli Manastir-Popova zemlja	N1a1a1a2
POP19	6450	Osijek, Beli Manastir-Popova zemlja	N1a1a1a3
POP23	1586	Osijek, Beli Manastir-Popova zemlja	T2f2
POP24	6450	Osijek, Beli Manastir-Popova zemlja	K1a1a
POP27	6450	Osijek, Beli Manastir-Popova zemlja	T2b21
POP33	6324	Osijek, Beli Manastir-Popova zemlja	K1a1
POP36	6450	Osijek, Beli Manastir-Popova zemlja	H
POP39	4626	Osijek, Beli Manastir-Popova zemlja	HV9
ALA120	3550	Hatay, Tell Atchana (Alalakh)	H92
ALA123	3550	Hatay, Tell Atchana (Alalakh)	X2d
ALA130	3550	Hatay, Tell Atchana (Alalakh)	K1a4c1
ALA131	3550	Hatay, Tell Atchana (Alalakh)	K1a4a
ALA135	3550	Hatay, Tell Atchana (Alalakh)	R1a
ALA138	3550	Hatay, Tell Atchana (Alalakh)	K1a
Syltholm1	5746	Lolland, Syltholm	K1e
C2034	4498	Xinjiang, Aletai (Altay) Region, Habahe  County, Ayituohan	U5a1a1
C2035	4498	Xinjiang, Aletai Region, Habahe  County, Ayituohan	T2d1a
C1703	4200	Xinjiang, Aletai Region, Habahe  County, Tuoganbai	U4a1
C1701	4200	Xinjiang, Aletai Region, Habahe  County, Tuoganbai	R1b1
C1704	4200	Xinjiang, Aletai Region, Habahe  County, Tuoganbai	H2a1
C1699	4200	Xinjiang, Aletai Region, Habahe  County, Tuoganbai	H2a1
C1700	4200	Xinjiang, Aletai Region, Habahe  County, Tuoganbai	H2a1
C1702	4200	Xinjiang, Aletai Region, Habahe  County, Tuoganbai	R1b1
C794	4498	Xinjiang, Aletai Region, Habahe  County, Habahe	U5a1a1
C1707	4632	Xinjiang, Aletai Region, Buerjin (Burqin)  County, Bolati 	U4d3
C1708	2371	Xinjiang, Aletai Region, Buerjin  County, Bolati 	H6a1b2
C1705	2221	Xinjiang, Aletai Region, Buerjin  County, Kalatasi	F1c1a1
C1706	2221	Xinjiang, Aletai Region, Buerjin  County, Kalatasi	D4c1b1
C1709	2214	Xinjiang, Aletai Region, Buerjin  County, Tuwaxingcun	D4e4
C2037	4224	Xinjiang, Aletai Region, Qinghe  County, Chaganguole (Chagangole)	D4j15
C2036	4224	Xinjiang, Aletai Region, Qinghe  County, Chaganguole	A12
C2040	4224	Xinjiang, Aletai Region, Qinghe  County, Chaganguole	C4+152
C2041	4224	Xinjiang, Aletai Region, Qinghe  County, Chaganguole	T2c1a2
C2043	4224	Xinjiang, Aletai Region, Qinghe  County, Chaganguole	C4
C2045	4409	Xinjiang, Aletai Region, Qinghe  County, Chaganguole	W3a1a
C2046	4038	Xinjiang, Aletai Region, Qinghe  County, Chaganguole	D4j7
C2047	4187	Xinjiang, Aletai Region, Qinghe  County, Chaganguole	N1b1a
C2048	4224	Xinjiang, Aletai Region, Qinghe  County, Chaganguole	U7a3a
C2049	4224	Xinjiang, Aletai Region, Qinghe  County, Chaganguole	U5a1b1
C2042	2182	Xinjiang, Aletai Region, Qinghe  County, Chaganguole	H5a1
C3344	4131	Xinjiang, Aletai Region, Jimunai (Jeminay)  County, Songshugou	R1b
C3349	4531	Xinjiang, Aletai Region, Jimunai  County, Songshugou	U4a2
C3343	4952	Xinjiang, Aletai Region, Jimunai  County, Songshugou	A10
C3348	3207	Xinjiang, Aletai Region, Jimunai  County, Songshugou	C4e
C3345	2574	Xinjiang, Aletai Region, Jimunai  County, Songshugou	U7a
C3350	2574	Xinjiang, Aletai Region, Jimunai  County, Songshugou	U4b1a1a1
C3351	2574	Xinjiang, Aletai Region, Jimunai  County, Songshugou	D5a2a1b
C3352	2574	Xinjiang, Aletai Region, Jimunai  County, Songshugou	D4e1
C3353	2574	Xinjiang, Aletai Region, Jimunai  County, Songshugou	A26
C3346	2574	Xinjiang, Aletai Region, Jimunai  County, Songshugou	F1b1+@152
C2057	2351	Xinjiang, Aletai Region, Qinghe  County, Sandaohaizi	C4a1a+195
C1711	2538	Xinjiang, Aletai Region, Habahe  County, Dongtalede	D4j8
C1712	1008	Xinjiang, Aletai Region, Habahe  County, Dongtalede	D4c2b
C1710	2538	Xinjiang, Aletai Region, Habahe  County, Dongtalede	D4o2a
C1713	2538	Xinjiang, Aletai Region, Habahe  County, Dongtalede	D4j8
C4132	2446	Xinjiang, Yili(Ili) Region, Chabuchaer(Qapqal)  County, Abusanteer	C4
C4268	2446	Xinjiang, Yili Region, Chabuchaer  County, Abusanteer	H2b
C4272	2446	Xinjiang, Yili Region, Chabuchaer  County, Abusanteer	T1a1
C4273	2446	Xinjiang, Yili Region, Chabuchaer  County, Abusanteer	C4
C4127	2246	Xinjiang, Yili Region, Chabuchaer  County, Abusanteer	C4
C4140	1787	Xinjiang, Yili Region, Chabuchaer  County, Abusanteer	U5a1d2
C4131	2617	Xinjiang, Yili Region, Chabuchaer  County, Abusanteer	T1a1
C4255	2517	Xinjiang, Tacheng Region, Emin  County, Eminhuojierte	U4a2
C1653	579	Xinjiang, Yili Region, Tekesi  County, Junmachanyilian	K1a
C1654	733	Xinjiang, Yili Region, Tekesi  County, Junmachanyilian	U9b1
C1656	597	Xinjiang, Yili Region, Tekesi  County, Junmachanyilian	K1a
C1652	1551	Xinjiang, Yili Region, Tekesi  County, Junmachanyilian	C4a1a+195
C1650	2420	Xinjiang, Yili Region, Tekesi  County, Junmachanyilian	D4j8
C1655	2367	Xinjiang, Yili Region, Tekesi  County, Junmachanyilian	T1a1b1
C4149	1008	Xinjiang, Yili Region, Tekesi  County, Kafulang 	F2f
C1662	3360	Xinjiang, Yili Region, Tekesi  County, Kuokesuxi 	U5a2a1
C1668	2154	Xinjiang, Yili Region, Tekesi  County, Kuokesuxi 	C4a1
C1670	2419	Xinjiang, Yili Region, Tekesi  County, Kuokesuxi 	D4j+(16286)
C1667	2204	Xinjiang, Yili Region, Tekesi  County, Kuokesuxi 	T2b34
C1672	2247	Xinjiang, Yili Region, Tekesi  County, Kuokesuxi 	J1b1a3
C1673	2229	Xinjiang, Yili Region, Tekesi  County, Kuokesuxi 	U2e1b
C1675	2226	Xinjiang, Yili Region, Tekesi  County, Kuokesuxi 	T2b34
C1664	2034	Xinjiang, Yili Region, Tekesi  County, Kuokesuxi 	H101
C4276	2420	Xinjiang, Yili Region, Tekesi  County, Qiafuqihaishuiku	J1b1a1
C4150	1553	Xinjiang, Yili Region, Nileke(Nilka)  County, Keqikesubutai	D5a3a1
C3318	2145	Xinjiang, Yili Region, Nileke  County, Caishichang	A11
C3312	2130	Xinjiang, Yili Region, Nileke  County, Caishichang	T2b2
C3315	2038	Xinjiang, Yili Region, Nileke  County, Caishichang	M3
C3317	2130	Xinjiang, Yili Region, Nileke  County, Caishichang	D4j5
C3319	2351	Xinjiang, Yili Region, Nileke  County, Caishichang	U4a2
C3320	2252	Xinjiang, Yili Region, Nileke  County, Caishichang	U5b1b2
C3313	2252	Xinjiang, Yili Region, Nileke  County, Caishichang	U4b1a4
C3314	2252	Xinjiang, Yili Region, Nileke  County, Caishichang	M3
C791	2515	Xinjiang, Yili Region, Nileke  County, Dongmaili 	D4j3a
C792	2515	Xinjiang, Yili Region, Nileke  County, Dongmaili 	F1b1+@152
C790	2515	Xinjiang, Yili Region, Nileke  County, Dongmaili 	T2b
C3339	4901	Xinjiang, Yili Region, Nileke  County, G218	H15b1
C3340	4745	Xinjiang, Yili Region, Nileke  County, G218	U5a1b
C3341	4671	Xinjiang, Yili Region, Nileke  County, G218	R1b1
C3324	2245	Xinjiang, Yili Region, Nileke  County, G218	H6a1b2
C3325	2027	Xinjiang, Yili Region, Nileke  County, G218	D4j12
C3331	2139	Xinjiang, Yili Region, Nileke  County, G218	HV18
C3332	2139	Xinjiang, Yili Region, Nileke  County, G218	D5a2a1b
C3333	2218	Xinjiang, Yili Region, Nileke  County, G218	H6b2
C3337	2139	Xinjiang, Yili Region, Nileke  County, G218	C4a2c
C3326	612	Xinjiang, Yili Region, Nileke  County, G218	G2a2
C3316	2027	Xinjiang, Yili Region, Nileke  County, Guanjingtai 	C4+152
C1367	3084	Xinjiang, Yili Region, Nileke  County, Jirentaigoukou	H7b
C1358	2181	Xinjiang, Yili Region, Nileke  County, Jirentaigoukou	U5a1f1
C1359	2256	Xinjiang, Yili Region, Nileke  County, Jirentaigoukou	C4
C1360	2256	Xinjiang, Yili Region, Nileke  County, Jirentaigoukou	T1a1
C1368	2256	Xinjiang, Yili Region, Nileke  County, Jirentaigoukou	H15b
C1369	2256	Xinjiang, Yili Region, Nileke  County, Jirentaigoukou	D4e1
C1362	2256	Xinjiang, Yili Region, Nileke  County, Jirentaigoukou	R1b1
C1364	2181	Xinjiang, Yili Region, Nileke  County, Jirentaigoukou	H101
C1366	2181	Xinjiang, Yili Region, Nileke  County, Jirentaigoukou	U5a1f1
C1365	3246	Xinjiang, Yili Region, Nileke  County, Jirentaigoukou	H13a2b3
C1370	1318	Xinjiang, Yili Region, Nileke  County, Jirentaigoukou	C4b
C627	2160	Xinjiang, Yili Region, Nileke  County, Tangbalesayi 	N9a9
C4263	2160	Xinjiang, Yili Region, Nileke  County, Tangbalesayi 	A8a1
C4257	2160	Xinjiang, Yili Region, Nileke  County, Tangbalesayi 	N9a9
C1714	3516	Xinjiang, Yili Region, Nileke  County, Tangbalesayi 	U2e2a
C785	2160	Xinjiang, Yili Region, Nileke  County, Tangbalesayi 	A8a1
C787	2221	Xinjiang, Yili Region, Nileke  County, Tangbalesayi 	C4
C4260	2152	Xinjiang, Yili Region, Nileke  County, Tangbalesayi 	U2e1'2'3
C4265	939	Xinjiang, Yili Region, Nileke  County, Tangbalesayi 	U5a2a2a
C628	2185	Xinjiang, Yili Region, Nileke  County, Tangbalesayi 	U5a1d2b
C629	939	Xinjiang, Yili Region, Nileke  County, Tangbalesayi 	C4a1a4a
C789	939	Xinjiang, Yili Region, Nileke  County, Tangbalesayi 	C4a1a4a
C783	939	Xinjiang, Yili Region, Nileke  County, Tangbalesayi 	U5a1i
C4278	2241	Xinjiang, Yili Region, Nileke  County, Wulanbuluke	C4+152
C4280	2241	Xinjiang, Yili Region, Nileke  County, Wulanbuluke	C4+152
C4279	2241	Xinjiang, Yili Region, Nileke  County, Wulanbuluke	D4b1
C1639	3491	Xinjiang, Yili Region, Nileke  County, Wutulan	T2b34
C4282	3413	Xinjiang, Yili Region, Nileke  County, Wutulan	T2b34
C1646	2180	Xinjiang, Yili Region, Nileke  County, Wutulan	T2c1a
C1647	2180	Xinjiang, Yili Region, Nileke  County, Wutulan	A14
C1649	2180	Xinjiang, Yili Region, Nileke  County, Wutulan	U5a1b
C1634	2268	Xinjiang, Yili Region, Nileke  County, Wutulan	A26
C1635	2180	Xinjiang, Yili Region, Nileke  County, Wutulan	D4i
C1636	2180	Xinjiang, Yili Region, Nileke  County, Wutulan	C1e
C1637	2153	Xinjiang, Yili Region, Nileke  County, Wutulan	C4
C1640	2177	Xinjiang, Yili Region, Nileke  County, Wutulan	T2b2
C1633	2221	Xinjiang, Yili Region, Nileke  County, Wutulan	D4i
C1638	2180	Xinjiang, Yili Region, Nileke  County, Wutulan	D4i
C4283	2181	Xinjiang, Yili Region, Nileke  County, Wutulan	T2b4h
C847	2521	Xinjiang, Yili Region, Nileke  County, Wuzan	W3b
C799	2413	Xinjiang, Yili Region, Nileke  County, Wuzan	U5a2+16294
C845	2515	Xinjiang, Yili Region, Nileke  County, Wuzan	G3a3
C846	2515	Xinjiang, Yili Region, Nileke  County, Wuzan	A8a1
C851	2515	Xinjiang, Yili Region, Nileke  County, Wuzan	C4a1a+195
C3365	2533	Xinjiang, Yili Region, Xinyuan  County, Sahaxibei	U5a2a1
C3359	2028	Xinjiang, Yili Region, Xinyuan  County, Zeketai 	R1b1
C3361	2028	Xinjiang, Yili Region, Xinyuan  County, Zeketai 	R1b1
C3354	2250	Xinjiang, Yili Region, Xinyuan  County, Tielieketesai	HV20
C3355	2250	Xinjiang, Yili Region, Xinyuan  County, Tielieketesai	H7b
C3356	2054	Xinjiang, Yili Region, Xinyuan  County, Tielieketesai	C4a1a+195
C3362	2248	Xinjiang, Yili Region, Xinyuan  County, Axile 	U7b
C3363	2253	Xinjiang, Yili Region, Xinyuan  County, Axile 	U5a1d2a
C1660	2533	Xinjiang, Yili Region, Xinyuan  County, Ayousaigoukou	C4a1a+195
C1658	2248	Xinjiang, Yili Region, Xinyuan  County, Ayousaigoukou	HV14a
C1659	2248	Xinjiang, Yili Region, Xinyuan  County, Ayousaigoukou	HV14a
C1661	498	Xinjiang, Yili Region, Xinyuan  County, Ayousaigoukou	G2a+152
C1679	2250	Xinjiang, Yili Region, Zhaosu  County, Simutasi	G2b2
C1678	2250	Xinjiang, Yili Region, Zhaosu  County, Simutasi	U8b1a2a
C1677	875	Xinjiang, Yili Region, Zhaosu  County, Simutasi	G2a2
C3617	2244	Xinjiang, Changji Region, Qitai  County, Baiyanghe	R1b1
C3616	2025	Xinjiang, Changji Region, Qitai  County, Baiyanghe	T2d1
C3619	1089	Xinjiang, Changji Region, Qitai  County, Baiyanghe	D4c2a
C795	1620	Xinjiang, Bayinguoleng(Bayingolin) Region, Qiemo(Qarqan/Cherchen)  County, Xikakandasayi 	M13a1b
C812	2181	Xinjiang, Bayinguoleng Region, Qiemo  County, Zhagunluke(Zaghunluq)	H5a1
C830	2190	Xinjiang, Bayinguoleng Region, Qiemo  County, Zhagunluke	T1a1b1
C833	2148	Xinjiang, Bayinguoleng Region, Qiemo  County, Zhagunluke	R2+13500
C837	2404	Xinjiang, Bayinguoleng Region, Qiemo  County, Zhagunluke	HV12
C3652	1945	Xinjiang, Bayinguoleng Region, Qiemo  County, Zhagunluke	J1b2
C825	2190	Xinjiang, Bayinguoleng Region, Qiemo  County, Zhagunluke	N1a3a
C836	2190	Xinjiang, Bayinguoleng Region, Qiemo  County, Zhagunluke	T2b34
C3665	2190	Xinjiang, Bayinguoleng Region, Qiemo  County, Zhagunluke	D4i
C3666	2027	Xinjiang, Bayinguoleng Region, Qiemo  County, Zhagunluke	T1a1b1
C3674	2190	Xinjiang, Bayinguoleng Region, Qiemo  County, Zhagunluke	N1a1a1a1
C814	2190	Xinjiang, Bayinguoleng Region, Qiemo  County, Zhagunluke	D4j5
C3671	2190	Xinjiang, Bayinguoleng Region, Qiemo  County, Zhagunluke	H2b
C818	2190	Xinjiang, Bayinguoleng Region, Qiemo  County, Zhagunluke	H5a1
C822	2415	Xinjiang, Bayinguoleng Region, Qiemo  County, Zhagunluke	H5a1
C840	2190	Xinjiang, Bayinguoleng Region, Qiemo  County, Zhagunluke	U5a2a1
C3654	2190	Xinjiang, Bayinguoleng Region, Qiemo  County, Zhagunluke	C7b
C2031	1811	Xinjiang, Bayinguoleng Region, Yuli  County, Xianshuiquangucheng	I1b
C2032	1811	Xinjiang, Bayinguoleng Region, Yuli  County, Xianshuiquangucheng	U2e1h
C1192	2515	Xinjiang, Kashi (Kashgar) Region, Tashikuergan(Taxkorgan)  County, Jierzankale(Jirzankal)	H14a
C1194	2515	Xinjiang, Kashi Region, Tashikuergan  County, Jierzankale	H13a2a
C1203	2515	Xinjiang, Kashi Region, Tashikuergan  County, Jierzankale	U2e1h
C1206	2351	Xinjiang, Kashi Region, Tashikuergan  County, Jierzankale	U5a1a1
C1207	2515	Xinjiang, Kashi Region, Tashikuergan  County, Jierzankale	A+152+16362+16189
C1212	2515	Xinjiang, Kashi Region, Tashikuergan  County, Jierzankale	M3a1+204
C1221	2515	Xinjiang, Kashi Region, Tashikuergan  County, Jierzankale	D4j
C1222	2515	Xinjiang, Kashi Region, Tashikuergan  County, Jierzankale	C4a2c1
C1229	2515	Xinjiang, Kashi Region, Tashikuergan  County, Jierzankale	D4j7
C1197	2515	Xinjiang, Kashi Region, Tashikuergan  County, Jierzankale	A+152+16362
C1220	2515	Xinjiang, Kashi Region, Tashikuergan  County, Jierzankale	C4a2c1
C1227	2515	Xinjiang, Kashi Region, Tashikuergan  County, Jierzankale	C4a2c1
C1230	2515	Xinjiang, Kashi Region, Tashikuergan  County, Jierzankale	D4j7
C1235	2752	Xinjiang, Hetian(Hotan/Khotan) Region, Yutian (Keriya)  County, Liushui	R2+13500
C1246	2794	Xinjiang, Hetian Region, Yutian  County, Liushui	H6a1a
C1258	2895	Xinjiang, Hetian Region, Yutian  County, Liushui	H14b2
C1259	2577	Xinjiang, Hetian Region, Yutian  County, Liushui	U3b1a1
C387	1651	Xinjiang, Hetian Region, Luopu  County, Hetian	U4b1a4
C388	1651	Xinjiang, Hetian Region, Luopu  County, Hetian	M3
C389	1651	Xinjiang, Hetian Region, Luopu  County, Hetian	U5b1b
C390	1651	Xinjiang, Hetian Region, Luopu  County, Hetian	H
C392	1651	Xinjiang, Hetian Region, Luopu  County, Hetian	J1b1a1
C393	1651	Xinjiang, Hetian Region, Luopu  County, Hetian	T1a1
C391	1780	Xinjiang, Hetian Region, Luopu  County, Hetian	N
C401	1651	Xinjiang, Hetian Region, Luopu  County, Hetian	U4a2
C402	1651	Xinjiang, Hetian Region, Luopu  County, Hetian	C4a1a+195
C3633	1789	Xinjiang, Hetian Region, Luopu  County, Shanpula(Sampula)	W3a1
C3642	1789	Xinjiang, Hetian Region, Luopu  County, Shanpula	H6a1a
C3622	1789	Xinjiang, Hetian Region, Luopu  County, Shanpula	U4a2
C3631	1789	Xinjiang, Hetian Region, Luopu  County, Shanpula	U5a2a2a
C3624	1789	Xinjiang, Hetian Region, Luopu  County, Shanpula	H2b
C3625	1789	Xinjiang, Hetian Region, Luopu  County, Shanpula	H5c
C793	2351	Xinjiang, N/A, Unknown	D4j5
CNE1	2725	Mustang, Chokhopani	A17
KM4	2351	Manang, Kyang	F1c1a1a
KS20_KS25	2351	Manang, Kyang	M9a1b1
KS21_KS23_KS4	2351	Manang, Kyang	A6b
KS26	2351	Manang, Kyang	M62a
KS5	2351	Manang, Kyang	U2b1
KS8	2351	Manang, Kyang	F1c1a1a
KS9	2351	Manang, Kyang	M9a1a1c1b1a
L1	3150	Mustang, Lubrak	F1d
L2	3150	Mustang, Lubrak	M9a1a1c1b1a
M2113	2275	Mustang, Mebrak	M9a1a1c1b1a
M241	2275	Mustang, Mebrak	M9a1b1
M295	2275	Mustang, Mebrak	F1c1a1a
M354	2275	Mustang, Mebrak	M9a1a1c1b1a
M368	2275	Mustang, Mebrak	M9a1a1c1b1a
M4580	2275	Mustang, Mebrak	F1c1a1a
M4681	2275	Mustang, Mebrak	M9a1a1c1b1a
M63_M339_M359	2275	Mustang, Mebrak	M9a1a1c1b1a
M3490	2275	Mustang, Mebrak	F1c1a1a
R1	2650	Mustang, Rhirhi	F1g
R2_R7	2650	Mustang, Rhirhi	F1c1a1a
R5	2650	Mustang, Rhirhi	F1c1a1a
R8	2650	Mustang, Rhirhi	M13a2
S10_S13	1275	Mustang, Samdzong	M9a1a1c1b1a
S143_S173	1275	Mustang, Samdzong	M9a1a1c1b1a
S153_S183	1275	Mustang, Samdzong	D4i
S18_S20_S21_S22	1275	Mustang, Samdzong	M9a1a1c1b
S36	1275	Mustang, Samdzong	F1c1a1
S8	1275	Mustang, Samdzong	F1g
U1	3388	Mustang, Suila	M9a1a1c1b1a
U2	3388	Mustang, Suila	M9a1a1c1
CO001	1046	Cullcunche	B2
CO066	422	Maucallacta	B2b
CO154	388	Antaura	A2d1
CO193	614	Cotahuasi	B2
TW004	1025	Akapana	C1b
TW008	1021	Akapana	B2
TW013	1660	Lukurmata	C1b
TW020	853	Lukurmata	B2
TW027	935	Lukurmata	B2
TW028	455	Lukurmata	B2
TW033	539	Totocachi	B2
TW056	1010	Monolito Descabezado	C1d1
TW059	1227	Pumapunku	B2
TW060	966	Akapana	D1
TW061	914	Akapana	B2b
TW063	1223	Putuni	C1c
TW097	1017	Akapana	C1c
ZKU002	34054	Bohemia, Koněprusy Caves, Zlatý kůň	N
UZZ5054	10661	Sicily, Grotta dell’Uzzo	U2'3'4'7'8'9
UZZ4446	8488	Sicily, Grotta dell’Uzzo	U5b2b
UZZ033	7245	Sicily, Grotta dell’Uzzo	U8b1b1
UZZ034	7265	Sicily, Grotta dell’Uzzo	U8b1b1
UZZ040	8279	Sicily, Grotta dell’Uzzo	U4a2f
UZZ061	6739	Sicily, Grotta dell’Uzzo	K1a2
UZZ069	8628	Sicily, Grotta dell’Uzzo	U5b2b
UZZ071	7884	Sicily, Grotta dell’Uzzo	U5a2+16294
UZZ074	7217	Sicily, Grotta dell’Uzzo	N1a1a1
UZZ075	7217	Sicily, Grotta dell’Uzzo	J1c5
UZZ077	7367	Sicily, Grotta dell’Uzzo	H
UZZ079	8580	Sicily, Grotta dell’Uzzo	U5b3(d)
UZZ080	8580	Sicily, Grotta dell’Uzzo	U5b2b1a
UZZ081	8578	Sicily, Grotta dell’Uzzo	U5b3(d)
UZZ082	8580	Sicily, Grotta dell’Uzzo	U5a1
UZZ088	7875	Sicily, Grotta dell’Uzzo	U5b3(d)
UZZ096	10250	Sicily, Grotta dell’Uzzo	U2'3'4'7'8'9
UZZ099	5951	Sicily, Grotta dell’Uzzo	X2b
I7569	3484	England, Lincolnshire, Langtoft	K1a1b1
SAL011	2237	Apulia, Salapia	U5b1
SGR001	1227	Apulia, SanGiovanniRotondo	U3a
ORD006	2576	Apulia, Ordona, Herdonia	H+16291T
ORD009	2497	Apulia, Ordona, Herdonia	H5c
SAL001	3102	Apulia, Salapia	H1+16189!
SAL003	2289	Apulia, Salapia	K1a2a
ORD001	2604	Apulia, Ordona, Herdonia	H5c
ORD004	2389	Apulia, Ordona, Herdonia	U8b1b1
SAL007	2700	Apulia, Salapia	K1a+195T!
SAL010	2700	Apulia, Salapia	U5a1
ORD014	2507	Apulia, Ordona, Herdonia	I5a2+16086C
ORD019	1750	Apulia, Ordona, Herdonia	T2e
SGR002	2541	Apulia, SanGiovanniRotondo	U5b1d1
SGR003	2225	Apulia, SanGiovanniRotondo	H1+16311T!
ORD010	870	Apulia, Ordona, Herdonia	X2i
ORD011	1750	Apulia, Ordona, Herdonia	H1e
DER002	6950	Saxony-Anhalt, Mittelelbe-Saaleregion, Derenburg-MeerenstiegII	W5
DER009	7028	Saxony-Anhalt, Mittelelbe-Saaleregion, Derenburg-MeerenstiegII	HV+16311
DER002	6950	Saxony-Anhalt, Mittelelbe-Saaleregion, Derenburg-MeerenstiegII	W5
DER003	6950	Saxony-Anhalt, Mittelelbe-Saaleregion, Derenburg-MeerenstiegII	T2b
DER004	6950	Saxony-Anhalt, Mittelelbe-Saaleregion, Derenburg-MeerenstiegII	K1a
DER005	7053	Saxony-Anhalt, Mittelelbe-Saaleregion, Derenburg-MeerenstiegII	N1a1a1a
DER006	6950	Saxony-Anhalt, Mittelelbe-Saaleregion, Derenburg-MeerenstiegII	J1c
DER007	6950	Saxony-Anhalt, Mittelelbe-Saaleregion, Derenburg-MeerenstiegII	N1a1a1
DER009	7028	Saxony-Anhalt, Mittelelbe-Saaleregion, Derenburg-MeerenstiegII	HV+16311
DER010	6966	Saxony-Anhalt, Mittelelbe-Saaleregion, Derenburg-MeerenstiegII	N1a1a1a3
DER011	6950	Saxony-Anhalt, Mittelelbe-Saaleregion, Derenburg-MeerenstiegII	H1j
DER012	6950	Saxony-Anhalt, Mittelelbe-Saaleregion, Derenburg-MeerenstiegII	T2b23
DER013	6950	Saxony-Anhalt, Mittelelbe-Saaleregion, Derenburg-MeerenstiegII	W5
DER014	6854	Saxony-Anhalt, Mittelelbe-Saaleregion, Derenburg-MeerenstiegII	V1a
DER015	6950	Saxony-Anhalt, Mittelelbe-Saaleregion, Derenburg-MeerenstiegII	V1a
DER017	6950	Saxony-Anhalt, Mittelelbe-Saaleregion, Derenburg-MeerenstiegII	H2a2
DER018	6950	Saxony-Anhalt, Mittelelbe-Saaleregion, Derenburg-MeerenstiegII	X2b
DER019	6950	Saxony-Anhalt, Mittelelbe-Saaleregion, Derenburg-MeerenstiegII	X2b
DER020	6985	Saxony-Anhalt, Mittelelbe-Saaleregion, Derenburg-MeerenstiegII	H1o
DER021	6950	Saxony-Anhalt, Mittelelbe-Saaleregion, Derenburg-MeerenstiegII	HV+16311
DER022	7058	Saxony-Anhalt, Mittelelbe-Saaleregion, Derenburg-MeerenstiegII	H1j
DER023	6950	Saxony-Anhalt, Mittelelbe-Saaleregion, Derenburg-MeerenstiegII	J1c
DER024	7047	Saxony-Anhalt, Mittelelbe-Saaleregion, Derenburg-MeerenstiegII	T2e
DER026	6950	Saxony-Anhalt, Mittelelbe-Saaleregion, Derenburg-MeerenstiegII	K1a3a3
DER028	6950	Saxony-Anhalt, Mittelelbe-Saaleregion, Derenburg-MeerenstiegII	T2b
DER029	6950	Saxony-Anhalt, Mittelelbe-Saaleregion, Derenburg-MeerenstiegII	H88
DER030	6950	Saxony-Anhalt, Mittelelbe-Saaleregion, Derenburg-MeerenstiegII	R12'21
DER031	7047	Saxony-Anhalt, Mittelelbe-Saaleregion, Derenburg-MeerenstiegII	HV+16311
DER032	7172	Saxony-Anhalt, Mittelelbe-Saaleregion, Derenburg-MeerenstiegII	HV+16311
DER033	6950	Saxony-Anhalt, Mittelelbe-Saaleregion, Derenburg-MeerenstiegII	J1c
DER034	6950	Saxony-Anhalt, Mittelelbe-Saaleregion, Derenburg-MeerenstiegII	K2a
DER035	6950	Saxony-Anhalt, Mittelelbe-Saaleregion, Derenburg-MeerenstiegII	U5a
DER036	6950	Saxony-Anhalt, Mittelelbe-Saaleregion, Derenburg-MeerenstiegII	T2+16189
DER037	7053	Saxony-Anhalt, Mittelelbe-Saaleregion, Derenburg-MeerenstiegII	T2b
BSK001	612	ChüyRegion, Ysyk-AtaDistrict, Kara-DjigachChristiancemetery	HV2a2
BSK002	612	ChüyRegion, Ysyk-AtaDistrict, Kara-DjigachChristiancemetery	T1a1b1
BSK003	657	ChüyRegion, Ysyk-AtaDistrict, Kara-DjigachChristiancemetery	B4c1a2
BSK004	647	ChüyRegion, Buranacemetery	n/a(<2xcov)
BSK005	647	ChüyRegion, Buranacemetery	n/a(<2xcov)
BSK006	654	ChüyRegion, Ysyk-AtaDistrict, Kara-DjigachChristiancemetery	n/a(<2xcov)
BSK007	652	ChüyRegion, Ysyk-AtaDistrict, Kara-DjigachChristiancemetery	n/a(<2xcov)
syr005	1233	TellQarassa	J2a2a1a1
syr013	1235	TellQarassa	R0a2
T21_new	1800	Rome, Casal Bertone	X2n
F4_I	1800	Rome, Casal Bertone	H
T46	1800	Rome, Casal Bertone	H+152
CH13	604	San Miguel Region, Rocha, CH2D01-A	C1d3
CH19B	1311	San Miguel Region, Rocha, CH2D01-A	C1c
FLR008	6183	Calvados, Fleury-sur-Orne	U5b1c
FLR009	5806	Calvados, Fleury-sur-Orne	K1a+195
FLR011	5566	Calvados, Fleury-sur-Orne	H
FLR012	5844	Calvados, Fleury-sur-Orne	U8a1
FLR015	6315	Calvados, Fleury-sur-Orne	K1a+195
f1R	1871	Campania, Pompeii	HV0a
Ess7	6975	Lower Bavaria, Landshunt County, Essenbach-Ammerbreite	U5b2c1
Herx	7078	Rhineland-Palatinate, Herxheim	K1a4a1i
AKT16	8563	Aktopraklık	K1a3
Asp6	7528	Asparn-Schletz	U5a1c1
LEPE52	8093	Lepenski Vir	H3
Nea2	8101	Nea Nikomedeia	K1a
Nea3	8218	Nea Nikomedeia	K1a2c
STAR1	7538	Grad-Starčevo	T2e2
Klein7	8970	Kleinhadersdorf	W1-119
LEPE48	7944	Lepenski Vir	K1a1
Bar25	8316	BarcınHöyük	N1a1a1
Dil16_new	7085	Bavaria, Dillingen-Steinheim	J1c6
VC3-2	7484	Vinča-BeloBrdo	HV-16311
VLASA32	10223	Vlasac	U5a2a
VLASA7	9170	Vlasac	U5a2a
CE003	2553	England, Derbyshire, Carsington Pasture Cave	X2b4
CE004	2236	England, Derbyshire, Carsington Pasture Cave	H10b
KD001	1381	Scotland, Black Isle, Rosemarkie Cave	J1b1a1a
KD003	3800	England, North Yorkshire, West Heslerton	T2e
KD004	2062	Orkney, Westray, Knowe of Skea	H1b
KD005	1844	Scotland, Isle of Skye, High Pasture Cave	H7a1b
KD006	3504	Orkney, Westray, Links of Noltland	T2a1b1a
KD026	5200	Scotland, Isle of Skye, Strathglebe	U5b2c
KD040	3800	England, North Yorkshire, West Heslerton	T2b4h
KD041	3800	England, North Yorkshire, West Heslerton	U5a1+@16192
KD042	1825	Orkney, Westray, Knowe of Skea	U5a1b1a
KD043	1826	Orkney, Westray, Knowe of Skea	H1b
KD044	3425	Orkney, Westray, Links of Noltland	U5b2a3b
KD045	3425	Orkney, Westray, Links of Noltland	J1c2a
KD046	3425	Orkney, Westray, Links of Noltland	T2a1b1a
KD047	3381	Orkney, Westray, Links of Noltland	H39
KD048	3414	Orkney, Westray, Links of Noltland	H39
KD049	3425	Orkney, Westray, Links of Noltland	H39
KD050_65	3454	Orkney, Westray, Links of Noltland	H39
KD052	3425	Orkney, Westray, Links of Noltland	K1a29a
KD055	3425	Orkney, Westray, Links of Noltland	J1c2a
KD057	3425	Orkney, Westray, Links of Noltland	H1n1
KD058	3489	Orkney, Westray, Links of Noltland	K1a3a
KD059	3500	Orkney, Westray, Links of Noltland	T2b21
KD060	3425	Orkney, Westray, Links of Noltland	H1n1
KD061	3425	Orkney, Westray, Links of Noltland	K1c2
KD062	3432	Orkney, Westray, Links of Noltland	U5b2a3b
KD063	3425	Orkney, Westray, Links of Noltland	H58a
KD064	3425	Orkney, Westray, Links of Noltland	T2b21
KD066	3425	Orkney, Westray, Links of Noltland	T2a1b1a
KD067	3425	Orkney, Westray, Links of Noltland	H+195
KD070	4306	England, Northumberland, Low Hauxley	T2e1
KD071	2275	England, North Yorkshire, Knapton Wold	H1b1+16362
KD072	2275	England, North Yorkshire, Knapton Wold	H1b1+16362
KD073	1642	Shetland, Unst, Milla Skerra	J1b1a
AMA001	2248	North Moluccas, Morotai, Aru Manara	B4a1a1
AMA003008	2250	North Moluccas, Morotai, Aru Manara	Q1d
AMA004	1946	North Moluccas, Morotai, Aru Manara	M73a
AMA005	2250	North Moluccas, Morotai, Aru Manara	B4a1a1
AMA009	857	North Moluccas, Morotai, Aru Manara	Q1d
TanjungPinang1	2073	North Moluccas, Morotai, Tanjung Pinang	Q
TanjungPinang2	2150	North Moluccas, Morotai, Tanjung Pinang	Q1
TanjungPinang4	2150	North Moluccas, Morotai, Tanjung Pinang	Q
TanjungPinang6	2150	North Moluccas, Morotai, Tanjung Pinang	B4a1a
Uattamdi1	1824	North Moluccas, Kayoa, Gua Uattamdi	E1a1a1
TOP002	199	Sulawesi, Topogaro	E2a
TOP004	386	Sulawesi, Topogaro	E2a
KMO001	669	East Nusa Tengara, Komodo, Ntodo Leseh	B4a1a1
LIA001002	675	East Nusa Tengara, Flores, Liang Bua	M17a
LIT001	757	East Nusa Tengara, Flores, Liang Toge	E1a2+(16261)
JAB001	509	East Nusa Tengara, Pantar Jareng Bori	M7b1a2a1
VERT113	3823	Ternopil oblast, Verteba Cave, Site 7	HV+16311
VERT107	5600	Ternopil oblast, Verteba Cave, Site 17	T2c1d1
VERT105	5600	Ternopil oblast, Verteba Cave, Site 17	H+152
VERT104	5642	Ternopil oblast, Verteba Cave, Site 7 / Area 1	U5a2+16362
VERT103	5600	Ternopil oblast, Verteba Cave, Site 7 / Area 1	J1c5
VERT100	5646	Ternopil oblast, Verteba Cave, Site 7	J1c2
VERT015	5589	Ternopil oblast, Verteba Cave, Site 17	H
VERT028	5600	Ternopil oblast, Verteba Cave, Site 7 / Area 1	K1a1b1
VERT029	5600	Ternopil oblast, Verteba Cave, Site 7 / Area 1	H15a1
VERT030	5600	Ternopil oblast, Verteba Cave, Site 7 / Area 1	T2b
VERT031	5646	Ternopil oblast, Verteba Cave, Site 7 / Area 1	N1a1a1a
VERT033	5600	Ternopil oblast, Verteba Cave, Site 7 / Area 2	H40
VERT035	5671	Ternopil oblast, Verteba Cave, Site 7 / Area 2	J1c2
VERT111	5600	Ternopil oblast, Verteba Cave, Site 20	K1b1+(16093)
VERT114	2843	Ternopil oblast, Verteba Cave, Site 17	T2
VERT115	5600	Ternopil oblast, Verteba Cave, Site 17	T2
VERT117	5600	Ternopil oblast, Verteba Cave, Site 17	K1a2
VERT118	5600	Ternopil oblast, Verteba Cave, Site 17	K1a2
VERT106	5669	Ternopil oblast, Verteba Cave, Site 17	U5a
MS060	800	Valencia, Castelló, Segorbe Islamic Necropolis	U6a1a1a
BalongKD06	1550	Guangxi, Hechi City, Dahua Yao Autonomous County, Beijing Town, Balong Cave	M7b1a1
BalongKD07	1526	Guangxi, Hechi City, Dahua Yao Autonomous County, Beijing Town, Balong Cave	C7a
BalongKD08	1550	Guangxi, Hechi City, Dahua Yao Autonomous County, Beijing Town, Balong Cave	M7b1a1a
BalongKD10	1489	Guangxi, Hechi City, Dahua Yao Autonomous County, Beijing Town, Balong Cave	M7b1a1
BandaKD11	1372	Guangxi, Hechi City, Dahua Yao Autonomous County, Banda Cave	F2d
BandaKD15	1426	Guangxi, Hechi City, Dahua Yao Autonomous County, Banda Cave	A5b1b
Baojianshan5_M1	7350	Guangxi, Chongzuo City, Longzhou County, Baojianshan Cave A	M75
Baojianshan5_M2	7350	Guangxi, Chongzuo City, Longzhou County, Baojianshan Cave A	M75
CenxunKP05	1372	Guangxi, Baise City, Pingguo County, Taiping Town, Cenxun Cave	M7b1a1+(16192)
CenxunKP07	1327	Guangxi, Baise City, Pingguo County, Taiping Town, Cenxun Cave	M7b1a1a3
CenxunKP13	1384	Guangxi, Baise City, Pingguo County, Taiping Town, Cenxun Cave	M10
Dushan4_1	8707	Guangxi, Dushan	B4a1e
GaofengNL23	227	Guangxi, Hechi City, Nandan County, Lihu Yaozu Town, Huatu Village, Gaofeng Cave	M7c1b2b
HuaqiaoNL26	445	Guangxi, Hechi City, Nandan County, Lihu Yaozu Town, Huaqiao Village, Baitai Mountain, Huaqiao Caves	G1
HuatuyanNL02	386	Guangxi, Hechi City, Nandan County, Lihu Yaozu Town, Huatu Village, Huatuyan Cave	D4e1a3
HuatuyanNL04	400	Guangxi, Hechi City, Nandan County, Lihu Yaozu Town, Huatu Village, Huatuyan Cave	F3a1
HuatuyanNL06	400	Guangxi, Hechi City, Nandan County, Lihu Yaozu Town, Huatu Village, Huatuyan Cave	N9a10+16311
HuatuyanNL11	393	Guangxi, Hechi City, Nandan County, Lihu Yaozu Town, Huatu Village, Huatuyan Cave	M7b1a1
HuatuyanNL17	433	Guangxi, Hechi City, Nandan County, Lihu Yaozu Town, Huatu Village, Huatuyan Cave	D5b4
HuatuyanNL18	400	Guangxi, Hechi City, Nandan County, Lihu Yaozu Town, Huatu Village, Huatuyan Cave	R9b1b
HuatuyanNL19	378	Guangxi, Hechi City, Nandan County, Lihu Yaozu Town, Huatu Village, Huatuyan Cave	R+16189
HuatuyanNL21	405	Guangxi, Hechi City, Nandan County, Lihu Yaozu Town, Huatu Village, Huatuyan Cave	C7a
LadaKH01	1372	Guangxi, Hechi City, Jinchengjiang District, Lada Cave	D4a
LayiKD01	1465	Guangxi, Hechi City, Dahua Yao Autonomous County, Beijing Town, Baida Village, Layi Cave	R9b1a3
Longlin_1	11517	Guangxi, Longlin Cave	M71+151
Qihe3	11564	Fujian, Zhangping, Qihe Cave	R9c1b
QinchangKD13	1439	Guangxi, Hechi City, Dahua Yao Autonomous County, Yantan Town, Qinchang Cave	B4a1e
QinchangKD14	1479	Guangxi, Hechi City, Dahua Yao Autonomous County, Yantan Town, Qinchang Cave	R9b1b
ShenxianKP09	1308	Guangxi, Baise City, Pingguo County, Shenxian Cave	D4a
Yinwang	400	Guangxi, Baise City, Pingguo County, Liming Township, Liming Village, Nian Mountain, Yinwang Cave	M7b1a1a
YiyangKP17	1372	Guangxi, Baise City, Pingguo County, Yiyang Cave	M7b1a1a3
XHM100	3757	Xinjiang, Xiaohe	C4
XHM110	3900	Xinjiang, Xiaohe	C4
XHM135	3778	Xinjiang, Xiaohe	C4
XHM75	3900	Xinjiang, Xiaohe	C4
AYIM22BY	4546	Xinjiang, Ayituohan	U5a1a1
AYIM22BN	4700	Xinjiang, Ayituohan	T2d1a
SSGM16	4637	Xinjiang, Songshugou	H2b
G218M5-2	4775	Xinjiang, Nileke	H15b1
G218M5-3N	4849	Xinjiang, Nileke	U5a'b
GMGM1	3959	Xinjiang, Beifang	C4
11KBM1	3693	Xinjiang, Beifang	C4
L5209	3900	Xinjiang, Xiaohe	C4
L5213	3900	Xinjiang, Xiaohe	R1b1
L4964	3900	Xinjiang, Xiaohe	C4
L6101	3645	Xinjiang, Xiaohe	C4
L6103	3675	Xinjiang, Xiaohe	C4
L6105	3900	Xinjiang, Xiaohe	C4
L6106	3900	Xinjiang, Xiaohe	C4
AKG_10203	1550	Gyeongsangnam-do, Daeseong-dong	D4e2
AKG_10204	1550	Gyeongsangnam-do, Daeseong-dong	D4e2a
AKG_10207	1550	Gyeongsangnam-do, Daeseong-dong	B4c1a1a1a
AKG_10209	1550	Gyeongsangnam-do, Daeseong-dong	M10a1b
AKG_10210	1550	Gyeongsangnam-do, Daeseong-dong	F1b1a1a1
AKG_10218	1550	Gyeongsangnam-do, Daeseong-dong	D4a1
AKG_3420	1550	Gyeongsangnam-do, Yuha-ri	D4a1
AKG_3421	1550	Gyeongsangnam-do, Daeseong-dong	D5a2a1a1
TMH-509	1150	Jász-Nagykun-Szolnok County, Tiszafüred-Majoros-halom	A8a1
TMH-756	1250	Jász-Nagykun-Szolnok County, Tiszafüred-Majoros-halom	T2b25
K1-1	1025	Borsod-Abaúj-Zemplén County, Karos-1	H
K1-10	1025	Borsod-Abaúj-Zemplén County, Karos-1	U3b1b
TCS-5	970	Heves County, Tiszanána-Csehtanya	U4c2
TMH-1273	1263	Jász-Nagykun-Szolnok County, Tiszafüred-Majoros-halom	W3b
CSPF-213	1250	Bács-Kiskun County, Csólyospálos-Felsőpálos	B4b1a3a
CSPF-37	1300	Bács-Kiskun County, Csólyospálos-Felsőpálos	U5a1b1
SZF-43	1300	Csongrád-Csanád County, Szeged-FehértóA	W1c
SZK-102	1300	Csongrád-Csanád County, Szeged-Kundomb	H6a1a
K2-29	970	Borsod-Abaúj-Zemplén County, Karos-2	J1b1a1+146
K2-33	970	Borsod-Abaúj-Zemplén County, Karos-2	U4a1b2
KPM-23	1228	Bács-Kiskun County, Kiskőrös-PohibujMackódűlő	H5a2
KPM-27	1250	Bács-Kiskun County, Kiskőrös-PohibujMackódűlő	X2+225
SH-251	975	Hajdú-Bihar County, Sárrétudvari-Hízóföld	U5a1a1a
SH-41	975	Hajdú-Bihar County, Sárrétudvari-Hízóföld	H1aj
SZM-38	1300	Csongrád-Csanád County, Szeged-Makkoserdő	T2b
SZOD1-127	1325	Csongrád-Csanád County, Szegvár-Oromdűlő	K2a5b
HMSZ-88	950	Bács-Kiskun County, Homokmégy-Székes	C5b1a
IBE-106	900	Szabolcs-Szatmár-Bereg County, Ibrány-Esbóhalom	HV1a1a
VPB-310	1008	Somogy County, Vörs-Papkert-B	D4e4
VPB-561	1000	Somogy County, Vörs-Papkert-B	H17a1
SEI-5	1513	Csongrád-Csanád County, Sándorfalva-Eperjes, Ivótavak	T1a1
SEI-6	1513	Csongrád-Csanád County, Sándorfalva-Eperjes, Ivótavak	H1u
ARK-6	1200	Hajdú-Bihar County, Árkus-Homokbánya	T2
ASZK-1	1525	Győr-Moson-Sopron County, Árpás-Dombiföld, Szérűskert	H5
IBE-90	900	Szabolcs-Szatmár-Bereg County, Ibrány-Esbóhalom	R1a
JHT-130	1150	Jász-Nagykun-Szolnok County, Jánoshida-Tótkérpuszta	H+152
K2-52	1025	Borsod-Abaúj-Zemplén County, Karos-2	X2f
K2-61	1025	Borsod-Abaúj-Zemplén County, Karos-2	U4d2
OBT-56	1200	Békés County, Orosháza-BónumTéglagyár	H1
PLE-115	925	Hajdú-Bihar County, Püspökladány-Eperjesvölgy	N1a1a1a1a
HGO-26	6700	Csongrád-Csanád County, Hódmezővásárhely-Gorzsa	J1c2m
HH-102	1288	Bács-Kiskun County, Homokmégy-Halom	H+195+146
VM-33	6700	Békés County, Vésztő‒Mágori-halom	J1c2
VPB-118	950	Somogy County, Vörs-Papkert-B	H47a
SE-64	970	Csongrád-Csanád County, Sándorfalva-Eperjes	T1a1
SEI-1	1513	Csongrád-Csanád County, Sándorfalva-Eperjes, Ivótavak	T1a1
MH1-23	1000	Hajdú-Bihar County, Magyarhomorog-Kónyadomb	N1a1a1a1a
MH-137	900	Hajdú-Bihar County, Magyarhomorog-Kónyadomb	H11a
ARK-38	1232	Hajdú-Bihar County, Árkus-Homokbánya	U5a2b
ARK-41	1244	Hajdú-Bihar County, Árkus-Homokbánya	B4b1a3a
OBT-3	1200	Békés County, Orosháza-BónumTéglagyár	H1
OBT-51	1230	Békés County, Orosháza-BónumTéglagyár	H74
SH-81	975	Hajdú-Bihar County, Sárrétudvari-Hízóföld	H1c
MT-74	1286	Bács-Kiskun County, Madaras-Téglavető	A+152+16362
NK-2	1000	Pest County, Nagykőrös-Fekete-dűlő	C4d
SE-16	1015	Csongrád-Csanád County, Sándorfalva-Eperjes	J1b1a2a
SE-23	970	Csongrád-Csanád County, Sándorfalva-Eperjes	J1c3k
SSD-151	1265	Csongrád-Csanád County, Sükösd-Ságod	J1c10
SSD-17	1305	Csongrád-Csanád County, Sükösd-Ságod	H56
IBE-176	944	Szabolcs-Szatmár-Bereg County, Ibrány-Esbóhalom	H6a1a
IBE-206	1000	Szabolcs-Szatmár-Bereg County, Ibrány-Esbóhalom	N1b1a3
SZK-213	1300	Csongrád-Csanád County, Szeged-Kundomb	H13a2b2
SZK-83	1275	Csongrád-Csanád County, Szeged-Kundomb	K1a5a
ARK-43	1205	Hajdú-Bihar County, Árkus-Homokbánya	J2a2b2
ARK-48	1150	Hajdú-Bihar County, Árkus-Homokbánya	J2a2b2
SSD-58	1305	Csongrád-Csanád County, Sükösd-Ságod	J2a2b2
SZA-154	1011	Csongrád-Csanád County, Szegvár-Szőlőkalja	B5b4
MH1-9	1000	Hajdú-Bihar County, Magyarhomorog-Kónyadomb	T1a
MH-88	900	Hajdú-Bihar County, Magyarhomorog-Kónyadomb	T1a4
SZM-24	1270	Csongrád-Csanád County, Szeged-Makkoserdő	H1c
SZM-255	1240	Csongrád-Csanád County, Szeged-Makkoserdő	R0a1a
SZKT-265	1200	Csongrád-Csanád County, Székkutas-Kápolnadűlő	U2e1b1
SZKT-311	1263	Csongrád-Csanád County, Székkutas-Kápolnadűlő	K1c1e
VPB-307	1150	Somogy County, Vörs-Papkert-B	H2a1
VPB-31	1150	Somogy County, Vörs-Papkert-B	HV10
CSU-11	1000	Csongrád-Csanád County, Szeged-Csongrádiút	H1c
DK-701	1305	Bács-Kiskun County, Dunavecse-Kovacsosdűlő	V1a1
PLE-28	975	Hajdú-Bihar County, Püspökladány-Eperjesvölgy	U2e1b
PLE-327	900	Hajdú-Bihar County, Püspökladány-Eperjesvölgy	H4a1a1a3
NTH-2	1008	Pest County, Nagytarcsa-Homokbánya	C4b
NTH-20	975	Pest County, Nagytarcsa-Homokbánya	T2b4a
MH-107	900	Hajdú-Bihar County, Magyarhomorog-Kónyadomb	H11a7
MH1-14	1000	Hajdú-Bihar County, Magyarhomorog-Kónyadomb	U5b1b
HMSZ-231	950	Bács-Kiskun County, Homokmégy-Székes	U4a
HMSZ-245	950	Bács-Kiskun County, Homokmégy-Székes	T2e
SZRV-212	1200	Békés County, Szarvas-Grexatéglagyár	N1a1a1
SZRV-266	1162	Békés County, Szarvas-Grexatéglagyár	A+152+16362
K1-3286	1025	Borsod-Abaúj-Zemplén County, Karos-1	H3am
K2-16	1025	Borsod-Abaúj-Zemplén County, Karos-2	X2l
SZAK-4	1000	Győr-Moson-Sopron County, Szakony-Kavicsbánya	HV4a2a
SZAK-6	1000	Győr-Moson-Sopron County, Szakony-Kavicsbánya	A16
PLE-418	870	Hajdú-Bihar County, Püspökladány-Eperjesvölgy	M1a1b1
PLE-441	900	Hajdú-Bihar County, Püspökladány-Eperjesvölgy	U5a1a1h
SZKT-62	1200	Csongrád-Csanád County, Székkutas-Kápolnadűlő	V1a1b
SZKT-70	1200	Csongrád-Csanád County, Székkutas-Kápolnadűlő	H1h1
KFP-31	1300	Bács-Kiskun County, Kunpeszér-Felsőpeszériút, Homokbánya	B4c1b2
KFP-6	1305	Bács-Kiskun County, Kunpeszér-Felsőpeszériút, Homokbánya	H1a3
MM-83	1325	Csongrád-Csanád County, Makó-Mikócsa-halom	C4a1a+195
MS-43	1305	Bács-Kiskun County, Mélykút-Sáncdűlő	K1c2
ARK-29	1220	Hajdú-Bihar County, Árkus-Homokbánya	Z1a
ARK-36	1226	Hajdú-Bihar County, Árkus-Homokbánya	G3a3
TCS-18	963	Heves County, Tiszanána-Csehtanya	J1c3f
TCS-2	1150	Heves County, Tiszanána-Csehtanya	G2a1
LB-1432	1025	Bács-Kiskun County, Ladánybene-Benepuszta	U4d2
MH-106	900	Hajdú-Bihar County, Magyarhomorog-Kónyadomb	H10e
NTH-1	975	Pest County, Nagytarcsa-Homokbánya	U5a1d2b
NTH-19	975	Pest County, Nagytarcsa-Homokbánya	I4a
KD-29	1241	Hajdú-Bihar County, Kaba-Dögös	T1a1
KDA-188	1244	Csongrád-Csanád County, Kiskundorozsma-Daruhalom-dűlő	H1aj
TMH-798	1150	Jász-Nagykun-Szolnok County, Tiszafüred-Majoros-halom	H3h
TTSZ-43	1132	Pest County, Tatárszentgyörgy-Szabadrétpuszta	M7c1a1a1
HMSZ-43	1022	Bács-Kiskun County, Homokmégy-Székes	U5a1c2a1
HMSZ-5	1016	Bács-Kiskun County, Homokmégy-Székes	K1
SZOD1-187	1300	Csongrád-Csanád County, Szegvár-Oromdűlő	G2b2
SZOD1-554	1288	Csongrád-Csanád County, Szegvár-Oromdűlő	G2b2
SZAK-7	1000	Győr-Moson-Sopron County, Szakony-Kavicsbánya	D5a1
SZF-181	1267	Csongrád-Csanád County, Szeged-FehértóA	X2d
VPB-588	950	Somogy County, Vörs-Papkert-B	U4
VPB-600	950	Somogy County, Vörs-Papkert-B	H13a2b2a
VZ-12673	1500	Pest County, Budepest-Vezérutca	D4j12
ALT-414	1150	Jász-Nagykun-Szolnok County, Alattyán-Tulát	H13a2c1
ALT-442	1250	Jász-Nagykun-Szolnok County, Alattyán-Tulát	K2a6
MM-131	1325	Csongrád-Csanád County, Makó-Mikócsa-halom	T2b+152
MM-151	1325	Csongrád-Csanád County, Makó-Mikócsa-halom	F1b1b
AN-286	1305	Csongrád-Csanád County, Apátfalva-Nagyútdűlő	H56
AN-376	1305	Csongrád-Csanád County, Apátfalva-Nagyútdűlő	Y1a1
FU-215	1227	Csongrád-Csanád County, Felgyő-Ürmöstanya	F1b1+@152
HC-168	1285	Bács-Kiskun County, Hajós-Cifrahegy	H7
TMH-199	1223	Jász-Nagykun-Szolnok County, Tiszafüred-Majoros-halom	HV+16311
TMH-388	1275	Jász-Nagykun-Szolnok County, Tiszafüred-Majoros-halom	U4a
CSPF-114	1357	Bács-Kiskun County, Csólyospálos-Felsőpálos	D4o1
CSPF-182	1265	Bács-Kiskun County, Csólyospálos-Felsőpálos	C4a2c
KH-596	975	Csongrád-Csanád County, Kiskundorozsma-Hosszúhát	J1b1a1
KK1-245	1243	Csongrád-Csanád County, Kiskundorozsma-KettőshatárI	N1b1a2
OBH-37	1228	Békés County, Orosháza-Béketsz, Homokbánya	U3b1b
OBH-52	1200	Békés County, Orosháza-Béketsz, Homokbánya	T1a1
PV-205	1226	Csongrád-Csanád County, Pitvaros-Víztározó	H5a1
SE-114	970	Csongrád-Csanád County, Sándorfalva-Eperjes	U4
JHT-154	1250	Jász-Nagykun-Szolnok County, Jánoshida-Tótkérpuszta	H14b
JHT-30	1121	Jász-Nagykun-Szolnok County, Jánoshida-Tótkérpuszta	H2a1
ACG-19	1286	Borsod-Abaúj-Zemplén County, Ároktő-Csík-Gát	H52
AGY-49	1005	Csongrád-Csanád County, Algyő258.kútkörzet	J1c3a2
HH-10	1231	Bács-Kiskun County, Homokmégy-Halom	J1c+16261
HH-22	1250	Bács-Kiskun County, Homokmégy-Halom	U5a1g
K2-18	970	Borsod-Abaúj-Zemplén County, Karos-2	T1a1
K2-26	970	Borsod-Abaúj-Zemplén County, Karos-2	T1a1
OBT-106	1250	Békés County, Orosháza-BónumTéglagyár	A+152+16362
OBT-108	1250	Békés County, Orosháza-BónumTéglagyár	U5a2b2a
SZKT-89	1227	Csongrád-Csanád County, Székkutas-Kápolnadűlő	W5
SZLA-646	1597	Heves County, Szilvásvárad-Lovaspálya	K1c1d
SZA-20	1000	Csongrád-Csanád County, Szegvár-Szőlőkalja	H1a
SZA-29	1000	Csongrád-Csanád County, Szegvár-Szőlőkalja	U8b1b
PLE-38	1003	Hajdú-Bihar County, Püspökladány-Eperjesvölgy	K1a3
PLE-384	870	Hajdú-Bihar County, Püspökladány-Eperjesvölgy	H1q
SZOD-376	875	Csongrád-Csanád County, Szegvár-Oromdűlő	H6b
SZOD-394	1000	Csongrád-Csanád County, Szegvár-Oromdűlő	H6a1b3
AGY-75	1000	Csongrád-Csanád County, Algyő258.kútkörzet	H5a1
AGY-87	1000	Csongrád-Csanád County, Algyő258.kútkörzet	U3b2a
MH1-4	1000	Hajdú-Bihar County, Magyarhomorog-Kónyadomb	N1a1a1a1a
MH-153	900	Hajdú-Bihar County, Magyarhomorog-Kónyadomb	U5a1a2
HMSZ-157	950	Bács-Kiskun County, Homokmégy-Székes	U3a1b
HMSZ-229	950	Bács-Kiskun County, Homokmégy-Székes	H5
SZOD1-76	1325	Csongrád-Csanád County, Szegvár-Oromdűlő	HV2a
SZOD1-829	1288	Csongrád-Csanád County, Szegvár-Oromdűlő	HV4a1
IBE-107	900	Szabolcs-Szatmár-Bereg County, Ibrány-Esbóhalom	I5a2+16086
IBE-116	900	Szabolcs-Szatmár-Bereg County, Ibrány-Esbóhalom	H
ALT-369	1150	Jász-Nagykun-Szolnok County, Alattyán-Tulát	T2a1b1a
ALT-412	1150	Jász-Nagykun-Szolnok County, Alattyán-Tulát	X2k
SP-10	970	Hajdú-Bihar County, Sárrétudvari-Poroshalom	B4d1
SP-2	970	Hajdú-Bihar County, Sárrétudvari-Poroshalom	C4a1a3
MM-240	1410	Csongrád-Csanád County, Makó-Mikócsa-halom	A+152+16362
MM-245	1391	Csongrád-Csanád County, Makó-Mikócsa-halom	D5a2a1a1
KK2-429	1175	Csongrád-Csanád County, Kiskundorozsma-KettőshatárII	H+152
KK2-441	1175	Csongrád-Csanád County, Kiskundorozsma-KettőshatárII	G2a2
SP-9	970	Hajdú-Bihar County, Sárrétudvari-Poroshalom	C4a2a1
SSD-144	1265	Csongrád-Csanád County, Sükösd-Ságod	H1at
Anapa-10	1015	KrasnodarKrai, Anapa-AndreyevskayaShhel	J1c
Anapa-11	1020	KrasnodarKrai, Anapa-AndreyevskayaShhel	J1c
KV-3450	1260	Bács-Kiskun County, Kiskőrös-Vágóhídidűlő	U4b1a1a
KV-3456	1137	Bács-Kiskun County, Kiskőrös-Vágóhídidűlő	C4a1a
PLE-216	975	Hajdú-Bihar County, Püspökladány-Eperjesvölgy	C4a2c
PLE-23	975	Hajdú-Bihar County, Püspökladány-Eperjesvölgy	T2d3
SH-103	1000	Hajdú-Bihar County, Sárrétudvari-Hízóföld	C4a1
SH-106	1000	Hajdú-Bihar County, Sárrétudvari-Hízóföld	W5
FGD-4	1365	Bács-Kiskun County, Fajsz-Garadomb	B4b1a3a
FU-193	1227	Csongrád-Csanád County, Felgyő-Ürmöstanya	U3b1b
KK1-251	1243	Csongrád-Csanád County, Kiskundorozsma-KettőshatárI	H3ag
KK1-252	1270	Csongrád-Csanád County, Kiskundorozsma-KettőshatárI	HV1b
ARK-16	1150	Hajdú-Bihar County, Árkus-Homokbánya	T1a5
ARK-17	1200	Hajdú-Bihar County, Árkus-Homokbánya	HV0e
PV-125	1417	Csongrád-Csanád County, Pitvaros-Víztározó	H17
PV-200	1223	Csongrád-Csanád County, Pitvaros-Víztározó	W3a1d
Anapa-9	857	KrasnodarKrai, Anapa-AndreyevskayaShhel	U5a2a1
ANY-4027	6450	Tolna County, Alsónyék-Bátaszék, Mérnökségitelep	H46
MT-23	1265	Bács-Kiskun County, Madaras-Téglavető	J1c2c2a
MT-29	1290	Bács-Kiskun County, Madaras-Téglavető	U5b2a2b
KeF2-1045	970	Borsod-Abaúj-Zemplén County, Kenézlő-Fazekaszug-2	N1a1a1a1
KFP-30a	1305	Bács-Kiskun County, Kunpeszér-Felsőpeszériút, Homokbánya	B4b1a3a
IBE-154	1000	Szabolcs-Szatmár-Bereg County, Ibrány-Esbóhalom	K2b2
IBE-161	1000	Szabolcs-Szatmár-Bereg County, Ibrány-Esbóhalom	V7a
KK1-368	1230	Csongrád-Csanád County, Kiskundorozsma-KettőshatárI	K1a2c
KK1-541	1270	Csongrád-Csanád County, Kiskundorozsma-KettőshatárI	H1au
SZA-7	1000	Csongrád-Csanád County, Szegvár-Szőlőkalja	H1a1c
SZAK-1	1000	Győr-Moson-Sopron County, Szakony-Kavicsbánya	T2d1b1
AGY-92	1009	Csongrád-Csanád County, Algyő258.kútkörzet	D4j5a
ALT-224	1250	Jász-Nagykun-Szolnok County, Alattyán-Tulát	H1e1b1
SH-12	1000	Hajdú-Bihar County, Sárrétudvari-Hízóföld	U2e1
SH-143	1000	Hajdú-Bihar County, Sárrétudvari-Hízóföld	D4j+16311
K3-6	970	Borsod-Abaúj-Zemplén County, Karos-3	B4d1
KD-16	1200	Hajdú-Bihar County, Kaba-Dögös	U1b2
SH-98	1000	Hajdú-Bihar County, Sárrétudvari-Hízóföld	T2b
SO-5	1000	Hajdú-Bihar County, Sárrétudvari-Őrhalom	C4a1
SH-175	1000	Hajdú-Bihar County, Sárrétudvari-Hízóföld	J2b1a
SH-182	1000	Hajdú-Bihar County, Sárrétudvari-Hízóföld	HV15
SZA-44	1000	Csongrád-Csanád County, Szegvár-Szőlőkalja	J1c5
SZA-52	1000	Csongrád-Csanád County, Szegvár-Szőlőkalja	T2c1d1
MS-45	1322	Bács-Kiskun County, Mélykút-Sáncdűlő	K1c2
MS-50	1270	Bács-Kiskun County, Mélykút-Sáncdűlő	U5a1g
PV-116	1191	Csongrád-Csanád County, Pitvaros-Víztározó	H3b6
PV-12	1200	Csongrád-Csanád County, Pitvaros-Víztározó	HV0e
MSG-1	1476	Mureş County, Marosszentgyörgy-Kerekdomb	M7c1a1a1
MT-17	1265	Bács-Kiskun County, Madaras-Téglavető	H2a1f
SZRV-277	1200	Békés County, Szarvas-Grexatéglagyár	T2b4+152
SZRV-316	1200	Békés County, Szarvas-Grexatéglagyár	W1e1a
VPB-167	1038	Somogy County, Vörs-Papkert-B	T2b+152
VPB-279	1100	Somogy County, Vörs-Papkert-B	U2e1a1
ARK-11	1150	Hajdú-Bihar County, Árkus-Homokbánya	J1c3k
ARK-14	1156	Hajdú-Bihar County, Árkus-Homokbánya	H1c20
CSB-3	1550	Csongrád-Csanád County, Csongrád-Berzsenyiutca	T2b3+151
CSB-9	1350	Csongrád-Csanád County, Csongrád-Berzsenyiutca	H1c22
PLE-195	975	Hajdú-Bihar County, Püspökladány-Eperjesvölgy	H1a
PLE-200	1007	Hajdú-Bihar County, Püspökladány-Eperjesvölgy	X2f
ARK-49	1090	Hajdú-Bihar County, Árkus-Homokbánya	H3
ARK-50	1217	Hajdú-Bihar County, Árkus-Homokbánya	D4b1
SZOD-426	900	Csongrád-Csanád County, Szegvár-Oromdűlő	H6a1a4
SZOD-566	1000	Csongrád-Csanád County, Szegvár-Oromdűlő	N9a9
K3-12	970	Borsod-Abaúj-Zemplén County, Karos-3	A13
K3-13	970	Borsod-Abaúj-Zemplén County, Karos-3	B4d1
HMSZ-50	1021	Bács-Kiskun County, Homokmégy-Székes	H1u2
HMSZ-86	950	Bács-Kiskun County, Homokmégy-Székes	H5b
SZRV-54	1300	Békés County, Szarvas-Grexatéglagyár	A10
SZRV-67	1200	Békés County, Szarvas-Grexatéglagyár	N1a1a1
SZM-259	1300	Csongrád-Csanád County, Szeged-Makkoserdő	U1a1a2
SZM-332	1225	Csongrád-Csanád County, Szeged-Makkoserdő	K1c1
KDA-485	1270	Csongrád-Csanád County, Kiskundorozsma-Daruhalom-dűlő	I5
KDA-517	1270	Csongrád-Csanád County, Kiskundorozsma-Daruhalom-dűlő	H16c
SZK-130	1200	Csongrád-Csanád County, Szeged-Kundomb	H
SZK-180	1275	Csongrád-Csanád County, Szeged-Kundomb	H
ARK-21	1069	Hajdú-Bihar County, Árkus-Homokbánya	G3a3
ARK-24	1224	Hajdú-Bihar County, Árkus-Homokbánya	T1a5
ALT-596	1150	Jász-Nagykun-Szolnok County, Alattyán-Tulát	T1a1
ALT-77	1314	Jász-Nagykun-Szolnok County, Alattyán-Tulát	H13a2c1
SZRV-147	1275	Békés County, Szarvas-Grexatéglagyár	K1a4j
SZRV-168	1263	Békés County, Szarvas-Grexatéglagyár	T2b
SZF-26	1263	Csongrád-Csanád County, Szeged-FehértóA	J1c10
SZF-371	1288	Csongrád-Csanád County, Szeged-FehértóA	Y1a1
KK2-445	1175	Csongrád-Csanád County, Kiskundorozsma-KettőshatárII	HV0
KK2-670	1175	Csongrád-Csanád County, Kiskundorozsma-KettőshatárII	C4
MM-61	1333	Csongrád-Csanád County, Makó-Mikócsa-halom	H1bn
MM-80	1328	Csongrád-Csanád County, Makó-Mikócsa-halom	N9a9
KV-3367	1265	Bács-Kiskun County, Kiskőrös-Vágóhídidűlő	J1c9
KV-3369	1417	Bács-Kiskun County, Kiskőrös-Vágóhídidűlő	G2b2
KFP-7	1367	Bács-Kiskun County, Kunpeszér-Felsőpeszériút, Homokbánya	N
KH-500	975	Csongrád-Csanád County, Kiskundorozsma-Hosszúhát	K1a
BK-2	975	Pest County, Bugyi-Kisványpuszta	U5a2b2a
CS-465	1305	Pest County, Csepel-Kavicsbánya	C4b6
KMT-2785	1509	Bács-Kiskun County, Kecskemét-Mindszenti-dűlő-RL	D4j8
KPM-14	1310	Bács-Kiskun County, Kiskőrös-PohibujMackódűlő	H13a2c1
SSD-198	1265	Csongrád-Csanád County, Sükösd-Ságod	H
SSD-35	1259	Csongrád-Csanád County, Sükösd-Ságod	K1b1a1+199
KDA-520	1270	Csongrád-Csanád County, Kiskundorozsma-Daruhalom-dűlő	T2c1+146
KeF1-10936	970	Borsod-Abaúj-Zemplén County, Kenézlő-Fazekaszug-1	C4b
ARK-19	1150	Hajdú-Bihar County, Árkus-Homokbánya	Z1a
ARK-20	1150	Hajdú-Bihar County, Árkus-Homokbánya	Z1a
SEO-3	1000	Csongrád-Csanád County, Szeged-Öthalom	U2e1h
SEO-4	1000	Csongrád-Csanád County, Szeged-Öthalom	T2g1a
PLE-57	975	Hajdú-Bihar County, Püspökladány-Eperjesvölgy	J2b1c
PLE-95	925	Hajdú-Bihar County, Püspökladány-Eperjesvölgy	H16a1
A1801	1300	Danube-Tisza Interfluve, Budapest-Csepel-Kavicsbánya	C4b6
A1802	1300	Danube-Tisza Interfluve, Kunbábony	D4j5a
A1804	1300	Transtisza region, Szarvas -Kovács-halom site 8/1	D5b1
A1805	1300	Transtisza region, Szarvas -Kovács-halom site 8/1	H5a2
A1806	1300	Transtisza region, Szarvas -Kovács-halom site 8/1	D4i2
A1807	1300	Transtisza region, Szarvas -Kovács-halom site 8/1	C4a1a4a
A1809	1175	Danube-Tisza Interfluve, Kunszállás-Fülöpjakab	T1a1+@152
A1810	1200	Danube-Tisza Interfluve, Kunszállás-Fülöpjakab	U5b1b
A181013	1500	Danube-Tisza Interfluve, Kecskemét-Mindszenti-dűlő	H5
A181014	1500	Danube-Tisza Interfluve, Kecskemét-Mindszenti-dűlő	K1a4a1
A181015	1500	Danube-Tisza Interfluve, Kecskemét-Mindszenti-dűlő	U2e1h
A181016	1500	Danube-Tisza Interfluve, Kecskemét-Mindszenti-dűlő	H1cf
A181017	1500	Danube-Tisza Interfluve, Kecskemét-Mindszenti-dűlő	H7
A181018	1500	Danube-Tisza Interfluve, Kecskemét-Mindszenti-dűlő	H+16291
A181019	1500	Danube-Tisza Interfluve, Kecskemét-Mindszenti-dűlő	K1a4a1
A181020	1500	Danube-Tisza Interfluve, Kecskemét-Mindszenti-dűlő	C5c+16234
A181021	1550	Transtisza region, Hajdúnánás-Fürj-halom-dűlő 2. site, M3/40A	T2b
A181022	1550	Transtisza region, Hajdúnánás-Fürj-halom-dűlő 2. site, M3/40A	H59
A181023	1550	Transtisza region, Hajdúnánás-Fürj-halom-dűlő 2. site, M3/40A	I1a1a
A181024	1550	Transtisza region, Hajdúnánás-Fürj-halom-dűlő 2. site, M3/40A	J1c3
A181025	1550	Transtisza region, Hajdúnánás-Fürj-halom-dűlő 2. site, M3/40A	T2b
A181026	1550	Transtisza region, Hajdúnánás-Fürj-halom-dűlő 2. site, M3/40A	HV0
A181027	1550	Transtisza region, Hajdúnánás-Fürj-halom-dűlő 2. site, M3/40A	H1m
A181028	1550	Transtisza region, Hajdúnánás-Fürj-halom-dűlő 2. site, M3/40A	T1a1b
A181029	1500	North Transdanubia, Árpás-Dombiföld- Szérüskert	H5
A1811	1200	Danube-Tisza Interfluve, Kunszállás-Fülöpjakab	F1b1f
A1812	1300	Danube-Tisza Interfluve, Kunszállás-Fülöpjakab	F1b1f
A1813	1250	Danube-Tisza Interfluve, Kunszállás-Fülöpjakab	C4a1a4
A1814	1175	Danube-Tisza Interfluve, Kunszállás-Fülöpjakab	T1a1+@152
A1815	1200	Danube-Tisza Interfluve, Kunszállás-Fülöpjakab	C4a1a4
A1816	1300	Danube-Tisza Interfluve, Kunpeszér - Felsőpeszéri út	U5a1+@16192
A1817	1300	Danube-Tisza Interfluve, Kunpeszér - Felsőpeszéri út	H8a1
A1818	1300	Danube-Tisza Interfluve, Kunpeszér - Felsőpeszéri út	R2+13500
A1819	1300	Danube-Tisza Interfluve, Petőfiszállás	Z1a1
A1821	1300	Danube-Tisza Interfluve, Kunpeszér - Felsőpeszéri út	F1b1b
A1822	1300	Danube-Tisza Interfluve, Kunpeszér - Felsőpeszéri út	M7c1b2b
A1823	1300	Danube-Tisza Interfluve, Kecskemét-Sallai út	Y1a1
A1824	1325	South Transdanubia, Kölked -Feketekapu	K1a17a
UKY001	13929	Siberia, Eastern Siberia, Ust'Kyakhta	C4
I21392	5680	England, Gloucestershire, Cheltenham, Hazleton North	J2b1a
I10252	1850	Vardbakh, Yerevan 2 Cave	U7b
I15620	5950	Urziceni	H1
I18116	5950	Urziceni	N1b1a
I19340	3285	Karashamb Cemetery	U1a1a1a
I13170	2550	Velika Gruda	X1'2'3
I14343	4325	Berkaber, Dzhoghaz Cemetery Meydanner	U3b1a1
I17633	2500	Norteastern, Kukes District, Çinamak	H+152
I18114	5950	Urziceni	J1c6a
I19456	4450	Kazanlak, Tell Kran (Central, Yasenovo)	U2e1a1
I1944	9800	Ganj Dareh	R2+13500
I1951	9848	Ganj Dareh	HV
I7241	3850	Ninh Binh province, Yên Mô District, Man Bac	R
I1877	7567	Alsonyek-Bataszek, Mérnöki telep	X2d
